index,Category,brand,model,colour,product description,price in INR,rating,review
0.0,Electronics,Samsung,Galaxy S24 Ultra,Phantom Black,"The Samsung Galaxy S24 Ultra is a high-performance flagship smartphone designed for modern mobile users. It is powered by the Qualcomm Snapdragon 8 Gen 3 processor paired with LPDDR5 RAM and UFS 3.1 high-speed storage. The device features a 6.8-inch QHD+ 120Hz Dynamic AMOLED 2X display with 2600 nits peak brightness and Gorilla Armor. For photography and videography, it houses a versatile camera system featuring a 200MP OIS primary sensor, 50MP periscope telephoto with 5x optical zoom, 10MP 3x telephoto, and 12MP ultrawide. The smartphone is powered by a 5000mAh battery with 45W wired fast charging, 15W wireless charging, and reverse wireless support. It operates on the latest OS release with enterprise-grade security updates and optimized thermal management.",129999,4.7,"Extremely satisfied with the purchase! The camera quality is outstanding, especially in low light, and the battery comfortably lasts over a day. However, the phone is slightly heavy for single-handed use."
1.0,Electronics,Samsung,Galaxy S24 Plus,Titanium Gray,"The Samsung Galaxy S24 Plus is a high-performance flagship smartphone designed for modern mobile users. It is powered by the Apple A17 Pro (3nm) processor paired with LPDDR5X RAM paired with 256GB UFS 4.0 internal storage. The device features a 6.7-inch Super Retina XDR OLED display with ProMotion 120Hz adaptive refresh rate and outdoor peak 2000 nits. For photography and videography, it houses a versatile camera system featuring a 48MP main sensor with sensor-shift OIS, 12MP 5x tetraprism optical zoom telephoto, and 12MP ultrawide. The smartphone is powered by a 4422mAh battery with MagSafe 15W wireless charging and high efficiency battery optimization. It operates on the latest OS release with enterprise-grade security updates and optimized thermal management.",109999,4.4,Blazing fast performance for daily multitasking and heavy gaming. The display is vibrant and easily readable under bright sunlight. Though the secondary ultrawide camera could be slightly better in low light.
2.0,Electronics,Samsung,Galaxy S24,Natural Titanium,"The Samsung Galaxy S24 is a high-performance flagship smartphone designed for modern mobile users. It is powered by the Google Tensor G3 processor paired with 12GB LPDDR5X ultra-fast RAM and 256GB UFS 4.0 storage. The device features a 6.7-inch Super Actua LTPO OLED display with 1-120Hz variable refresh rate and 2400 nits peak brightness. For photography and videography, it houses a versatile camera system featuring a 50MP primary camera with OIS, 48MP ultrawide with macro focus, and 48MP telephoto with 5x optical zoom. The smartphone is powered by a 5050mAh battery with 30W wired charging and 23W wireless charging capability. It operates on the latest OS release with enterprise-grade security updates and optimized thermal management.",79999,3.9,"Great value for money smartphone in this price point. Clean UI experience and fast charging makes daily usage hassle-free. On the downside, charging speed could be slightly faster compared to rivals."
3.0,Electronics,Apple,iPhone 15 Pro Max,Oasis Green,"The Apple iPhone 15 Pro Max is a high-performance flagship smartphone designed for modern mobile users. It is powered by the MediaTek Dimensity 9300 processor paired with 12GB LPDDR5X RAM with generous 512GB UFS 4.0 storage. The device features a 6.82-inch 2K 120Hz Curved LTPO AMOLED display with 4500 nits peak brightness and Dolby Vision. For photography and videography, it houses a versatile camera system featuring a 50MP Sony LYT-808 primary sensor, 64MP periscope telephoto (3x optical, 120x digital), and 48MP ultrawide with Hasselblad color tuning. The smartphone is powered by a 5400mAh dual-cell battery supported by 100W SUPERVOOC fast charging (0-100% in 26 mins) and 50W AIRVOOC wireless. It operates on the latest OS release with enterprise-grade security updates and optimized thermal management.",179900,4.8,"The build quality feels high-end and comfortable to hold. Photos taken with the main lens are sharp with natural color tones. However, a fast wall adapter is not included inside the box."
4.0,Electronics,Apple,iPhone 15 Pro,Midnight Blue,"The Apple iPhone 15 Pro is a high-performance flagship smartphone designed for modern mobile users. It is powered by the Qualcomm Snapdragon 8 Gen 3 processor paired with 16GB heavy-multitasking LPDDR5X RAM and 512GB UFS 4.0 storage. The device features a 6.78-inch 1.5K 144Hz 8T LTPO AMOLED display with 3000 nits brightness and 2160Hz PWM dimming. For photography and videography, it houses a versatile camera system featuring a 1-inch 50MP Sony LYT-900 primary camera with stepless variable aperture (f/1.63-f/4.0) co-engineered with Leica. The smartphone is powered by a 5000mAh graphite battery with 120W FlashCharge (0-100% in ~27 mins). It operates on the latest OS release with enterprise-grade security updates and optimized thermal management.",144900,4.5,Incredible display clarity and high refresh rate make scrolling and gaming super smooth. Charging speed is amazingly fast. Though system software comes with a few preinstalled apps that require manual uninstalling.
5.0,Electronics,Apple,iPhone 15 Plus,Sunset Orange,"The Apple iPhone 15 Plus is a high-performance flagship smartphone designed for modern mobile users. It is powered by the Apple A17 Pro (3nm) processor paired with 16GB flagship LPDDR5X RAM paired with massive 1TB UFS 4.0 storage. The device features a 6.67-inch 1.5K 120Hz CrystalRes AMOLED display with Dolby Vision and Gorilla Glass Victus. For photography and videography, it houses a versatile camera system featuring a 50MP 1-inch Sony IMX989 sensor with OIS, 50MP ZEISS APO Floating Telephoto with 4.3x optical zoom and ZEISS T* anti-reflective coating. The smartphone is powered by a 5500mAh dual-cell battery with 120W SUPERVOOC superfast charging. It operates on the latest OS release with enterprise-grade security updates and optimized thermal management.",119900,4.7,Top-notch camera setup with exceptional portrait modes and zoom capability. Software runs smooth without any stutters. Keep in mind that there is no expandable microSD card slot or 3.5mm headphone jack.
6.0,Electronics,Apple,iPhone 15,Emerald Green,"The Apple iPhone 15 is a high-performance flagship smartphone designed for modern mobile users. It is powered by the Google Tensor G3 processor paired with LPDDR5 RAM and UFS 3.1 high-speed storage. The device features a 6.7-inch 120Hz Flexible AMOLED screen with 1300 nits brightness and iconic transparent Glyph LED interface. For photography and videography, it houses a versatile camera system featuring a 50MP Sony LYT-808 main camera with OIS, 50MP telephoto portrait lens (2x optical zoom), and Next AI image processing. The smartphone is powered by a 5200mAh silicon-carbon high density battery with 100W wired and 66W wireless charging. It operates on the latest OS release with enterprise-grade security updates and optimized thermal management.",79900,4.0,"Solid battery endurance paired with rapid charging. Handles demanding mobile titles without thermal throttling. However, the camera bump on the back is quite prominent."
7.0,Electronics,Google,Pixel 8 Pro,Starlight Silver,"The Google Pixel 8 Pro is a high-performance flagship smartphone designed for modern mobile users. It is powered by the MediaTek Dimensity 9300 processor paired with LPDDR5X RAM paired with 256GB UFS 4.0 internal storage. The device features a 6.6-inch FHD+ 120Hz Super AMOLED display with Knox Vault security and Vision Booster. For photography and videography, it houses a versatile camera system featuring a 50MP primary sensor with OIS, 50MP ultrawide with macro mode, and 64MP periscope telephoto with 3x optical zoom. The smartphone is powered by a 5500mAh heavy-duty battery with 100W SUPERVOOC charging maintaining health over 4 years. It operates on the latest OS release with enterprise-grade security updates and optimized thermal management.",113999,4.3,"Sleek aesthetic design that turns heads. System software is intuitive, responsive, and packed with practical AI features. Though curved display edges occasionally trigger accidental palm touches."
8.0,Electronics,Google,Pixel 8a,Glacier White,"The Google Pixel 8a is a high-performance mid-range smartphone designed for modern mobile users. It is powered by the Exynos 1480 (4nm) processor paired with 12GB LPDDR5X ultra-fast RAM and 256GB UFS 4.0 storage. The device features a 6.74-inch 1.5K 120Hz Ultra Clear AMOLED with Aqua Touch wet-finger technology and 2150 nits brightness. For photography and videography, it houses a versatile camera system featuring a Dual 50MP rear camera sensors (Primary OIS + 114-degree Ultrawide) powered by Ultra XDR photography engine. The smartphone is powered by a 5000mAh battery with 90W Turbo Charge support included in the box. It operates on the latest OS release with enterprise-grade security updates and optimized thermal management.",59999,4.7,"Extremely satisfied with the purchase! The camera quality is outstanding, especially in low light, and the battery comfortably lasts over a day. However, the phone is slightly heavy for single-handed use."
9.0,Electronics,OnePlus,12 5G,Asteroid Black,"The OnePlus 12 5G is a high-performance flagship smartphone designed for modern mobile users. It is powered by the Apple A17 Pro (3nm) processor paired with 12GB LPDDR5X RAM with generous 512GB UFS 4.0 storage. The device features a 6.67-inch 1.5K 3D Curved AMOLED with 120Hz refresh rate, 1800 nits peak brightness and IP68 protection. For photography and videography, it houses a versatile camera system featuring a 200MP Samsung ISOCELL HP3 camera with OIS, 4x in-sensor lossless zoom, 8MP ultrawide, and 2MP macro lens. The smartphone is powered by a 5000mAh battery supporting 33W fast charging and 5W reverse wired charging. It operates on the latest OS release with enterprise-grade security updates and optimized thermal management.",69999,3.9,Blazing fast performance for daily multitasking and heavy gaming. The display is vibrant and easily readable under bright sunlight. Though the secondary ultrawide camera could be slightly better in low light.
10.0,Electronics,OnePlus,12R 5G,Ocean Cyan,"The OnePlus 12R 5G is a high-performance upper mid-range smartphone designed for modern mobile users. It is powered by the Qualcomm Snapdragon 7+ Gen 3 processor paired with 16GB heavy-multitasking LPDDR5X RAM and 512GB UFS 4.0 storage. The device features a 6.8-inch QHD+ 120Hz Dynamic AMOLED 2X display with 2600 nits peak brightness and Gorilla Armor. For photography and videography, it houses a versatile camera system featuring a 200MP OIS primary sensor, 50MP periscope telephoto with 5x optical zoom, 10MP 3x telephoto, and 12MP ultrawide. The smartphone is powered by a 5000mAh battery with 45W wired fast charging, 15W wireless charging, and reverse wireless support. It operates on the latest OS release with enterprise-grade security updates and optimized thermal management.",42999,3.9,"Great value for money smartphone in this price point. Clean UI experience and fast charging makes daily usage hassle-free. On the downside, charging speed could be slightly faster compared to rivals."
11.0,Electronics,Xiaomi,14 Ultra 5G,Peach Fuzz,"The Xiaomi 14 Ultra 5G is a high-performance flagship smartphone designed for modern mobile users. It is powered by the MediaTek Dimensity 9300 processor paired with 16GB flagship LPDDR5X RAM paired with massive 1TB UFS 4.0 storage. The device features a 6.7-inch Super Retina XDR OLED display with ProMotion 120Hz adaptive refresh rate and outdoor peak 2000 nits. For photography and videography, it houses a versatile camera system featuring a 48MP main sensor with sensor-shift OIS, 12MP 5x tetraprism optical zoom telephoto, and 12MP ultrawide. The smartphone is powered by a 4422mAh battery with MagSafe 15W wireless charging and high efficiency battery optimization. It operates on the latest OS release with enterprise-grade security updates and optimized thermal management.",119999,4.8,"The build quality feels high-end and comfortable to hold. Photos taken with the main lens are sharp with natural color tones. However, a fast wall adapter is not included inside the box."
12.0,Electronics,Xiaomi,14 Civi,Phantom Black,"The Xiaomi 14 Civi is a high-performance upper mid-range smartphone designed for modern mobile users. It is powered by the Qualcomm Snapdragon 8s Gen 3 processor paired with LPDDR5 RAM and UFS 3.1 high-speed storage. The device features a 6.7-inch Super Actua LTPO OLED display with 1-120Hz variable refresh rate and 2400 nits peak brightness. For photography and videography, it houses a versatile camera system featuring a 50MP primary camera with OIS, 48MP ultrawide with macro focus, and 48MP telephoto with 5x optical zoom. The smartphone is powered by a 5050mAh battery with 30W wired charging and 23W wireless charging capability. It operates on the latest OS release with enterprise-grade security updates and optimized thermal management.",42999,4.5,Incredible display clarity and high refresh rate make scrolling and gaming super smooth. Charging speed is amazingly fast. Though system software comes with a few preinstalled apps that require manual uninstalling.
13.0,Electronics,Vivo,X100 Pro 5G,Titanium Gray,"The Vivo X100 Pro 5G is a high-performance flagship smartphone designed for modern mobile users. It is powered by the Apple A17 Pro (3nm) processor paired with LPDDR5X RAM paired with 256GB UFS 4.0 internal storage. The device features a 6.82-inch 2K 120Hz Curved LTPO AMOLED display with 4500 nits peak brightness and Dolby Vision. For photography and videography, it houses a versatile camera system featuring a 50MP Sony LYT-808 primary sensor, 64MP periscope telephoto (3x optical, 120x digital), and 48MP ultrawide with Hasselblad color tuning. The smartphone is powered by a 5400mAh dual-cell battery supported by 100W SUPERVOOC fast charging (0-100% in 26 mins) and 50W AIRVOOC wireless. It operates on the latest OS release with enterprise-grade security updates and optimized thermal management.",94999,4.4,Top-notch camera setup with exceptional portrait modes and zoom capability. Software runs smooth without any stutters. Keep in mind that there is no expandable microSD card slot or 3.5mm headphone jack.
14.0,Electronics,Vivo,V30 Pro 5G,Natural Titanium,"The Vivo V30 Pro 5G is a high-performance mid-range smartphone designed for modern mobile users. It is powered by the Exynos 1480 (4nm) processor paired with 12GB LPDDR5X ultra-fast RAM and 256GB UFS 4.0 storage. The device features a 6.78-inch 1.5K 144Hz 8T LTPO AMOLED display with 3000 nits brightness and 2160Hz PWM dimming. For photography and videography, it houses a versatile camera system featuring a 1-inch 50MP Sony LYT-900 primary camera with stepless variable aperture (f/1.63-f/4.0) co-engineered with Leica. The smartphone is powered by a 5000mAh graphite battery with 120W FlashCharge (0-100% in ~27 mins). It operates on the latest OS release with enterprise-grade security updates and optimized thermal management.",46999,4.8,"Solid battery endurance paired with rapid charging. Handles demanding mobile titles without thermal throttling. However, the camera bump on the back is quite prominent."
15.0,Electronics,iQOO,12 5G,Oasis Green,"The iQOO 12 5G is a high-performance performance flagship smartphone designed for modern mobile users. It is powered by the Qualcomm Snapdragon 8 Gen 3 processor paired with 12GB LPDDR5X RAM with generous 512GB UFS 4.0 storage. The device features a 6.67-inch 1.5K 120Hz CrystalRes AMOLED display with Dolby Vision and Gorilla Glass Victus. For photography and videography, it houses a versatile camera system featuring a 50MP 1-inch Sony IMX989 sensor with OIS, 50MP ZEISS APO Floating Telephoto with 4.3x optical zoom and ZEISS T* anti-reflective coating. The smartphone is powered by a 5500mAh dual-cell battery with 120W SUPERVOOC superfast charging. It operates on the latest OS release with enterprise-grade security updates and optimized thermal management.",57999,4.8,"Sleek aesthetic design that turns heads. System software is intuitive, responsive, and packed with practical AI features. Though curved display edges occasionally trigger accidental palm touches."
16.0,Electronics,iQOO,Neo 9 Pro 5G,Midnight Blue,"The iQOO Neo 9 Pro 5G is a high-performance performance mid-range smartphone designed for modern mobile users. It is powered by the Qualcomm Snapdragon 7+ Gen 3 processor paired with 16GB heavy-multitasking LPDDR5X RAM and 512GB UFS 4.0 storage. The device features a 6.7-inch 120Hz Flexible AMOLED screen with 1300 nits brightness and iconic transparent Glyph LED interface. For photography and videography, it houses a versatile camera system featuring a 50MP Sony LYT-808 main camera with OIS, 50MP telephoto portrait lens (2x optical zoom), and Next AI image processing. The smartphone is powered by a 5200mAh silicon-carbon high density battery with 100W wired and 66W wireless charging. It operates on the latest OS release with enterprise-grade security updates and optimized thermal management.",37999,4.3,"Extremely satisfied with the purchase! The camera quality is outstanding, especially in low light, and the battery comfortably lasts over a day. However, the phone is slightly heavy for single-handed use."
17.0,Electronics,Realme,GT 6 5G,Sunset Orange,"The Realme GT 6 5G is a high-performance upper mid-range smartphone designed for modern mobile users. It is powered by the MediaTek Dimensity 8300 Ultra processor paired with 16GB flagship LPDDR5X RAM paired with massive 1TB UFS 4.0 storage. The device features a 6.6-inch FHD+ 120Hz Super AMOLED display with Knox Vault security and Vision Booster. For photography and videography, it houses a versatile camera system featuring a 50MP primary sensor with OIS, 50MP ultrawide with macro mode, and 64MP periscope telephoto with 3x optical zoom. The smartphone is powered by a 5500mAh heavy-duty battery with 100W SUPERVOOC charging maintaining health over 4 years. It operates on the latest OS release with enterprise-grade security updates and optimized thermal management.",44999,4.6,Blazing fast performance for daily multitasking and heavy gaming. The display is vibrant and easily readable under bright sunlight. Though the secondary ultrawide camera could be slightly better in low light.
18.0,Electronics,Realme,GT 6T 5G,Emerald Green,"The Realme GT 6T 5G is a high-performance mid-range smartphone designed for modern mobile users. It is powered by the Qualcomm Snapdragon 7 Gen 3 processor paired with LPDDR5 RAM and UFS 3.1 high-speed storage. The device features a 6.74-inch 1.5K 120Hz Ultra Clear AMOLED with Aqua Touch wet-finger technology and 2150 nits brightness. For photography and videography, it houses a versatile camera system featuring a Dual 50MP rear camera sensors (Primary OIS + 114-degree Ultrawide) powered by Ultra XDR photography engine. The smartphone is powered by a 5000mAh battery with 90W Turbo Charge support included in the box. It operates on the latest OS release with enterprise-grade security updates and optimized thermal management.",30999,4.5,"Great value for money smartphone in this price point. Clean UI experience and fast charging makes daily usage hassle-free. On the downside, charging speed could be slightly faster compared to rivals."
19.0,Electronics,Motorola,Edge 50 Ultra,Starlight Silver,"The Motorola Edge 50 Ultra is a high-performance flagship smartphone designed for modern mobile users. It is powered by the MediaTek Dimensity 9300 processor paired with LPDDR5X RAM paired with 256GB UFS 4.0 internal storage. The device features a 6.67-inch 1.5K 3D Curved AMOLED with 120Hz refresh rate, 1800 nits peak brightness and IP68 protection. For photography and videography, it houses a versatile camera system featuring a 200MP Samsung ISOCELL HP3 camera with OIS, 4x in-sensor lossless zoom, 8MP ultrawide, and 2MP macro lens. The smartphone is powered by a 5000mAh battery supporting 33W fast charging and 5W reverse wired charging. It operates on the latest OS release with enterprise-grade security updates and optimized thermal management.",64999,4.2,"The build quality feels high-end and comfortable to hold. Photos taken with the main lens are sharp with natural color tones. However, a fast wall adapter is not included inside the box."
20.0,Electronics,Motorola,Edge 50 Pro,Glacier White,"The Motorola Edge 50 Pro is a high-performance mid-range smartphone designed for modern mobile users. It is powered by the Exynos 1480 (4nm) processor paired with 12GB LPDDR5X ultra-fast RAM and 256GB UFS 4.0 storage. The device features a 6.8-inch QHD+ 120Hz Dynamic AMOLED 2X display with 2600 nits peak brightness and Gorilla Armor. For photography and videography, it houses a versatile camera system featuring a 200MP OIS primary sensor, 50MP periscope telephoto with 5x optical zoom, 10MP 3x telephoto, and 12MP ultrawide. The smartphone is powered by a 5000mAh battery with 45W wired fast charging, 15W wireless charging, and reverse wireless support. It operates on the latest OS release with enterprise-grade security updates and optimized thermal management.",35999,4.8,Incredible display clarity and high refresh rate make scrolling and gaming super smooth. Charging speed is amazingly fast. Though system software comes with a few preinstalled apps that require manual uninstalling.
21.0,Electronics,Motorola,Edge 50 Fusion,Asteroid Black,"The Motorola Edge 50 Fusion is a high-performance budget mid-range smartphone designed for modern mobile users. It is powered by the Qualcomm Snapdragon 6 Gen 1 processor paired with 12GB LPDDR5X RAM with generous 512GB UFS 4.0 storage. The device features a 6.7-inch Super Retina XDR OLED display with ProMotion 120Hz adaptive refresh rate and outdoor peak 2000 nits. For photography and videography, it houses a versatile camera system featuring a 48MP main sensor with sensor-shift OIS, 12MP 5x tetraprism optical zoom telephoto, and 12MP ultrawide. The smartphone is powered by a 4422mAh battery with MagSafe 15W wireless charging and high efficiency battery optimization. It operates on the latest OS release with enterprise-grade security updates and optimized thermal management.",24999,4.6,Top-notch camera setup with exceptional portrait modes and zoom capability. Software runs smooth without any stutters. Keep in mind that there is no expandable microSD card slot or 3.5mm headphone jack.
22.0,Electronics,Nothing,Phone,2,"The Nothing Phone (2) is a high-performance upper mid-range smartphone designed for modern mobile users. It is powered by the Qualcomm Snapdragon 7+ Gen 3 processor paired with 16GB heavy-multitasking LPDDR5X RAM and 512GB UFS 4.0 storage. The device features a 6.7-inch Super Actua LTPO OLED display with 1-120Hz variable refresh rate and 2400 nits peak brightness. For photography and videography, it houses a versatile camera system featuring a 50MP primary camera with OIS, 48MP ultrawide with macro focus, and 48MP telephoto with 5x optical zoom. The smartphone is powered by a 5050mAh battery with 30W wired charging and 23W wireless charging capability. It operates on the latest OS release with enterprise-grade security updates and optimized thermal management.",39999,4.2,"Solid battery endurance paired with rapid charging. Handles demanding mobile titles without thermal throttling. However, the camera bump on the back is quite prominent."
23.0,Electronics,Nothing,Phone,2a,"The Nothing Phone (2a) is a high-performance budget mid-range smartphone designed for modern mobile users. It is powered by the Snapdragon 7s Gen 2 processor paired with 16GB flagship LPDDR5X RAM paired with massive 1TB UFS 4.0 storage. The device features a 6.82-inch 2K 120Hz Curved LTPO AMOLED display with 4500 nits peak brightness and Dolby Vision. For photography and videography, it houses a versatile camera system featuring a 50MP Sony LYT-808 primary sensor, 64MP periscope telephoto (3x optical, 120x digital), and 48MP ultrawide with Hasselblad color tuning. The smartphone is powered by a 5400mAh dual-cell battery supported by 100W SUPERVOOC fast charging (0-100% in 26 mins) and 50W AIRVOOC wireless. It operates on the latest OS release with enterprise-grade security updates and optimized thermal management.",27999,4.5,"Sleek aesthetic design that turns heads. System software is intuitive, responsive, and packed with practical AI features. Though curved display edges occasionally trigger accidental palm touches."
24.0,Electronics,POCO,F6 Pro 5G,Phantom Black,"The Poco F6 Pro 5G is a high-performance performance mid-range smartphone designed for modern mobile users. It is powered by the Qualcomm Snapdragon 8 Gen 2 processor paired with LPDDR5 RAM and UFS 3.1 high-speed storage. The device features a 6.78-inch 1.5K 144Hz 8T LTPO AMOLED display with 3000 nits brightness and 2160Hz PWM dimming. For photography and videography, it houses a versatile camera system featuring a 1-inch 50MP Sony LYT-900 primary camera with stepless variable aperture (f/1.63-f/4.0) co-engineered with Leica. The smartphone is powered by a 5000mAh graphite battery with 120W FlashCharge (0-100% in ~27 mins). It operates on the latest OS release with enterprise-grade security updates and optimized thermal management.",38999,4.1,"Extremely satisfied with the purchase! The camera quality is outstanding, especially in low light, and the battery comfortably lasts over a day. However, the phone is slightly heavy for single-handed use."
25.0,Electronics,POCO,F6 5G,Titanium Gray,"The Poco F6 5G is a high-performance performance budget smartphone designed for modern mobile users. It is powered by the MediaTek Dimensity 8300 Ultra processor paired with LPDDR5X RAM paired with 256GB UFS 4.0 internal storage. The device features a 6.67-inch 1.5K 120Hz CrystalRes AMOLED display with Dolby Vision and Gorilla Glass Victus. For photography and videography, it houses a versatile camera system featuring a 50MP 1-inch Sony IMX989 sensor with OIS, 50MP ZEISS APO Floating Telephoto with 4.3x optical zoom and ZEISS T* anti-reflective coating. The smartphone is powered by a 5500mAh dual-cell battery with 120W SUPERVOOC superfast charging. It operates on the latest OS release with enterprise-grade security updates and optimized thermal management.",31999,4.0,Blazing fast performance for daily multitasking and heavy gaming. The display is vibrant and easily readable under bright sunlight. Though the secondary ultrawide camera could be slightly better in low light.
26.0,Electronics,POCO,X6 Pro 5G,Natural Titanium,"The Poco X6 Pro 5G is a high-performance performance budget smartphone designed for modern mobile users. It is powered by the Qualcomm Snapdragon 8s Gen 3 processor paired with 12GB LPDDR5X ultra-fast RAM and 256GB UFS 4.0 storage. The device features a 6.7-inch 120Hz Flexible AMOLED screen with 1300 nits brightness and iconic transparent Glyph LED interface. For photography and videography, it houses a versatile camera system featuring a 50MP Sony LYT-808 main camera with OIS, 50MP telephoto portrait lens (2x optical zoom), and Next AI image processing. The smartphone is powered by a 5200mAh silicon-carbon high density battery with 100W wired and 66W wireless charging. It operates on the latest OS release with enterprise-grade security updates and optimized thermal management.",26999,4.6,"Great value for money smartphone in this price point. Clean UI experience and fast charging makes daily usage hassle-free. On the downside, charging speed could be slightly faster compared to rivals."
27.0,Electronics,Samsung,Galaxy A55 5G,Oasis Green,"The Samsung Galaxy A55 5G is a high-performance mid-range smartphone designed for modern mobile users. It is powered by the Qualcomm Snapdragon 7 Gen 3 processor paired with 12GB LPDDR5X RAM with generous 512GB UFS 4.0 storage. The device features a 6.6-inch FHD+ 120Hz Super AMOLED display with Knox Vault security and Vision Booster. For photography and videography, it houses a versatile camera system featuring a 50MP primary sensor with OIS, 50MP ultrawide with macro mode, and 64MP periscope telephoto with 3x optical zoom. The smartphone is powered by a 5500mAh heavy-duty battery with 100W SUPERVOOC charging maintaining health over 4 years. It operates on the latest OS release with enterprise-grade security updates and optimized thermal management.",42999,4.9,"The build quality feels high-end and comfortable to hold. Photos taken with the main lens are sharp with natural color tones. However, a fast wall adapter is not included inside the box."
28.0,Electronics,Samsung,Galaxy A35 5G,Midnight Blue,"The Samsung Galaxy A35 5G is a high-performance budget mid-range smartphone designed for modern mobile users. It is powered by the MediaTek Dimensity 7050 processor paired with 16GB heavy-multitasking LPDDR5X RAM and 512GB UFS 4.0 storage. The device features a 6.74-inch 1.5K 120Hz Ultra Clear AMOLED with Aqua Touch wet-finger technology and 2150 nits brightness. For photography and videography, it houses a versatile camera system featuring a Dual 50MP rear camera sensors (Primary OIS + 114-degree Ultrawide) powered by Ultra XDR photography engine. The smartphone is powered by a 5000mAh battery with 90W Turbo Charge support included in the box. It operates on the latest OS release with enterprise-grade security updates and optimized thermal management.",30999,4.1,Incredible display clarity and high refresh rate make scrolling and gaming super smooth. Charging speed is amazingly fast. Though system software comes with a few preinstalled apps that require manual uninstalling.
29.0,Electronics,Samsung,Galaxy M55 5G,Sunset Orange,"The Samsung Galaxy M55 5G is a high-performance budget mid-range smartphone designed for modern mobile users. It is powered by the Snapdragon 7s Gen 2 processor paired with 16GB flagship LPDDR5X RAM paired with massive 1TB UFS 4.0 storage. The device features a 6.67-inch 1.5K 3D Curved AMOLED with 120Hz refresh rate, 1800 nits peak brightness and IP68 protection. For photography and videography, it houses a versatile camera system featuring a 200MP Samsung ISOCELL HP3 camera with OIS, 4x in-sensor lossless zoom, 8MP ultrawide, and 2MP macro lens. The smartphone is powered by a 5000mAh battery supporting 33W fast charging and 5W reverse wired charging. It operates on the latest OS release with enterprise-grade security updates and optimized thermal management.",29999,3.9,Top-notch camera setup with exceptional portrait modes and zoom capability. Software runs smooth without any stutters. Keep in mind that there is no expandable microSD card slot or 3.5mm headphone jack.
30.0,Electronics,OnePlus,Nord 4 5G,Emerald Green,"The OnePlus Nord 4 5G is a high-performance mid-range smartphone designed for modern mobile users. It is powered by the Qualcomm Snapdragon 7 Gen 3 processor paired with LPDDR5 RAM and UFS 3.1 high-speed storage. The device features a 6.8-inch QHD+ 120Hz Dynamic AMOLED 2X display with 2600 nits peak brightness and Gorilla Armor. For photography and videography, it houses a versatile camera system featuring a 200MP OIS primary sensor, 50MP periscope telephoto with 5x optical zoom, 10MP 3x telephoto, and 12MP ultrawide. The smartphone is powered by a 5000mAh battery with 45W wired fast charging, 15W wireless charging, and reverse wireless support. It operates on the latest OS release with enterprise-grade security updates and optimized thermal management.",29999,3.9,"Solid battery endurance paired with rapid charging. Handles demanding mobile titles without thermal throttling. However, the camera bump on the back is quite prominent."
31.0,Electronics,OnePlus,Nord CE 4 5G,Starlight Silver,"The OnePlus Nord CE 4 5G is a high-performance budget mid-range smartphone designed for modern mobile users. It is powered by the MediaTek Dimensity 7050 processor paired with LPDDR5X RAM paired with 256GB UFS 4.0 internal storage. The device features a 6.7-inch Super Retina XDR OLED display with ProMotion 120Hz adaptive refresh rate and outdoor peak 2000 nits. For photography and videography, it houses a versatile camera system featuring a 48MP main sensor with sensor-shift OIS, 12MP 5x tetraprism optical zoom telephoto, and 12MP ultrawide. The smartphone is powered by a 4422mAh battery with MagSafe 15W wireless charging and high efficiency battery optimization. It operates on the latest OS release with enterprise-grade security updates and optimized thermal management.",26999,4.0,"Sleek aesthetic design that turns heads. System software is intuitive, responsive, and packed with practical AI features. Though curved display edges occasionally trigger accidental palm touches."
32.0,Electronics,Redmi,Note 13 Pro+ 5G,Glacier White,"The Redmi Note 13 Pro+ 5G is a high-performance mid-range smartphone designed for modern mobile users. It is powered by the Exynos 1480 (4nm) processor paired with 12GB LPDDR5X ultra-fast RAM and 256GB UFS 4.0 storage. The device features a 6.7-inch Super Actua LTPO OLED display with 1-120Hz variable refresh rate and 2400 nits peak brightness. For photography and videography, it houses a versatile camera system featuring a 50MP primary camera with OIS, 48MP ultrawide with macro focus, and 48MP telephoto with 5x optical zoom. The smartphone is powered by a 5050mAh battery with 30W wired charging and 23W wireless charging capability. It operates on the latest OS release with enterprise-grade security updates and optimized thermal management.",33999,4.3,"Extremely satisfied with the purchase! The camera quality is outstanding, especially in low light, and the battery comfortably lasts over a day. However, the phone is slightly heavy for single-handed use."
33.0,Electronics,Redmi,Note 13 Pro 5G,Asteroid Black,"The Redmi Note 13 Pro 5G is a high-performance budget mid-range smartphone designed for modern mobile users. It is powered by the Qualcomm Snapdragon 6 Gen 1 processor paired with 12GB LPDDR5X RAM with generous 512GB UFS 4.0 storage. The device features a 6.82-inch 2K 120Hz Curved LTPO AMOLED display with 4500 nits peak brightness and Dolby Vision. For photography and videography, it houses a versatile camera system featuring a 50MP Sony LYT-808 primary sensor, 64MP periscope telephoto (3x optical, 120x digital), and 48MP ultrawide with Hasselblad color tuning. The smartphone is powered by a 5400mAh dual-cell battery supported by 100W SUPERVOOC fast charging (0-100% in 26 mins) and 50W AIRVOOC wireless. It operates on the latest OS release with enterprise-grade security updates and optimized thermal management.",26999,4.7,Blazing fast performance for daily multitasking and heavy gaming. The display is vibrant and easily readable under bright sunlight. Though the secondary ultrawide camera could be slightly better in low light.
34.0,Electronics,Redmi,Note 13 5G,Ocean Cyan,"The Redmi Note 13 5G is a high-performance budget smartphone designed for modern mobile users. It is powered by the Qualcomm Snapdragon 695 5G processor paired with 16GB heavy-multitasking LPDDR5X RAM and 512GB UFS 4.0 storage. The device features a 6.78-inch 1.5K 144Hz 8T LTPO AMOLED display with 3000 nits brightness and 2160Hz PWM dimming. For photography and videography, it houses a versatile camera system featuring a 1-inch 50MP Sony LYT-900 primary camera with stepless variable aperture (f/1.63-f/4.0) co-engineered with Leica. The smartphone is powered by a 5000mAh graphite battery with 120W FlashCharge (0-100% in ~27 mins). It operates on the latest OS release with enterprise-grade security updates and optimized thermal management.",18999,4.4,"Great value for money smartphone in this price point. Clean UI experience and fast charging makes daily usage hassle-free. On the downside, charging speed could be slightly faster compared to rivals."
35.0,Electronics,Honor,200 Pro 5G,Peach Fuzz,"The Honor 200 Pro 5G is a high-performance upper mid-range smartphone designed for modern mobile users. It is powered by the MediaTek Dimensity 8300 Ultra processor paired with 16GB flagship LPDDR5X RAM paired with massive 1TB UFS 4.0 storage. The device features a 6.67-inch 1.5K 120Hz CrystalRes AMOLED display with Dolby Vision and Gorilla Glass Victus. For photography and videography, it houses a versatile camera system featuring a 50MP 1-inch Sony IMX989 sensor with OIS, 50MP ZEISS APO Floating Telephoto with 4.3x optical zoom and ZEISS T* anti-reflective coating. The smartphone is powered by a 5500mAh dual-cell battery with 120W SUPERVOOC superfast charging. It operates on the latest OS release with enterprise-grade security updates and optimized thermal management.",64999,4.9,"The build quality feels high-end and comfortable to hold. Photos taken with the main lens are sharp with natural color tones. However, a fast wall adapter is not included inside the box."
36.0,Electronics,Honor,200 5G,Phantom Black,"The Honor 200 5G is a high-performance mid-range smartphone designed for modern mobile users. It is powered by the Qualcomm Snapdragon 7 Gen 3 processor paired with LPDDR5 RAM and UFS 3.1 high-speed storage. The device features a 6.7-inch 120Hz Flexible AMOLED screen with 1300 nits brightness and iconic transparent Glyph LED interface. For photography and videography, it houses a versatile camera system featuring a 50MP Sony LYT-808 main camera with OIS, 50MP telephoto portrait lens (2x optical zoom), and Next AI image processing. The smartphone is powered by a 5200mAh silicon-carbon high density battery with 100W wired and 66W wireless charging. It operates on the latest OS release with enterprise-grade security updates and optimized thermal management.",34999,4.3,Incredible display clarity and high refresh rate make scrolling and gaming super smooth. Charging speed is amazingly fast. Though system software comes with a few preinstalled apps that require manual uninstalling.
37.0,Electronics,Nothing,CMF by  Phone 1,Titanium Gray,"The CMF by Nothing Phone 1 is a high-performance budget smartphone designed for modern mobile users. It is powered by the Qualcomm Snapdragon 695 5G processor paired with LPDDR5X RAM paired with 256GB UFS 4.0 internal storage. The device features a 6.6-inch FHD+ 120Hz Super AMOLED display with Knox Vault security and Vision Booster. For photography and videography, it houses a versatile camera system featuring a 50MP primary sensor with OIS, 50MP ultrawide with macro mode, and 64MP periscope telephoto with 3x optical zoom. The smartphone is powered by a 5500mAh heavy-duty battery with 100W SUPERVOOC charging maintaining health over 4 years. It operates on the latest OS release with enterprise-grade security updates and optimized thermal management.",17999,4.5,Top-notch camera setup with exceptional portrait modes and zoom capability. Software runs smooth without any stutters. Keep in mind that there is no expandable microSD card slot or 3.5mm headphone jack.
38.0,Electronics,Realme,12 Pro+ 5G,Natural Titanium,"The Realme 12 Pro+ 5G is a high-performance mid-range smartphone designed for modern mobile users. It is powered by the Exynos 1480 (4nm) processor paired with 12GB LPDDR5X ultra-fast RAM and 256GB UFS 4.0 storage. The device features a 6.74-inch 1.5K 120Hz Ultra Clear AMOLED with Aqua Touch wet-finger technology and 2150 nits brightness. For photography and videography, it houses a versatile camera system featuring a Dual 50MP rear camera sensors (Primary OIS + 114-degree Ultrawide) powered by Ultra XDR photography engine. The smartphone is powered by a 5000mAh battery with 90W Turbo Charge support included in the box. It operates on the latest OS release with enterprise-grade security updates and optimized thermal management.",31999,4.3,"Solid battery endurance paired with rapid charging. Handles demanding mobile titles without thermal throttling. However, the camera bump on the back is quite prominent."
39.0,Electronics,Realme,P1 Pro 5G,Oasis Green,"The Realme P1 Pro 5G is a high-performance budget smartphone designed for modern mobile users. It is powered by the MediaTek Dimensity 7300 5G processor paired with 12GB LPDDR5X RAM with generous 512GB UFS 4.0 storage. The device features a 6.67-inch 1.5K 3D Curved AMOLED with 120Hz refresh rate, 1800 nits peak brightness and IP68 protection. For photography and videography, it houses a versatile camera system featuring a 200MP Samsung ISOCELL HP3 camera with OIS, 4x in-sensor lossless zoom, 8MP ultrawide, and 2MP macro lens. The smartphone is powered by a 5000mAh battery supporting 33W fast charging and 5W reverse wired charging. It operates on the latest OS release with enterprise-grade security updates and optimized thermal management.",21999,4.7,"Sleek aesthetic design that turns heads. System software is intuitive, responsive, and packed with practical AI features. Though curved display edges occasionally trigger accidental palm touches."
40.0,Electronics,Vivo,T3 Pro 5G,Midnight Blue,"The Vivo T3 Pro 5G is a high-performance budget mid-range smartphone designed for modern mobile users. It is powered by the MediaTek Dimensity 7050 processor paired with 16GB heavy-multitasking LPDDR5X RAM and 512GB UFS 4.0 storage. The device features a 6.8-inch QHD+ 120Hz Dynamic AMOLED 2X display with 2600 nits peak brightness and Gorilla Armor. For photography and videography, it houses a versatile camera system featuring a 200MP OIS primary sensor, 50MP periscope telephoto with 5x optical zoom, 10MP 3x telephoto, and 12MP ultrawide. The smartphone is powered by a 5000mAh battery with 45W wired fast charging, 15W wireless charging, and reverse wireless support. It operates on the latest OS release with enterprise-grade security updates and optimized thermal management.",26999,4.5,"Extremely satisfied with the purchase! The camera quality is outstanding, especially in low light, and the battery comfortably lasts over a day. However, the phone is slightly heavy for single-handed use."
41.0,Electronics,iQOO,Z9 Turbo 5G,Sunset Orange,"The iQOO Z9 Turbo 5G is a high-performance budget mid-range smartphone designed for modern mobile users. It is powered by the Snapdragon 7s Gen 2 processor paired with 16GB flagship LPDDR5X RAM paired with massive 1TB UFS 4.0 storage. The device features a 6.7-inch Super Retina XDR OLED display with ProMotion 120Hz adaptive refresh rate and outdoor peak 2000 nits. For photography and videography, it houses a versatile camera system featuring a 48MP main sensor with sensor-shift OIS, 12MP 5x tetraprism optical zoom telephoto, and 12MP ultrawide. The smartphone is powered by a 4422mAh battery with MagSafe 15W wireless charging and high efficiency battery optimization. It operates on the latest OS release with enterprise-grade security updates and optimized thermal management.",25999,4.9,Blazing fast performance for daily multitasking and heavy gaming. The display is vibrant and easily readable under bright sunlight. Though the secondary ultrawide camera could be slightly better in low light.
42.0,Electronics,Samsung,Galaxy Z Fold 5 5G,Emerald Green,"The Samsung Galaxy Z Fold 5 5G is a high-performance foldable flagship smartphone designed for modern mobile users. It is powered by the Qualcomm Snapdragon 8 Gen 3 processor paired with LPDDR5 RAM and UFS 3.1 high-speed storage. The device features a 6.7-inch Super Actua LTPO OLED display with 1-120Hz variable refresh rate and 2400 nits peak brightness. For photography and videography, it houses a versatile camera system featuring a 50MP primary camera with OIS, 48MP ultrawide with macro focus, and 48MP telephoto with 5x optical zoom. The smartphone is powered by a 5050mAh battery with 30W wired charging and 23W wireless charging capability. It operates on the latest OS release with enterprise-grade security updates and optimized thermal management.",154999,4.7,"Great value for money smartphone in this price point. Clean UI experience and fast charging makes daily usage hassle-free. On the downside, charging speed could be slightly faster compared to rivals."
43.0,Electronics,Samsung,Galaxy Z Flip 5 5G,Starlight Silver,"The Samsung Galaxy Z Flip 5 5G is a high-performance foldable flagship smartphone designed for modern mobile users. It is powered by the Qualcomm Snapdragon 8 Gen 2 processor paired with LPDDR5X RAM paired with 256GB UFS 4.0 internal storage. The device features a 6.82-inch 2K 120Hz Curved LTPO AMOLED display with 4500 nits peak brightness and Dolby Vision. For photography and videography, it houses a versatile camera system featuring a 50MP Sony LYT-808 primary sensor, 64MP periscope telephoto (3x optical, 120x digital), and 48MP ultrawide with Hasselblad color tuning. The smartphone is powered by a 5400mAh dual-cell battery supported by 100W SUPERVOOC fast charging (0-100% in 26 mins) and 50W AIRVOOC wireless. It operates on the latest OS release with enterprise-grade security updates and optimized thermal management.",109999,4.2,"The build quality feels high-end and comfortable to hold. Photos taken with the main lens are sharp with natural color tones. However, a fast wall adapter is not included inside the box."
44.0,Electronics,Motorola,Razr 50 Ultra 5G,Glacier White,"The Motorola Razr 50 Ultra 5G is a high-performance foldable flagship smartphone designed for modern mobile users. It is powered by the MediaTek Dimensity 9000+ processor paired with 12GB LPDDR5X ultra-fast RAM and 256GB UFS 4.0 storage. The device features a 6.78-inch 1.5K 144Hz 8T LTPO AMOLED display with 3000 nits brightness and 2160Hz PWM dimming. For photography and videography, it houses a versatile camera system featuring a 1-inch 50MP Sony LYT-900 primary camera with stepless variable aperture (f/1.63-f/4.0) co-engineered with Leica. The smartphone is powered by a 5000mAh graphite battery with 120W FlashCharge (0-100% in ~27 mins). It operates on the latest OS release with enterprise-grade security updates and optimized thermal management.",94999,4.4,Incredible display clarity and high refresh rate make scrolling and gaming super smooth. Charging speed is amazingly fast. Though system software comes with a few preinstalled apps that require manual uninstalling.
45.0,Electronics,Tecno,Phantom V Fold 5G,Asteroid Black,"The Tecno Phantom V Fold 5G is a high-performance foldable flagship smartphone designed for modern mobile users. It is powered by the Qualcomm Snapdragon 8 Gen 3 processor paired with 12GB LPDDR5X RAM with generous 512GB UFS 4.0 storage. The device features a 6.67-inch 1.5K 120Hz CrystalRes AMOLED display with Dolby Vision and Gorilla Glass Victus. For photography and videography, it houses a versatile camera system featuring a 50MP 1-inch Sony IMX989 sensor with OIS, 50MP ZEISS APO Floating Telephoto with 4.3x optical zoom and ZEISS T* anti-reflective coating. The smartphone is powered by a 5500mAh dual-cell battery with 120W SUPERVOOC superfast charging. It operates on the latest OS release with enterprise-grade security updates and optimized thermal management.",74999,4.9,Top-notch camera setup with exceptional portrait modes and zoom capability. Software runs smooth without any stutters. Keep in mind that there is no expandable microSD card slot or 3.5mm headphone jack.
46.0,Electronics,Tecno,Phantom V Flip 5G,Ocean Cyan,"The Tecno Phantom V Flip 5G is a high-performance foldable mid-range smartphone designed for modern mobile users. It is powered by the MediaTek Dimensity 8050 5G processor paired with 16GB heavy-multitasking LPDDR5X RAM and 512GB UFS 4.0 storage. The device features a 6.7-inch 120Hz Flexible AMOLED screen with 1300 nits brightness and iconic transparent Glyph LED interface. For photography and videography, it houses a versatile camera system featuring a 50MP Sony LYT-808 main camera with OIS, 50MP telephoto portrait lens (2x optical zoom), and Next AI image processing. The smartphone is powered by a 5200mAh silicon-carbon high density battery with 100W wired and 66W wireless charging. It operates on the latest OS release with enterprise-grade security updates and optimized thermal management.",52999,4.2,"Solid battery endurance paired with rapid charging. Handles demanding mobile titles without thermal throttling. However, the camera bump on the back is quite prominent."
47.0,Electronics,ASUS,ROG Phone 8 Pro 5G,Peach Fuzz,"The Asus ROG Phone 8 Pro 5G is a high-performance gaming flagship smartphone designed for modern mobile users. It is powered by the Qualcomm Snapdragon 8 Gen 3 with dedicated GameCool vapour cooling processor paired with 16GB flagship LPDDR5X RAM paired with massive 1TB UFS 4.0 storage. The device features a 6.6-inch FHD+ 120Hz Super AMOLED display with Knox Vault security and Vision Booster. For photography and videography, it houses a versatile camera system featuring a 50MP primary sensor with OIS, 50MP ultrawide with macro mode, and 64MP periscope telephoto with 3x optical zoom. The smartphone is powered by a 5500mAh heavy-duty battery with 100W SUPERVOOC charging maintaining health over 4 years. It operates on the latest OS release with enterprise-grade security updates and optimized thermal management.",119999,4.0,"Sleek aesthetic design that turns heads. System software is intuitive, responsive, and packed with practical AI features. Though curved display edges occasionally trigger accidental palm touches."
48.0,Electronics,ASUS,ROG Phone 8 5G,Phantom Black,"The Asus ROG Phone 8 5G is a high-performance gaming flagship smartphone designed for modern mobile users. It is powered by the Qualcomm Snapdragon 8 Gen 3 with dedicated GameCool vapour cooling processor paired with LPDDR5 RAM and UFS 3.1 high-speed storage. The device features a 6.74-inch 1.5K 120Hz Ultra Clear AMOLED with Aqua Touch wet-finger technology and 2150 nits brightness. For photography and videography, it houses a versatile camera system featuring a Dual 50MP rear camera sensors (Primary OIS + 114-degree Ultrawide) powered by Ultra XDR photography engine. The smartphone is powered by a 5000mAh battery with 90W Turbo Charge support included in the box. It operates on the latest OS release with enterprise-grade security updates and optimized thermal management.",79999,4.9,"Extremely satisfied with the purchase! The camera quality is outstanding, especially in low light, and the battery comfortably lasts over a day. However, the phone is slightly heavy for single-handed use."
49.0,Electronics,Samsung,Galaxy S24 Ultra,Titanium Gray,"The Samsung Galaxy S24 Ultra is a high-performance flagship smartphone designed for modern mobile users. It is powered by the Apple A17 Pro (3nm) processor paired with LPDDR5X RAM paired with 256GB UFS 4.0 internal storage. The device features a 6.67-inch 1.5K 3D Curved AMOLED with 120Hz refresh rate, 1800 nits peak brightness and IP68 protection. For photography and videography, it houses a versatile camera system featuring a 200MP Samsung ISOCELL HP3 camera with OIS, 4x in-sensor lossless zoom, 8MP ultrawide, and 2MP macro lens. The smartphone is powered by a 5000mAh battery supporting 33W fast charging and 5W reverse wired charging. It operates on the latest OS release with enterprise-grade security updates and optimized thermal management.",139999,4.0,Blazing fast performance for daily multitasking and heavy gaming. The display is vibrant and easily readable under bright sunlight. Though the secondary ultrawide camera could be slightly better in low light.
50.0,Electronics,Samsung,Galaxy S24 Plus,Natural Titanium,"The Samsung Galaxy S24 Plus is a high-performance flagship smartphone designed for modern mobile users. It is powered by the Google Tensor G3 processor paired with 12GB LPDDR5X ultra-fast RAM and 256GB UFS 4.0 storage. The device features a 6.8-inch QHD+ 120Hz Dynamic AMOLED 2X display with 2600 nits peak brightness and Gorilla Armor. For photography and videography, it houses a versatile camera system featuring a 200MP OIS primary sensor, 50MP periscope telephoto with 5x optical zoom, 10MP 3x telephoto, and 12MP ultrawide. The smartphone is powered by a 5000mAh battery with 45W wired fast charging, 15W wireless charging, and reverse wireless support. It operates on the latest OS release with enterprise-grade security updates and optimized thermal management.",109999,4.5,"Great value for money smartphone in this price point. Clean UI experience and fast charging makes daily usage hassle-free. On the downside, charging speed could be slightly faster compared to rivals."
51.0,Electronics,Samsung,Galaxy S24,Oasis Green,"The Samsung Galaxy S24 is a high-performance flagship smartphone designed for modern mobile users. It is powered by the MediaTek Dimensity 9300 processor paired with 12GB LPDDR5X RAM with generous 512GB UFS 4.0 storage. The device features a 6.7-inch Super Retina XDR OLED display with ProMotion 120Hz adaptive refresh rate and outdoor peak 2000 nits. For photography and videography, it houses a versatile camera system featuring a 48MP main sensor with sensor-shift OIS, 12MP 5x tetraprism optical zoom telephoto, and 12MP ultrawide. The smartphone is powered by a 4422mAh battery with MagSafe 15W wireless charging and high efficiency battery optimization. It operates on the latest OS release with enterprise-grade security updates and optimized thermal management.",79999,4.2,"The build quality feels high-end and comfortable to hold. Photos taken with the main lens are sharp with natural color tones. However, a fast wall adapter is not included inside the box."
52.0,Electronics,Apple,iPhone 15 Pro Max,Midnight Blue,"The Apple iPhone 15 Pro Max is a high-performance flagship smartphone designed for modern mobile users. It is powered by the Qualcomm Snapdragon 8 Gen 3 processor paired with 16GB heavy-multitasking LPDDR5X RAM and 512GB UFS 4.0 storage. The device features a 6.7-inch Super Actua LTPO OLED display with 1-120Hz variable refresh rate and 2400 nits peak brightness. For photography and videography, it houses a versatile camera system featuring a 50MP primary camera with OIS, 48MP ultrawide with macro focus, and 48MP telephoto with 5x optical zoom. The smartphone is powered by a 5050mAh battery with 30W wired charging and 23W wireless charging capability. It operates on the latest OS release with enterprise-grade security updates and optimized thermal management.",179900,4.4,Incredible display clarity and high refresh rate make scrolling and gaming super smooth. Charging speed is amazingly fast. Though system software comes with a few preinstalled apps that require manual uninstalling.
53.0,Electronics,Apple,iPhone 15 Pro,Sunset Orange,"The Apple iPhone 15 Pro is a high-performance flagship smartphone designed for modern mobile users. It is powered by the Apple A17 Pro (3nm) processor paired with 16GB flagship LPDDR5X RAM paired with massive 1TB UFS 4.0 storage. The device features a 6.82-inch 2K 120Hz Curved LTPO AMOLED display with 4500 nits peak brightness and Dolby Vision. For photography and videography, it houses a versatile camera system featuring a 50MP Sony LYT-808 primary sensor, 64MP periscope telephoto (3x optical, 120x digital), and 48MP ultrawide with Hasselblad color tuning. The smartphone is powered by a 5400mAh dual-cell battery supported by 100W SUPERVOOC fast charging (0-100% in 26 mins) and 50W AIRVOOC wireless. It operates on the latest OS release with enterprise-grade security updates and optimized thermal management.",164900,4.7,Top-notch camera setup with exceptional portrait modes and zoom capability. Software runs smooth without any stutters. Keep in mind that there is no expandable microSD card slot or 3.5mm headphone jack.
54.0,Electronics,Apple,iPhone 15 Plus,Emerald Green,"The Apple iPhone 15 Plus is a high-performance flagship smartphone designed for modern mobile users. It is powered by the Google Tensor G3 processor paired with LPDDR5 RAM and UFS 3.1 high-speed storage. The device features a 6.78-inch 1.5K 144Hz 8T LTPO AMOLED display with 3000 nits brightness and 2160Hz PWM dimming. For photography and videography, it houses a versatile camera system featuring a 1-inch 50MP Sony LYT-900 primary camera with stepless variable aperture (f/1.63-f/4.0) co-engineered with Leica. The smartphone is powered by a 5000mAh graphite battery with 120W FlashCharge (0-100% in ~27 mins). It operates on the latest OS release with enterprise-grade security updates and optimized thermal management.",89900,4.8,"Solid battery endurance paired with rapid charging. Handles demanding mobile titles without thermal throttling. However, the camera bump on the back is quite prominent."
55.0,Electronics,Apple,iPhone 15,Starlight Silver,"The Apple iPhone 15 is a high-performance flagship smartphone designed for modern mobile users. It is powered by the MediaTek Dimensity 9300 processor paired with LPDDR5X RAM paired with 256GB UFS 4.0 internal storage. The device features a 6.67-inch 1.5K 120Hz CrystalRes AMOLED display with Dolby Vision and Gorilla Glass Victus. For photography and videography, it houses a versatile camera system featuring a 50MP 1-inch Sony IMX989 sensor with OIS, 50MP ZEISS APO Floating Telephoto with 4.3x optical zoom and ZEISS T* anti-reflective coating. The smartphone is powered by a 5500mAh dual-cell battery with 120W SUPERVOOC superfast charging. It operates on the latest OS release with enterprise-grade security updates and optimized thermal management.",89900,4.3,"Sleek aesthetic design that turns heads. System software is intuitive, responsive, and packed with practical AI features. Though curved display edges occasionally trigger accidental palm touches."
56.0,Electronics,Google,Pixel 8 Pro,Glacier White,"The Google Pixel 8 Pro is a high-performance flagship smartphone designed for modern mobile users. It is powered by the Qualcomm Snapdragon 8 Gen 3 processor paired with 12GB LPDDR5X ultra-fast RAM and 256GB UFS 4.0 storage. The device features a 6.7-inch 120Hz Flexible AMOLED screen with 1300 nits brightness and iconic transparent Glyph LED interface. For photography and videography, it houses a versatile camera system featuring a 50MP Sony LYT-808 main camera with OIS, 50MP telephoto portrait lens (2x optical zoom), and Next AI image processing. The smartphone is powered by a 5200mAh silicon-carbon high density battery with 100W wired and 66W wireless charging. It operates on the latest OS release with enterprise-grade security updates and optimized thermal management.",113999,4.1,"Extremely satisfied with the purchase! The camera quality is outstanding, especially in low light, and the battery comfortably lasts over a day. However, the phone is slightly heavy for single-handed use."
57.0,Electronics,Google,Pixel 8a,Asteroid Black,"The Google Pixel 8a is a high-performance mid-range smartphone designed for modern mobile users. It is powered by the Qualcomm Snapdragon 7 Gen 3 processor paired with 12GB LPDDR5X RAM with generous 512GB UFS 4.0 storage. The device features a 6.6-inch FHD+ 120Hz Super AMOLED display with Knox Vault security and Vision Booster. For photography and videography, it houses a versatile camera system featuring a 50MP primary sensor with OIS, 50MP ultrawide with macro mode, and 64MP periscope telephoto with 3x optical zoom. The smartphone is powered by a 5500mAh heavy-duty battery with 100W SUPERVOOC charging maintaining health over 4 years. It operates on the latest OS release with enterprise-grade security updates and optimized thermal management.",59999,4.4,Blazing fast performance for daily multitasking and heavy gaming. The display is vibrant and easily readable under bright sunlight. Though the secondary ultrawide camera could be slightly better in low light.
58.0,Electronics,OnePlus,12 5G,Ocean Cyan,"The OnePlus 12 5G is a high-performance flagship smartphone designed for modern mobile users. It is powered by the Google Tensor G3 processor paired with 16GB heavy-multitasking LPDDR5X RAM and 512GB UFS 4.0 storage. The device features a 6.74-inch 1.5K 120Hz Ultra Clear AMOLED with Aqua Touch wet-finger technology and 2150 nits brightness. For photography and videography, it houses a versatile camera system featuring a Dual 50MP rear camera sensors (Primary OIS + 114-degree Ultrawide) powered by Ultra XDR photography engine. The smartphone is powered by a 5000mAh battery with 90W Turbo Charge support included in the box. It operates on the latest OS release with enterprise-grade security updates and optimized thermal management.",69999,4.2,"Great value for money smartphone in this price point. Clean UI experience and fast charging makes daily usage hassle-free. On the downside, charging speed could be slightly faster compared to rivals."
59.0,Electronics,OnePlus,12R 5G,Peach Fuzz,"The OnePlus 12R 5G is a high-performance upper mid-range smartphone designed for modern mobile users. It is powered by the MediaTek Dimensity 8300 Ultra processor paired with 16GB flagship LPDDR5X RAM paired with massive 1TB UFS 4.0 storage. The device features a 6.67-inch 1.5K 3D Curved AMOLED with 120Hz refresh rate, 1800 nits peak brightness and IP68 protection. For photography and videography, it houses a versatile camera system featuring a 200MP Samsung ISOCELL HP3 camera with OIS, 4x in-sensor lossless zoom, 8MP ultrawide, and 2MP macro lens. The smartphone is powered by a 5000mAh battery supporting 33W fast charging and 5W reverse wired charging. It operates on the latest OS release with enterprise-grade security updates and optimized thermal management.",45999,4.8,"The build quality feels high-end and comfortable to hold. Photos taken with the main lens are sharp with natural color tones. However, a fast wall adapter is not included inside the box."
60.0,Electronics,Xiaomi,14 Ultra 5G,Phantom Black,"The Xiaomi 14 Ultra 5G is a high-performance flagship smartphone designed for modern mobile users. It is powered by the Qualcomm Snapdragon 8 Gen 3 processor paired with LPDDR5 RAM and UFS 3.1 high-speed storage. The device features a 6.8-inch QHD+ 120Hz Dynamic AMOLED 2X display with 2600 nits peak brightness and Gorilla Armor. For photography and videography, it houses a versatile camera system featuring a 200MP OIS primary sensor, 50MP periscope telephoto with 5x optical zoom, 10MP 3x telephoto, and 12MP ultrawide. The smartphone is powered by a 5000mAh battery with 45W wired fast charging, 15W wireless charging, and reverse wireless support. It operates on the latest OS release with enterprise-grade security updates and optimized thermal management.",99999,4.4,Incredible display clarity and high refresh rate make scrolling and gaming super smooth. Charging speed is amazingly fast. Though system software comes with a few preinstalled apps that require manual uninstalling.
61.0,Electronics,Xiaomi,14 Civi,Titanium Gray,"The Xiaomi 14 Civi is a high-performance upper mid-range smartphone designed for modern mobile users. It is powered by the Qualcomm Snapdragon 7+ Gen 3 processor paired with LPDDR5X RAM paired with 256GB UFS 4.0 internal storage. The device features a 6.7-inch Super Retina XDR OLED display with ProMotion 120Hz adaptive refresh rate and outdoor peak 2000 nits. For photography and videography, it houses a versatile camera system featuring a 48MP main sensor with sensor-shift OIS, 12MP 5x tetraprism optical zoom telephoto, and 12MP ultrawide. The smartphone is powered by a 4422mAh battery with MagSafe 15W wireless charging and high efficiency battery optimization. It operates on the latest OS release with enterprise-grade security updates and optimized thermal management.",47999,4.2,Top-notch camera setup with exceptional portrait modes and zoom capability. Software runs smooth without any stutters. Keep in mind that there is no expandable microSD card slot or 3.5mm headphone jack.
62.0,Electronics,Vivo,X100 Pro 5G,Natural Titanium,"The Vivo X100 Pro 5G is a high-performance flagship smartphone designed for modern mobile users. It is powered by the Google Tensor G3 processor paired with 12GB LPDDR5X ultra-fast RAM and 256GB UFS 4.0 storage. The device features a 6.7-inch Super Actua LTPO OLED display with 1-120Hz variable refresh rate and 2400 nits peak brightness. For photography and videography, it houses a versatile camera system featuring a 50MP primary camera with OIS, 48MP ultrawide with macro focus, and 48MP telephoto with 5x optical zoom. The smartphone is powered by a 5050mAh battery with 30W wired charging and 23W wireless charging capability. It operates on the latest OS release with enterprise-grade security updates and optimized thermal management.",94999,4.6,"Solid battery endurance paired with rapid charging. Handles demanding mobile titles without thermal throttling. However, the camera bump on the back is quite prominent."
63.0,Electronics,Vivo,V30 Pro 5G,Oasis Green,"The Vivo V30 Pro 5G is a high-performance mid-range smartphone designed for modern mobile users. It is powered by the Qualcomm Snapdragon 7 Gen 3 processor paired with 12GB LPDDR5X RAM with generous 512GB UFS 4.0 storage. The device features a 6.82-inch 2K 120Hz Curved LTPO AMOLED display with 4500 nits peak brightness and Dolby Vision. For photography and videography, it houses a versatile camera system featuring a 50MP Sony LYT-808 primary sensor, 64MP periscope telephoto (3x optical, 120x digital), and 48MP ultrawide with Hasselblad color tuning. The smartphone is powered by a 5400mAh dual-cell battery supported by 100W SUPERVOOC fast charging (0-100% in 26 mins) and 50W AIRVOOC wireless. It operates on the latest OS release with enterprise-grade security updates and optimized thermal management.",46999,4.6,"Sleek aesthetic design that turns heads. System software is intuitive, responsive, and packed with practical AI features. Though curved display edges occasionally trigger accidental palm touches."
64.0,Electronics,iQOO,12 5G,Midnight Blue,"The iQOO 12 5G is a high-performance performance flagship smartphone designed for modern mobile users. It is powered by the Qualcomm Snapdragon 8s Gen 3 processor paired with 16GB heavy-multitasking LPDDR5X RAM and 512GB UFS 4.0 storage. The device features a 6.78-inch 1.5K 144Hz 8T LTPO AMOLED display with 3000 nits brightness and 2160Hz PWM dimming. For photography and videography, it houses a versatile camera system featuring a 1-inch 50MP Sony LYT-900 primary camera with stepless variable aperture (f/1.63-f/4.0) co-engineered with Leica. The smartphone is powered by a 5000mAh graphite battery with 120W FlashCharge (0-100% in ~27 mins). It operates on the latest OS release with enterprise-grade security updates and optimized thermal management.",57999,4.0,"Extremely satisfied with the purchase! The camera quality is outstanding, especially in low light, and the battery comfortably lasts over a day. However, the phone is slightly heavy for single-handed use."
65.0,Electronics,iQOO,Neo 9 Pro 5G,Sunset Orange,"The iQOO Neo 9 Pro 5G is a high-performance performance mid-range smartphone designed for modern mobile users. It is powered by the MediaTek Dimensity 8300 Ultra processor paired with 16GB flagship LPDDR5X RAM paired with massive 1TB UFS 4.0 storage. The device features a 6.67-inch 1.5K 120Hz CrystalRes AMOLED display with Dolby Vision and Gorilla Glass Victus. For photography and videography, it houses a versatile camera system featuring a 50MP 1-inch Sony IMX989 sensor with OIS, 50MP ZEISS APO Floating Telephoto with 4.3x optical zoom and ZEISS T* anti-reflective coating. The smartphone is powered by a 5500mAh dual-cell battery with 120W SUPERVOOC superfast charging. It operates on the latest OS release with enterprise-grade security updates and optimized thermal management.",39999,4.4,Blazing fast performance for daily multitasking and heavy gaming. The display is vibrant and easily readable under bright sunlight. Though the secondary ultrawide camera could be slightly better in low light.
66.0,Electronics,Realme,GT 6 5G,Emerald Green,"The Realme GT 6 5G is a high-performance upper mid-range smartphone designed for modern mobile users. It is powered by the Qualcomm Snapdragon 8s Gen 3 processor paired with LPDDR5 RAM and UFS 3.1 high-speed storage. The device features a 6.7-inch 120Hz Flexible AMOLED screen with 1300 nits brightness and iconic transparent Glyph LED interface. For photography and videography, it houses a versatile camera system featuring a 50MP Sony LYT-808 main camera with OIS, 50MP telephoto portrait lens (2x optical zoom), and Next AI image processing. The smartphone is powered by a 5200mAh silicon-carbon high density battery with 100W wired and 66W wireless charging. It operates on the latest OS release with enterprise-grade security updates and optimized thermal management.",40999,4.6,"Great value for money smartphone in this price point. Clean UI experience and fast charging makes daily usage hassle-free. On the downside, charging speed could be slightly faster compared to rivals."
67.0,Electronics,Realme,GT 6T 5G,Starlight Silver,"The Realme GT 6T 5G is a high-performance mid-range smartphone designed for modern mobile users. It is powered by the MediaTek Dimensity 7200 Pro processor paired with LPDDR5X RAM paired with 256GB UFS 4.0 internal storage. The device features a 6.6-inch FHD+ 120Hz Super AMOLED display with Knox Vault security and Vision Booster. For photography and videography, it houses a versatile camera system featuring a 50MP primary sensor with OIS, 50MP ultrawide with macro mode, and 64MP periscope telephoto with 3x optical zoom. The smartphone is powered by a 5500mAh heavy-duty battery with 100W SUPERVOOC charging maintaining health over 4 years. It operates on the latest OS release with enterprise-grade security updates and optimized thermal management.",32999,4.2,"The build quality feels high-end and comfortable to hold. Photos taken with the main lens are sharp with natural color tones. However, a fast wall adapter is not included inside the box."
68.0,Electronics,Motorola,Edge 50 Ultra,Glacier White,"The Motorola Edge 50 Ultra is a high-performance flagship smartphone designed for modern mobile users. It is powered by the Qualcomm Snapdragon 8 Gen 3 processor paired with 12GB LPDDR5X ultra-fast RAM and 256GB UFS 4.0 storage. The device features a 6.74-inch 1.5K 120Hz Ultra Clear AMOLED with Aqua Touch wet-finger technology and 2150 nits brightness. For photography and videography, it houses a versatile camera system featuring a Dual 50MP rear camera sensors (Primary OIS + 114-degree Ultrawide) powered by Ultra XDR photography engine. The smartphone is powered by a 5000mAh battery with 90W Turbo Charge support included in the box. It operates on the latest OS release with enterprise-grade security updates and optimized thermal management.",64999,4.0,Incredible display clarity and high refresh rate make scrolling and gaming super smooth. Charging speed is amazingly fast. Though system software comes with a few preinstalled apps that require manual uninstalling.
69.0,Electronics,Motorola,Edge 50 Pro,Asteroid Black,"The Motorola Edge 50 Pro is a high-performance mid-range smartphone designed for modern mobile users. It is powered by the Qualcomm Snapdragon 7 Gen 3 processor paired with 12GB LPDDR5X RAM with generous 512GB UFS 4.0 storage. The device features a 6.67-inch 1.5K 3D Curved AMOLED with 120Hz refresh rate, 1800 nits peak brightness and IP68 protection. For photography and videography, it houses a versatile camera system featuring a 200MP Samsung ISOCELL HP3 camera with OIS, 4x in-sensor lossless zoom, 8MP ultrawide, and 2MP macro lens. The smartphone is powered by a 5000mAh battery supporting 33W fast charging and 5W reverse wired charging. It operates on the latest OS release with enterprise-grade security updates and optimized thermal management.",35999,4.2,Top-notch camera setup with exceptional portrait modes and zoom capability. Software runs smooth without any stutters. Keep in mind that there is no expandable microSD card slot or 3.5mm headphone jack.
70.0,Electronics,Motorola,Edge 50 Fusion,Ocean Cyan,"The Motorola Edge 50 Fusion is a high-performance budget mid-range smartphone designed for modern mobile users. It is powered by the MediaTek Dimensity 7050 processor paired with 16GB heavy-multitasking LPDDR5X RAM and 512GB UFS 4.0 storage. The device features a 6.8-inch QHD+ 120Hz Dynamic AMOLED 2X display with 2600 nits peak brightness and Gorilla Armor. For photography and videography, it houses a versatile camera system featuring a 200MP OIS primary sensor, 50MP periscope telephoto with 5x optical zoom, 10MP 3x telephoto, and 12MP ultrawide. The smartphone is powered by a 5000mAh battery with 45W wired fast charging, 15W wireless charging, and reverse wireless support. It operates on the latest OS release with enterprise-grade security updates and optimized thermal management.",24999,4.0,"Solid battery endurance paired with rapid charging. Handles demanding mobile titles without thermal throttling. However, the camera bump on the back is quite prominent."
71.0,Electronics,Nothing,Phone,2,"The Nothing Phone (2) is a high-performance upper mid-range smartphone designed for modern mobile users. It is powered by the MediaTek Dimensity 8300 Ultra processor paired with 16GB flagship LPDDR5X RAM paired with massive 1TB UFS 4.0 storage. The device features a 6.7-inch Super Retina XDR OLED display with ProMotion 120Hz adaptive refresh rate and outdoor peak 2000 nits. For photography and videography, it houses a versatile camera system featuring a 48MP main sensor with sensor-shift OIS, 12MP 5x tetraprism optical zoom telephoto, and 12MP ultrawide. The smartphone is powered by a 4422mAh battery with MagSafe 15W wireless charging and high efficiency battery optimization. It operates on the latest OS release with enterprise-grade security updates and optimized thermal management.",44999,4.4,"Sleek aesthetic design that turns heads. System software is intuitive, responsive, and packed with practical AI features. Though curved display edges occasionally trigger accidental palm touches."
72.0,Electronics,Nothing,Phone,2a,"The Nothing Phone (2a) is a high-performance budget mid-range smartphone designed for modern mobile users. It is powered by the Qualcomm Snapdragon 6 Gen 1 processor paired with LPDDR5 RAM and UFS 3.1 high-speed storage. The device features a 6.7-inch Super Actua LTPO OLED display with 1-120Hz variable refresh rate and 2400 nits peak brightness. For photography and videography, it houses a versatile camera system featuring a 50MP primary camera with OIS, 48MP ultrawide with macro focus, and 48MP telephoto with 5x optical zoom. The smartphone is powered by a 5050mAh battery with 30W wired charging and 23W wireless charging capability. It operates on the latest OS release with enterprise-grade security updates and optimized thermal management.",23999,4.8,"Extremely satisfied with the purchase! The camera quality is outstanding, especially in low light, and the battery comfortably lasts over a day. However, the phone is slightly heavy for single-handed use."
73.0,Electronics,POCO,F6 Pro 5G,Titanium Gray,"The Poco F6 Pro 5G is a high-performance performance mid-range smartphone designed for modern mobile users. It is powered by the Qualcomm Snapdragon 7+ Gen 3 processor paired with LPDDR5X RAM paired with 256GB UFS 4.0 internal storage. The device features a 6.82-inch 2K 120Hz Curved LTPO AMOLED display with 4500 nits peak brightness and Dolby Vision. For photography and videography, it houses a versatile camera system featuring a 50MP Sony LYT-808 primary sensor, 64MP periscope telephoto (3x optical, 120x digital), and 48MP ultrawide with Hasselblad color tuning. The smartphone is powered by a 5400mAh dual-cell battery supported by 100W SUPERVOOC fast charging (0-100% in 26 mins) and 50W AIRVOOC wireless. It operates on the latest OS release with enterprise-grade security updates and optimized thermal management.",41999,4.7,Blazing fast performance for daily multitasking and heavy gaming. The display is vibrant and easily readable under bright sunlight. Though the secondary ultrawide camera could be slightly better in low light.
74.0,Electronics,POCO,F6 5G,Natural Titanium,"The Poco F6 5G is a high-performance performance budget smartphone designed for modern mobile users. It is powered by the Qualcomm Snapdragon 8s Gen 3 processor paired with 12GB LPDDR5X ultra-fast RAM and 256GB UFS 4.0 storage. The device features a 6.78-inch 1.5K 144Hz 8T LTPO AMOLED display with 3000 nits brightness and 2160Hz PWM dimming. For photography and videography, it houses a versatile camera system featuring a 1-inch 50MP Sony LYT-900 primary camera with stepless variable aperture (f/1.63-f/4.0) co-engineered with Leica. The smartphone is powered by a 5000mAh graphite battery with 120W FlashCharge (0-100% in ~27 mins). It operates on the latest OS release with enterprise-grade security updates and optimized thermal management.",31999,4.9,"Great value for money smartphone in this price point. Clean UI experience and fast charging makes daily usage hassle-free. On the downside, charging speed could be slightly faster compared to rivals."
75.0,Electronics,POCO,X6 Pro 5G,Oasis Green,"The Poco X6 Pro 5G is a high-performance performance budget smartphone designed for modern mobile users. It is powered by the MediaTek Dimensity 8300 Ultra processor paired with 12GB LPDDR5X RAM with generous 512GB UFS 4.0 storage. The device features a 6.67-inch 1.5K 120Hz CrystalRes AMOLED display with Dolby Vision and Gorilla Glass Victus. For photography and videography, it houses a versatile camera system featuring a 50MP 1-inch Sony IMX989 sensor with OIS, 50MP ZEISS APO Floating Telephoto with 4.3x optical zoom and ZEISS T* anti-reflective coating. The smartphone is powered by a 5500mAh dual-cell battery with 120W SUPERVOOC superfast charging. It operates on the latest OS release with enterprise-grade security updates and optimized thermal management.",26999,4.8,"The build quality feels high-end and comfortable to hold. Photos taken with the main lens are sharp with natural color tones. However, a fast wall adapter is not included inside the box."
76.0,Electronics,Samsung,Galaxy A55 5G,Midnight Blue,"The Samsung Galaxy A55 5G is a high-performance mid-range smartphone designed for modern mobile users. It is powered by the MediaTek Dimensity 7200 Pro processor paired with 16GB heavy-multitasking LPDDR5X RAM and 512GB UFS 4.0 storage. The device features a 6.7-inch 120Hz Flexible AMOLED screen with 1300 nits brightness and iconic transparent Glyph LED interface. For photography and videography, it houses a versatile camera system featuring a 50MP Sony LYT-808 main camera with OIS, 50MP telephoto portrait lens (2x optical zoom), and Next AI image processing. The smartphone is powered by a 5200mAh silicon-carbon high density battery with 100W wired and 66W wireless charging. It operates on the latest OS release with enterprise-grade security updates and optimized thermal management.",42999,4.5,Incredible display clarity and high refresh rate make scrolling and gaming super smooth. Charging speed is amazingly fast. Though system software comes with a few preinstalled apps that require manual uninstalling.
77.0,Electronics,Samsung,Galaxy A35 5G,Sunset Orange,"The Samsung Galaxy A35 5G is a high-performance budget mid-range smartphone designed for modern mobile users. It is powered by the Snapdragon 7s Gen 2 processor paired with 16GB flagship LPDDR5X RAM paired with massive 1TB UFS 4.0 storage. The device features a 6.6-inch FHD+ 120Hz Super AMOLED display with Knox Vault security and Vision Booster. For photography and videography, it houses a versatile camera system featuring a 50MP primary sensor with OIS, 50MP ultrawide with macro mode, and 64MP periscope telephoto with 3x optical zoom. The smartphone is powered by a 5500mAh heavy-duty battery with 100W SUPERVOOC charging maintaining health over 4 years. It operates on the latest OS release with enterprise-grade security updates and optimized thermal management.",33999,4.2,Top-notch camera setup with exceptional portrait modes and zoom capability. Software runs smooth without any stutters. Keep in mind that there is no expandable microSD card slot or 3.5mm headphone jack.
78.0,Electronics,Samsung,Galaxy M55 5G,Emerald Green,"The Samsung Galaxy M55 5G is a high-performance budget mid-range smartphone designed for modern mobile users. It is powered by the Qualcomm Snapdragon 6 Gen 1 processor paired with LPDDR5 RAM and UFS 3.1 high-speed storage. The device features a 6.74-inch 1.5K 120Hz Ultra Clear AMOLED with Aqua Touch wet-finger technology and 2150 nits brightness. For photography and videography, it houses a versatile camera system featuring a Dual 50MP rear camera sensors (Primary OIS + 114-degree Ultrawide) powered by Ultra XDR photography engine. The smartphone is powered by a 5000mAh battery with 90W Turbo Charge support included in the box. It operates on the latest OS release with enterprise-grade security updates and optimized thermal management.",24999,4.5,"Solid battery endurance paired with rapid charging. Handles demanding mobile titles without thermal throttling. However, the camera bump on the back is quite prominent."
79.0,Electronics,OnePlus,Nord 4 5G,Starlight Silver,"The OnePlus Nord 4 5G is a high-performance mid-range smartphone designed for modern mobile users. It is powered by the MediaTek Dimensity 7200 Pro processor paired with LPDDR5X RAM paired with 256GB UFS 4.0 internal storage. The device features a 6.67-inch 1.5K 3D Curved AMOLED with 120Hz refresh rate, 1800 nits peak brightness and IP68 protection. For photography and videography, it houses a versatile camera system featuring a 200MP Samsung ISOCELL HP3 camera with OIS, 4x in-sensor lossless zoom, 8MP ultrawide, and 2MP macro lens. The smartphone is powered by a 5000mAh battery supporting 33W fast charging and 5W reverse wired charging. It operates on the latest OS release with enterprise-grade security updates and optimized thermal management.",32999,4.8,"Sleek aesthetic design that turns heads. System software is intuitive, responsive, and packed with practical AI features. Though curved display edges occasionally trigger accidental palm touches."
80.0,Electronics,OnePlus,Nord CE 4 5G,Glacier White,"The OnePlus Nord CE 4 5G is a high-performance budget mid-range smartphone designed for modern mobile users. It is powered by the Snapdragon 7s Gen 2 processor paired with 12GB LPDDR5X ultra-fast RAM and 256GB UFS 4.0 storage. The device features a 6.8-inch QHD+ 120Hz Dynamic AMOLED 2X display with 2600 nits peak brightness and Gorilla Armor. For photography and videography, it houses a versatile camera system featuring a 200MP OIS primary sensor, 50MP periscope telephoto with 5x optical zoom, 10MP 3x telephoto, and 12MP ultrawide. The smartphone is powered by a 5000mAh battery with 45W wired fast charging, 15W wireless charging, and reverse wireless support. It operates on the latest OS release with enterprise-grade security updates and optimized thermal management.",26999,4.0,"Extremely satisfied with the purchase! The camera quality is outstanding, especially in low light, and the battery comfortably lasts over a day. However, the phone is slightly heavy for single-handed use."
81.0,Electronics,Redmi,Note 13 Pro+ 5G,Asteroid Black,"The Redmi Note 13 Pro+ 5G is a high-performance mid-range smartphone designed for modern mobile users. It is powered by the Qualcomm Snapdragon 7 Gen 3 processor paired with 12GB LPDDR5X RAM with generous 512GB UFS 4.0 storage. The device features a 6.7-inch Super Retina XDR OLED display with ProMotion 120Hz adaptive refresh rate and outdoor peak 2000 nits. For photography and videography, it houses a versatile camera system featuring a 48MP main sensor with sensor-shift OIS, 12MP 5x tetraprism optical zoom telephoto, and 12MP ultrawide. The smartphone is powered by a 4422mAh battery with MagSafe 15W wireless charging and high efficiency battery optimization. It operates on the latest OS release with enterprise-grade security updates and optimized thermal management.",33999,4.9,Blazing fast performance for daily multitasking and heavy gaming. The display is vibrant and easily readable under bright sunlight. Though the secondary ultrawide camera could be slightly better in low light.
82.0,Electronics,Redmi,Note 13 Pro 5G,Ocean Cyan,"The Redmi Note 13 Pro 5G is a high-performance budget mid-range smartphone designed for modern mobile users. It is powered by the MediaTek Dimensity 7050 processor paired with 16GB heavy-multitasking LPDDR5X RAM and 512GB UFS 4.0 storage. The device features a 6.7-inch Super Actua LTPO OLED display with 1-120Hz variable refresh rate and 2400 nits peak brightness. For photography and videography, it houses a versatile camera system featuring a 50MP primary camera with OIS, 48MP ultrawide with macro focus, and 48MP telephoto with 5x optical zoom. The smartphone is powered by a 5050mAh battery with 30W wired charging and 23W wireless charging capability. It operates on the latest OS release with enterprise-grade security updates and optimized thermal management.",26999,4.9,"Great value for money smartphone in this price point. Clean UI experience and fast charging makes daily usage hassle-free. On the downside, charging speed could be slightly faster compared to rivals."
83.0,Electronics,Redmi,Note 13 5G,Peach Fuzz,"The Redmi Note 13 5G is a high-performance budget smartphone designed for modern mobile users. It is powered by the MediaTek Dimensity 6080 processor paired with 16GB flagship LPDDR5X RAM paired with massive 1TB UFS 4.0 storage. The device features a 6.82-inch 2K 120Hz Curved LTPO AMOLED display with 4500 nits peak brightness and Dolby Vision. For photography and videography, it houses a versatile camera system featuring a 50MP Sony LYT-808 primary sensor, 64MP periscope telephoto (3x optical, 120x digital), and 48MP ultrawide with Hasselblad color tuning. The smartphone is powered by a 5400mAh dual-cell battery supported by 100W SUPERVOOC fast charging (0-100% in 26 mins) and 50W AIRVOOC wireless. It operates on the latest OS release with enterprise-grade security updates and optimized thermal management.",20999,4.1,"The build quality feels high-end and comfortable to hold. Photos taken with the main lens are sharp with natural color tones. However, a fast wall adapter is not included inside the box."
84.0,Electronics,Honor,200 Pro 5G,Phantom Black,"The Honor 200 Pro 5G is a high-performance upper mid-range smartphone designed for modern mobile users. It is powered by the Qualcomm Snapdragon 8s Gen 3 processor paired with LPDDR5 RAM and UFS 3.1 high-speed storage. The device features a 6.78-inch 1.5K 144Hz 8T LTPO AMOLED display with 3000 nits brightness and 2160Hz PWM dimming. For photography and videography, it houses a versatile camera system featuring a 1-inch 50MP Sony LYT-900 primary camera with stepless variable aperture (f/1.63-f/4.0) co-engineered with Leica. The smartphone is powered by a 5000mAh graphite battery with 120W FlashCharge (0-100% in ~27 mins). It operates on the latest OS release with enterprise-grade security updates and optimized thermal management.",57999,4.9,Incredible display clarity and high refresh rate make scrolling and gaming super smooth. Charging speed is amazingly fast. Though system software comes with a few preinstalled apps that require manual uninstalling.
85.0,Electronics,Honor,200 5G,Titanium Gray,"The Honor 200 5G is a high-performance mid-range smartphone designed for modern mobile users. It is powered by the MediaTek Dimensity 7200 Pro processor paired with LPDDR5X RAM paired with 256GB UFS 4.0 internal storage. The device features a 6.67-inch 1.5K 120Hz CrystalRes AMOLED display with Dolby Vision and Gorilla Glass Victus. For photography and videography, it houses a versatile camera system featuring a 50MP 1-inch Sony IMX989 sensor with OIS, 50MP ZEISS APO Floating Telephoto with 4.3x optical zoom and ZEISS T* anti-reflective coating. The smartphone is powered by a 5500mAh dual-cell battery with 120W SUPERVOOC superfast charging. It operates on the latest OS release with enterprise-grade security updates and optimized thermal management.",37999,4.7,Top-notch camera setup with exceptional portrait modes and zoom capability. Software runs smooth without any stutters. Keep in mind that there is no expandable microSD card slot or 3.5mm headphone jack.
86.0,Electronics,Nothing,CMF by  Phone 1,Natural Titanium,"The CMF by Nothing Phone 1 is a high-performance budget smartphone designed for modern mobile users. It is powered by the MediaTek Dimensity 6080 processor paired with 12GB LPDDR5X ultra-fast RAM and 256GB UFS 4.0 storage. The device features a 6.7-inch 120Hz Flexible AMOLED screen with 1300 nits brightness and iconic transparent Glyph LED interface. For photography and videography, it houses a versatile camera system featuring a 50MP Sony LYT-808 main camera with OIS, 50MP telephoto portrait lens (2x optical zoom), and Next AI image processing. The smartphone is powered by a 5200mAh silicon-carbon high density battery with 100W wired and 66W wireless charging. It operates on the latest OS release with enterprise-grade security updates and optimized thermal management.",17999,4.9,"Solid battery endurance paired with rapid charging. Handles demanding mobile titles without thermal throttling. However, the camera bump on the back is quite prominent."
87.0,Electronics,Realme,12 Pro+ 5G,Oasis Green,"The Realme 12 Pro+ 5G is a high-performance mid-range smartphone designed for modern mobile users. It is powered by the Qualcomm Snapdragon 7 Gen 3 processor paired with 12GB LPDDR5X RAM with generous 512GB UFS 4.0 storage. The device features a 6.6-inch FHD+ 120Hz Super AMOLED display with Knox Vault security and Vision Booster. For photography and videography, it houses a versatile camera system featuring a 50MP primary sensor with OIS, 50MP ultrawide with macro mode, and 64MP periscope telephoto with 3x optical zoom. The smartphone is powered by a 5500mAh heavy-duty battery with 100W SUPERVOOC charging maintaining health over 4 years. It operates on the latest OS release with enterprise-grade security updates and optimized thermal management.",31999,4.8,"Sleek aesthetic design that turns heads. System software is intuitive, responsive, and packed with practical AI features. Though curved display edges occasionally trigger accidental palm touches."
88.0,Electronics,Realme,P1 Pro 5G,Midnight Blue,"The Realme P1 Pro 5G is a high-performance budget smartphone designed for modern mobile users. It is powered by the Qualcomm Snapdragon 695 5G processor paired with 16GB heavy-multitasking LPDDR5X RAM and 512GB UFS 4.0 storage. The device features a 6.74-inch 1.5K 120Hz Ultra Clear AMOLED with Aqua Touch wet-finger technology and 2150 nits brightness. For photography and videography, it houses a versatile camera system featuring a Dual 50MP rear camera sensors (Primary OIS + 114-degree Ultrawide) powered by Ultra XDR photography engine. The smartphone is powered by a 5000mAh battery with 90W Turbo Charge support included in the box. It operates on the latest OS release with enterprise-grade security updates and optimized thermal management.",21999,4.1,"Extremely satisfied with the purchase! The camera quality is outstanding, especially in low light, and the battery comfortably lasts over a day. However, the phone is slightly heavy for single-handed use."
89.0,Electronics,Vivo,T3 Pro 5G,Sunset Orange,"The Vivo T3 Pro 5G is a high-performance budget mid-range smartphone designed for modern mobile users. It is powered by the Snapdragon 7s Gen 2 processor paired with 16GB flagship LPDDR5X RAM paired with massive 1TB UFS 4.0 storage. The device features a 6.67-inch 1.5K 3D Curved AMOLED with 120Hz refresh rate, 1800 nits peak brightness and IP68 protection. For photography and videography, it houses a versatile camera system featuring a 200MP Samsung ISOCELL HP3 camera with OIS, 4x in-sensor lossless zoom, 8MP ultrawide, and 2MP macro lens. The smartphone is powered by a 5000mAh battery supporting 33W fast charging and 5W reverse wired charging. It operates on the latest OS release with enterprise-grade security updates and optimized thermal management.",28999,4.8,Blazing fast performance for daily multitasking and heavy gaming. The display is vibrant and easily readable under bright sunlight. Though the secondary ultrawide camera could be slightly better in low light.
90.0,Electronics,iQOO,Z9 Turbo 5G,Emerald Green,"The iQOO Z9 Turbo 5G is a high-performance budget mid-range smartphone designed for modern mobile users. It is powered by the Qualcomm Snapdragon 6 Gen 1 processor paired with LPDDR5 RAM and UFS 3.1 high-speed storage. The device features a 6.8-inch QHD+ 120Hz Dynamic AMOLED 2X display with 2600 nits peak brightness and Gorilla Armor. For photography and videography, it houses a versatile camera system featuring a 200MP OIS primary sensor, 50MP periscope telephoto with 5x optical zoom, 10MP 3x telephoto, and 12MP ultrawide. The smartphone is powered by a 5000mAh battery with 45W wired fast charging, 15W wireless charging, and reverse wireless support. It operates on the latest OS release with enterprise-grade security updates and optimized thermal management.",21999,4.8,"Great value for money smartphone in this price point. Clean UI experience and fast charging makes daily usage hassle-free. On the downside, charging speed could be slightly faster compared to rivals."
91.0,Electronics,Samsung,Galaxy Z Fold 5 5G,Starlight Silver,"The Samsung Galaxy Z Fold 5 5G is a high-performance foldable flagship smartphone designed for modern mobile users. It is powered by the Qualcomm Snapdragon 8 Gen 2 processor paired with LPDDR5X RAM paired with 256GB UFS 4.0 internal storage. The device features a 6.7-inch Super Retina XDR OLED display with ProMotion 120Hz adaptive refresh rate and outdoor peak 2000 nits. For photography and videography, it houses a versatile camera system featuring a 48MP main sensor with sensor-shift OIS, 12MP 5x tetraprism optical zoom telephoto, and 12MP ultrawide. The smartphone is powered by a 4422mAh battery with MagSafe 15W wireless charging and high efficiency battery optimization. It operates on the latest OS release with enterprise-grade security updates and optimized thermal management.",164999,3.9,"The build quality feels high-end and comfortable to hold. Photos taken with the main lens are sharp with natural color tones. However, a fast wall adapter is not included inside the box."
92.0,Electronics,Samsung,Galaxy Z Flip 5 5G,Glacier White,"The Samsung Galaxy Z Flip 5 5G is a high-performance foldable flagship smartphone designed for modern mobile users. It is powered by the MediaTek Dimensity 9000+ processor paired with 12GB LPDDR5X ultra-fast RAM and 256GB UFS 4.0 storage. The device features a 6.7-inch Super Actua LTPO OLED display with 1-120Hz variable refresh rate and 2400 nits peak brightness. For photography and videography, it houses a versatile camera system featuring a 50MP primary camera with OIS, 48MP ultrawide with macro focus, and 48MP telephoto with 5x optical zoom. The smartphone is powered by a 5050mAh battery with 30W wired charging and 23W wireless charging capability. It operates on the latest OS release with enterprise-grade security updates and optimized thermal management.",109999,4.3,Incredible display clarity and high refresh rate make scrolling and gaming super smooth. Charging speed is amazingly fast. Though system software comes with a few preinstalled apps that require manual uninstalling.
93.0,Electronics,Motorola,Razr 50 Ultra 5G,Asteroid Black,"The Motorola Razr 50 Ultra 5G is a high-performance foldable flagship smartphone designed for modern mobile users. It is powered by the Qualcomm Snapdragon 8 Gen 3 processor paired with 12GB LPDDR5X RAM with generous 512GB UFS 4.0 storage. The device features a 6.82-inch 2K 120Hz Curved LTPO AMOLED display with 4500 nits peak brightness and Dolby Vision. For photography and videography, it houses a versatile camera system featuring a 50MP Sony LYT-808 primary sensor, 64MP periscope telephoto (3x optical, 120x digital), and 48MP ultrawide with Hasselblad color tuning. The smartphone is powered by a 5400mAh dual-cell battery supported by 100W SUPERVOOC fast charging (0-100% in 26 mins) and 50W AIRVOOC wireless. It operates on the latest OS release with enterprise-grade security updates and optimized thermal management.",94999,4.1,Top-notch camera setup with exceptional portrait modes and zoom capability. Software runs smooth without any stutters. Keep in mind that there is no expandable microSD card slot or 3.5mm headphone jack.
94.0,Electronics,Tecno,Phantom V Fold 5G,Ocean Cyan,"The Tecno Phantom V Fold 5G is a high-performance foldable flagship smartphone designed for modern mobile users. It is powered by the Qualcomm Snapdragon 8 Gen 2 processor paired with 16GB heavy-multitasking LPDDR5X RAM and 512GB UFS 4.0 storage. The device features a 6.78-inch 1.5K 144Hz 8T LTPO AMOLED display with 3000 nits brightness and 2160Hz PWM dimming. For photography and videography, it houses a versatile camera system featuring a 1-inch 50MP Sony LYT-900 primary camera with stepless variable aperture (f/1.63-f/4.0) co-engineered with Leica. The smartphone is powered by a 5000mAh graphite battery with 120W FlashCharge (0-100% in ~27 mins). It operates on the latest OS release with enterprise-grade security updates and optimized thermal management.",74999,4.8,"Solid battery endurance paired with rapid charging. Handles demanding mobile titles without thermal throttling. However, the camera bump on the back is quite prominent."
95.0,Electronics,Tecno,Phantom V Flip 5G,Peach Fuzz,"The Tecno Phantom V Flip 5G is a high-performance foldable mid-range smartphone designed for modern mobile users. It is powered by the MediaTek Dimensity 8050 5G processor paired with 16GB flagship LPDDR5X RAM paired with massive 1TB UFS 4.0 storage. The device features a 6.67-inch 1.5K 120Hz CrystalRes AMOLED display with Dolby Vision and Gorilla Glass Victus. For photography and videography, it houses a versatile camera system featuring a 50MP 1-inch Sony IMX989 sensor with OIS, 50MP ZEISS APO Floating Telephoto with 4.3x optical zoom and ZEISS T* anti-reflective coating. The smartphone is powered by a 5500mAh dual-cell battery with 120W SUPERVOOC superfast charging. It operates on the latest OS release with enterprise-grade security updates and optimized thermal management.",54999,4.3,"Sleek aesthetic design that turns heads. System software is intuitive, responsive, and packed with practical AI features. Though curved display edges occasionally trigger accidental palm touches."
96.0,Electronics,ASUS,ROG Phone 8 Pro 5G,Phantom Black,"The Asus ROG Phone 8 Pro 5G is a high-performance gaming flagship smartphone designed for modern mobile users. It is powered by the Qualcomm Snapdragon 8 Gen 3 with dedicated GameCool vapour cooling processor paired with LPDDR5 RAM and UFS 3.1 high-speed storage. The device features a 6.7-inch 120Hz Flexible AMOLED screen with 1300 nits brightness and iconic transparent Glyph LED interface. For photography and videography, it houses a versatile camera system featuring a 50MP Sony LYT-808 main camera with OIS, 50MP telephoto portrait lens (2x optical zoom), and Next AI image processing. The smartphone is powered by a 5200mAh silicon-carbon high density battery with 100W wired and 66W wireless charging. It operates on the latest OS release with enterprise-grade security updates and optimized thermal management.",94999,4.3,"Extremely satisfied with the purchase! The camera quality is outstanding, especially in low light, and the battery comfortably lasts over a day. However, the phone is slightly heavy for single-handed use."
97.0,Electronics,ASUS,ROG Phone 8 5G,Titanium Gray,"The Asus ROG Phone 8 5G is a high-performance gaming flagship smartphone designed for modern mobile users. It is powered by the Qualcomm Snapdragon 8 Gen 3 with dedicated GameCool vapour cooling processor paired with LPDDR5X RAM paired with 256GB UFS 4.0 internal storage. The device features a 6.6-inch FHD+ 120Hz Super AMOLED display with Knox Vault security and Vision Booster. For photography and videography, it houses a versatile camera system featuring a 50MP primary sensor with OIS, 50MP ultrawide with macro mode, and 64MP periscope telephoto with 3x optical zoom. The smartphone is powered by a 5500mAh heavy-duty battery with 100W SUPERVOOC charging maintaining health over 4 years. It operates on the latest OS release with enterprise-grade security updates and optimized thermal management.",84999,4.1,Blazing fast performance for daily multitasking and heavy gaming. The display is vibrant and easily readable under bright sunlight. Though the secondary ultrawide camera could be slightly better in low light.
98.0,Electronics,Samsung,Galaxy S24 Ultra,Natural Titanium,"The Samsung Galaxy S24 Ultra is a high-performance flagship smartphone designed for modern mobile users. It is powered by the Google Tensor G3 processor paired with 12GB LPDDR5X ultra-fast RAM and 256GB UFS 4.0 storage. The device features a 6.74-inch 1.5K 120Hz Ultra Clear AMOLED with Aqua Touch wet-finger technology and 2150 nits brightness. For photography and videography, it houses a versatile camera system featuring a Dual 50MP rear camera sensors (Primary OIS + 114-degree Ultrawide) powered by Ultra XDR photography engine. The smartphone is powered by a 5000mAh battery with 90W Turbo Charge support included in the box. It operates on the latest OS release with enterprise-grade security updates and optimized thermal management.",139999,3.9,"Great value for money smartphone in this price point. Clean UI experience and fast charging makes daily usage hassle-free. On the downside, charging speed could be slightly faster compared to rivals."
99.0,Electronics,Samsung,Galaxy S24 Plus,Oasis Green,"The Samsung Galaxy S24 Plus is a high-performance flagship smartphone designed for modern mobile users. It is powered by the MediaTek Dimensity 9300 processor paired with 12GB LPDDR5X RAM with generous 512GB UFS 4.0 storage. The device features a 6.67-inch 1.5K 3D Curved AMOLED with 120Hz refresh rate, 1800 nits peak brightness and IP68 protection. For photography and videography, it houses a versatile camera system featuring a 200MP Samsung ISOCELL HP3 camera with OIS, 4x in-sensor lossless zoom, 8MP ultrawide, and 2MP macro lens. The smartphone is powered by a 5000mAh battery supporting 33W fast charging and 5W reverse wired charging. It operates on the latest OS release with enterprise-grade security updates and optimized thermal management.",109999,4.5,"The build quality feels high-end and comfortable to hold. Photos taken with the main lens are sharp with natural color tones. However, a fast wall adapter is not included inside the box."
100.0,Electronics,Samsung,Galaxy S24,Midnight Blue,"The Samsung Galaxy S24 is a high-performance flagship smartphone designed for modern mobile users. It is powered by the Qualcomm Snapdragon 8 Gen 3 processor paired with 16GB heavy-multitasking LPDDR5X RAM and 512GB UFS 4.0 storage. The device features a 6.8-inch QHD+ 120Hz Dynamic AMOLED 2X display with 2600 nits peak brightness and Gorilla Armor. For photography and videography, it houses a versatile camera system featuring a 200MP OIS primary sensor, 50MP periscope telephoto with 5x optical zoom, 10MP 3x telephoto, and 12MP ultrawide. The smartphone is powered by a 5000mAh battery with 45W wired fast charging, 15W wireless charging, and reverse wireless support. It operates on the latest OS release with enterprise-grade security updates and optimized thermal management.",79999,4.0,Incredible display clarity and high refresh rate make scrolling and gaming super smooth. Charging speed is amazingly fast. Though system software comes with a few preinstalled apps that require manual uninstalling.
101.0,Electronics,Apple,iPhone 15 Pro Max,Sunset Orange,"The Apple iPhone 15 Pro Max is a high-performance flagship smartphone designed for modern mobile users. It is powered by the Apple A17 Pro (3nm) processor paired with 16GB flagship LPDDR5X RAM paired with massive 1TB UFS 4.0 storage. The device features a 6.7-inch Super Retina XDR OLED display with ProMotion 120Hz adaptive refresh rate and outdoor peak 2000 nits. For photography and videography, it houses a versatile camera system featuring a 48MP main sensor with sensor-shift OIS, 12MP 5x tetraprism optical zoom telephoto, and 12MP ultrawide. The smartphone is powered by a 4422mAh battery with MagSafe 15W wireless charging and high efficiency battery optimization. It operates on the latest OS release with enterprise-grade security updates and optimized thermal management.",199900,4.7,Top-notch camera setup with exceptional portrait modes and zoom capability. Software runs smooth without any stutters. Keep in mind that there is no expandable microSD card slot or 3.5mm headphone jack.
102.0,Electronics,Apple,iPhone 15 Pro,Emerald Green,"The Apple iPhone 15 Pro is a high-performance flagship smartphone designed for modern mobile users. It is powered by the Google Tensor G3 processor paired with LPDDR5 RAM and UFS 3.1 high-speed storage. The device features a 6.7-inch Super Actua LTPO OLED display with 1-120Hz variable refresh rate and 2400 nits peak brightness. For photography and videography, it houses a versatile camera system featuring a 50MP primary camera with OIS, 48MP ultrawide with macro focus, and 48MP telephoto with 5x optical zoom. The smartphone is powered by a 5050mAh battery with 30W wired charging and 23W wireless charging capability. It operates on the latest OS release with enterprise-grade security updates and optimized thermal management.",134900,4.0,"Solid battery endurance paired with rapid charging. Handles demanding mobile titles without thermal throttling. However, the camera bump on the back is quite prominent."
103.0,Electronics,Apple,iPhone 15 Plus,Starlight Silver,"The Apple iPhone 15 Plus is a high-performance flagship smartphone designed for modern mobile users. It is powered by the MediaTek Dimensity 9300 processor paired with LPDDR5X RAM paired with 256GB UFS 4.0 internal storage. The device features a 6.82-inch 2K 120Hz Curved LTPO AMOLED display with 4500 nits peak brightness and Dolby Vision. For photography and videography, it houses a versatile camera system featuring a 50MP Sony LYT-808 primary sensor, 64MP periscope telephoto (3x optical, 120x digital), and 48MP ultrawide with Hasselblad color tuning. The smartphone is powered by a 5400mAh dual-cell battery supported by 100W SUPERVOOC fast charging (0-100% in 26 mins) and 50W AIRVOOC wireless. It operates on the latest OS release with enterprise-grade security updates and optimized thermal management.",99900,4.9,"Sleek aesthetic design that turns heads. System software is intuitive, responsive, and packed with practical AI features. Though curved display edges occasionally trigger accidental palm touches."
104.0,Electronics,Apple,iPhone 15,Glacier White,"The Apple iPhone 15 is a high-performance flagship smartphone designed for modern mobile users. It is powered by the Qualcomm Snapdragon 8 Gen 3 processor paired with 12GB LPDDR5X ultra-fast RAM and 256GB UFS 4.0 storage. The device features a 6.78-inch 1.5K 144Hz 8T LTPO AMOLED display with 3000 nits brightness and 2160Hz PWM dimming. For photography and videography, it houses a versatile camera system featuring a 1-inch 50MP Sony LYT-900 primary camera with stepless variable aperture (f/1.63-f/4.0) co-engineered with Leica. The smartphone is powered by a 5000mAh graphite battery with 120W FlashCharge (0-100% in ~27 mins). It operates on the latest OS release with enterprise-grade security updates and optimized thermal management.",89900,4.7,"Extremely satisfied with the purchase! The camera quality is outstanding, especially in low light, and the battery comfortably lasts over a day. However, the phone is slightly heavy for single-handed use."
105.0,Electronics,Google,Pixel 8 Pro,Asteroid Black,"The Google Pixel 8 Pro is a high-performance flagship smartphone designed for modern mobile users. It is powered by the Apple A17 Pro (3nm) processor paired with 12GB LPDDR5X RAM with generous 512GB UFS 4.0 storage. The device features a 6.67-inch 1.5K 120Hz CrystalRes AMOLED display with Dolby Vision and Gorilla Glass Victus. For photography and videography, it houses a versatile camera system featuring a 50MP 1-inch Sony IMX989 sensor with OIS, 50MP ZEISS APO Floating Telephoto with 4.3x optical zoom and ZEISS T* anti-reflective coating. The smartphone is powered by a 5500mAh dual-cell battery with 120W SUPERVOOC superfast charging. It operates on the latest OS release with enterprise-grade security updates and optimized thermal management.",113999,4.9,Blazing fast performance for daily multitasking and heavy gaming. The display is vibrant and easily readable under bright sunlight. Though the secondary ultrawide camera could be slightly better in low light.
106.0,Electronics,Google,Pixel 8a,Ocean Cyan,"The Google Pixel 8a is a high-performance mid-range smartphone designed for modern mobile users. It is powered by the MediaTek Dimensity 7200 Pro processor paired with 16GB heavy-multitasking LPDDR5X RAM and 512GB UFS 4.0 storage. The device features a 6.7-inch 120Hz Flexible AMOLED screen with 1300 nits brightness and iconic transparent Glyph LED interface. For photography and videography, it houses a versatile camera system featuring a 50MP Sony LYT-808 main camera with OIS, 50MP telephoto portrait lens (2x optical zoom), and Next AI image processing. The smartphone is powered by a 5200mAh silicon-carbon high density battery with 100W wired and 66W wireless charging. It operates on the latest OS release with enterprise-grade security updates and optimized thermal management.",59999,4.8,"Great value for money smartphone in this price point. Clean UI experience and fast charging makes daily usage hassle-free. On the downside, charging speed could be slightly faster compared to rivals."
107.0,Electronics,OnePlus,12 5G,Peach Fuzz,"The OnePlus 12 5G is a high-performance flagship smartphone designed for modern mobile users. It is powered by the MediaTek Dimensity 9300 processor paired with 16GB flagship LPDDR5X RAM paired with massive 1TB UFS 4.0 storage. The device features a 6.6-inch FHD+ 120Hz Super AMOLED display with Knox Vault security and Vision Booster. For photography and videography, it houses a versatile camera system featuring a 50MP primary sensor with OIS, 50MP ultrawide with macro mode, and 64MP periscope telephoto with 3x optical zoom. The smartphone is powered by a 5500mAh heavy-duty battery with 100W SUPERVOOC charging maintaining health over 4 years. It operates on the latest OS release with enterprise-grade security updates and optimized thermal management.",79999,4.2,"The build quality feels high-end and comfortable to hold. Photos taken with the main lens are sharp with natural color tones. However, a fast wall adapter is not included inside the box."
108.0,Electronics,OnePlus,12R 5G,Phantom Black,"The OnePlus 12R 5G is a high-performance upper mid-range smartphone designed for modern mobile users. It is powered by the Qualcomm Snapdragon 8s Gen 3 processor paired with LPDDR5 RAM and UFS 3.1 high-speed storage. The device features a 6.74-inch 1.5K 120Hz Ultra Clear AMOLED with Aqua Touch wet-finger technology and 2150 nits brightness. For photography and videography, it houses a versatile camera system featuring a Dual 50MP rear camera sensors (Primary OIS + 114-degree Ultrawide) powered by Ultra XDR photography engine. The smartphone is powered by a 5000mAh battery with 90W Turbo Charge support included in the box. It operates on the latest OS release with enterprise-grade security updates and optimized thermal management.",39999,4.1,Incredible display clarity and high refresh rate make scrolling and gaming super smooth. Charging speed is amazingly fast. Though system software comes with a few preinstalled apps that require manual uninstalling.
109.0,Electronics,Xiaomi,14 Ultra 5G,Titanium Gray,"The Xiaomi 14 Ultra 5G is a high-performance flagship smartphone designed for modern mobile users. It is powered by the Apple A17 Pro (3nm) processor paired with LPDDR5X RAM paired with 256GB UFS 4.0 internal storage. The device features a 6.67-inch 1.5K 3D Curved AMOLED with 120Hz refresh rate, 1800 nits peak brightness and IP68 protection. For photography and videography, it houses a versatile camera system featuring a 200MP Samsung ISOCELL HP3 camera with OIS, 4x in-sensor lossless zoom, 8MP ultrawide, and 2MP macro lens. The smartphone is powered by a 5000mAh battery supporting 33W fast charging and 5W reverse wired charging. It operates on the latest OS release with enterprise-grade security updates and optimized thermal management.",109999,4.7,Top-notch camera setup with exceptional portrait modes and zoom capability. Software runs smooth without any stutters. Keep in mind that there is no expandable microSD card slot or 3.5mm headphone jack.
110.0,Electronics,Xiaomi,14 Civi,Natural Titanium,"The Xiaomi 14 Civi is a high-performance upper mid-range smartphone designed for modern mobile users. It is powered by the MediaTek Dimensity 8300 Ultra processor paired with 12GB LPDDR5X ultra-fast RAM and 256GB UFS 4.0 storage. The device features a 6.8-inch QHD+ 120Hz Dynamic AMOLED 2X display with 2600 nits peak brightness and Gorilla Armor. For photography and videography, it houses a versatile camera system featuring a 200MP OIS primary sensor, 50MP periscope telephoto with 5x optical zoom, 10MP 3x telephoto, and 12MP ultrawide. The smartphone is powered by a 5000mAh battery with 45W wired fast charging, 15W wireless charging, and reverse wireless support. It operates on the latest OS release with enterprise-grade security updates and optimized thermal management.",47999,4.7,"Solid battery endurance paired with rapid charging. Handles demanding mobile titles without thermal throttling. However, the camera bump on the back is quite prominent."
111.0,Electronics,Vivo,X100 Pro 5G,Oasis Green,"The Vivo X100 Pro 5G is a high-performance flagship smartphone designed for modern mobile users. It is powered by the MediaTek Dimensity 9300 processor paired with 12GB LPDDR5X RAM with generous 512GB UFS 4.0 storage. The device features a 6.7-inch Super Retina XDR OLED display with ProMotion 120Hz adaptive refresh rate and outdoor peak 2000 nits. For photography and videography, it houses a versatile camera system featuring a 48MP main sensor with sensor-shift OIS, 12MP 5x tetraprism optical zoom telephoto, and 12MP ultrawide. The smartphone is powered by a 4422mAh battery with MagSafe 15W wireless charging and high efficiency battery optimization. It operates on the latest OS release with enterprise-grade security updates and optimized thermal management.",94999,4.8,"Sleek aesthetic design that turns heads. System software is intuitive, responsive, and packed with practical AI features. Though curved display edges occasionally trigger accidental palm touches."
112.0,Electronics,Vivo,V30 Pro 5G,Midnight Blue,"The Vivo V30 Pro 5G is a high-performance mid-range smartphone designed for modern mobile users. It is powered by the MediaTek Dimensity 7200 Pro processor paired with 16GB heavy-multitasking LPDDR5X RAM and 512GB UFS 4.0 storage. The device features a 6.7-inch Super Actua LTPO OLED display with 1-120Hz variable refresh rate and 2400 nits peak brightness. For photography and videography, it houses a versatile camera system featuring a 50MP primary camera with OIS, 48MP ultrawide with macro focus, and 48MP telephoto with 5x optical zoom. The smartphone is powered by a 5050mAh battery with 30W wired charging and 23W wireless charging capability. It operates on the latest OS release with enterprise-grade security updates and optimized thermal management.",46999,4.5,"Extremely satisfied with the purchase! The camera quality is outstanding, especially in low light, and the battery comfortably lasts over a day. However, the phone is slightly heavy for single-handed use."
113.0,Electronics,iQOO,12 5G,Sunset Orange,"The iQOO 12 5G is a high-performance performance flagship smartphone designed for modern mobile users. It is powered by the MediaTek Dimensity 9300 processor paired with 16GB flagship LPDDR5X RAM paired with massive 1TB UFS 4.0 storage. The device features a 6.82-inch 2K 120Hz Curved LTPO AMOLED display with 4500 nits peak brightness and Dolby Vision. For photography and videography, it houses a versatile camera system featuring a 50MP Sony LYT-808 primary sensor, 64MP periscope telephoto (3x optical, 120x digital), and 48MP ultrawide with Hasselblad color tuning. The smartphone is powered by a 5400mAh dual-cell battery supported by 100W SUPERVOOC fast charging (0-100% in 26 mins) and 50W AIRVOOC wireless. It operates on the latest OS release with enterprise-grade security updates and optimized thermal management.",64999,4.3,Blazing fast performance for daily multitasking and heavy gaming. The display is vibrant and easily readable under bright sunlight. Though the secondary ultrawide camera could be slightly better in low light.
114.0,Electronics,iQOO,Neo 9 Pro 5G,Emerald Green,"The iQOO Neo 9 Pro 5G is a high-performance performance mid-range smartphone designed for modern mobile users. It is powered by the Qualcomm Snapdragon 8 Gen 2 processor paired with LPDDR5 RAM and UFS 3.1 high-speed storage. The device features a 6.78-inch 1.5K 144Hz 8T LTPO AMOLED display with 3000 nits brightness and 2160Hz PWM dimming. For photography and videography, it houses a versatile camera system featuring a 1-inch 50MP Sony LYT-900 primary camera with stepless variable aperture (f/1.63-f/4.0) co-engineered with Leica. The smartphone is powered by a 5000mAh graphite battery with 120W FlashCharge (0-100% in ~27 mins). It operates on the latest OS release with enterprise-grade security updates and optimized thermal management.",34999,4.8,"Great value for money smartphone in this price point. Clean UI experience and fast charging makes daily usage hassle-free. On the downside, charging speed could be slightly faster compared to rivals."
115.0,Electronics,Realme,GT 6 5G,Starlight Silver,"The Realme GT 6 5G is a high-performance upper mid-range smartphone designed for modern mobile users. It is powered by the Qualcomm Snapdragon 7+ Gen 3 processor paired with LPDDR5X RAM paired with 256GB UFS 4.0 internal storage. The device features a 6.67-inch 1.5K 120Hz CrystalRes AMOLED display with Dolby Vision and Gorilla Glass Victus. For photography and videography, it houses a versatile camera system featuring a 50MP 1-inch Sony IMX989 sensor with OIS, 50MP ZEISS APO Floating Telephoto with 4.3x optical zoom and ZEISS T* anti-reflective coating. The smartphone is powered by a 5500mAh dual-cell battery with 120W SUPERVOOC superfast charging. It operates on the latest OS release with enterprise-grade security updates and optimized thermal management.",42999,4.6,"The build quality feels high-end and comfortable to hold. Photos taken with the main lens are sharp with natural color tones. However, a fast wall adapter is not included inside the box."
116.0,Electronics,Realme,GT 6T 5G,Glacier White,"The Realme GT 6T 5G is a high-performance mid-range smartphone designed for modern mobile users. It is powered by the Exynos 1480 (4nm) processor paired with 12GB LPDDR5X ultra-fast RAM and 256GB UFS 4.0 storage. The device features a 6.7-inch 120Hz Flexible AMOLED screen with 1300 nits brightness and iconic transparent Glyph LED interface. For photography and videography, it houses a versatile camera system featuring a 50MP Sony LYT-808 main camera with OIS, 50MP telephoto portrait lens (2x optical zoom), and Next AI image processing. The smartphone is powered by a 5200mAh silicon-carbon high density battery with 100W wired and 66W wireless charging. It operates on the latest OS release with enterprise-grade security updates and optimized thermal management.",32999,3.9,Incredible display clarity and high refresh rate make scrolling and gaming super smooth. Charging speed is amazingly fast. Though system software comes with a few preinstalled apps that require manual uninstalling.
117.0,Electronics,Motorola,Edge 50 Ultra,Asteroid Black,"The Motorola Edge 50 Ultra is a high-performance flagship smartphone designed for modern mobile users. It is powered by the Apple A17 Pro (3nm) processor paired with 12GB LPDDR5X RAM with generous 512GB UFS 4.0 storage. The device features a 6.6-inch FHD+ 120Hz Super AMOLED display with Knox Vault security and Vision Booster. For photography and videography, it houses a versatile camera system featuring a 50MP primary sensor with OIS, 50MP ultrawide with macro mode, and 64MP periscope telephoto with 3x optical zoom. The smartphone is powered by a 5500mAh heavy-duty battery with 100W SUPERVOOC charging maintaining health over 4 years. It operates on the latest OS release with enterprise-grade security updates and optimized thermal management.",64999,4.3,Top-notch camera setup with exceptional portrait modes and zoom capability. Software runs smooth without any stutters. Keep in mind that there is no expandable microSD card slot or 3.5mm headphone jack.
118.0,Electronics,Motorola,Edge 50 Pro,Ocean Cyan,"The Motorola Edge 50 Pro is a high-performance mid-range smartphone designed for modern mobile users. It is powered by the MediaTek Dimensity 7200 Pro processor paired with 16GB heavy-multitasking LPDDR5X RAM and 512GB UFS 4.0 storage. The device features a 6.74-inch 1.5K 120Hz Ultra Clear AMOLED with Aqua Touch wet-finger technology and 2150 nits brightness. For photography and videography, it houses a versatile camera system featuring a Dual 50MP rear camera sensors (Primary OIS + 114-degree Ultrawide) powered by Ultra XDR photography engine. The smartphone is powered by a 5000mAh battery with 90W Turbo Charge support included in the box. It operates on the latest OS release with enterprise-grade security updates and optimized thermal management.",35999,4.1,"Solid battery endurance paired with rapid charging. Handles demanding mobile titles without thermal throttling. However, the camera bump on the back is quite prominent."
119.0,Electronics,Motorola,Edge 50 Fusion,Peach Fuzz,"The Motorola Edge 50 Fusion is a high-performance budget mid-range smartphone designed for modern mobile users. It is powered by the Snapdragon 7s Gen 2 processor paired with 16GB flagship LPDDR5X RAM paired with massive 1TB UFS 4.0 storage. The device features a 6.67-inch 1.5K 3D Curved AMOLED with 120Hz refresh rate, 1800 nits peak brightness and IP68 protection. For photography and videography, it houses a versatile camera system featuring a 200MP Samsung ISOCELL HP3 camera with OIS, 4x in-sensor lossless zoom, 8MP ultrawide, and 2MP macro lens. The smartphone is powered by a 5000mAh battery supporting 33W fast charging and 5W reverse wired charging. It operates on the latest OS release with enterprise-grade security updates and optimized thermal management.",26999,4.3,"Sleek aesthetic design that turns heads. System software is intuitive, responsive, and packed with practical AI features. Though curved display edges occasionally trigger accidental palm touches."
120.0,Electronics,Nothing,Phone,2,"The Nothing Phone (2) is a high-performance upper mid-range smartphone designed for modern mobile users. It is powered by the Qualcomm Snapdragon 8s Gen 3 processor paired with LPDDR5 RAM and UFS 3.1 high-speed storage. The device features a 6.8-inch QHD+ 120Hz Dynamic AMOLED 2X display with 2600 nits peak brightness and Gorilla Armor. For photography and videography, it houses a versatile camera system featuring a 200MP OIS primary sensor, 50MP periscope telephoto with 5x optical zoom, 10MP 3x telephoto, and 12MP ultrawide. The smartphone is powered by a 5000mAh battery with 45W wired fast charging, 15W wireless charging, and reverse wireless support. It operates on the latest OS release with enterprise-grade security updates and optimized thermal management.",36999,4.5,"Extremely satisfied with the purchase! The camera quality is outstanding, especially in low light, and the battery comfortably lasts over a day. However, the phone is slightly heavy for single-handed use."
121.0,Electronics,Nothing,Phone,2a,"The Nothing Phone (2a) is a high-performance budget mid-range smartphone designed for modern mobile users. It is powered by the MediaTek Dimensity 7050 processor paired with LPDDR5X RAM paired with 256GB UFS 4.0 internal storage. The device features a 6.7-inch Super Retina XDR OLED display with ProMotion 120Hz adaptive refresh rate and outdoor peak 2000 nits. For photography and videography, it houses a versatile camera system featuring a 48MP main sensor with sensor-shift OIS, 12MP 5x tetraprism optical zoom telephoto, and 12MP ultrawide. The smartphone is powered by a 4422mAh battery with MagSafe 15W wireless charging and high efficiency battery optimization. It operates on the latest OS release with enterprise-grade security updates and optimized thermal management.",25999,4.3,Blazing fast performance for daily multitasking and heavy gaming. The display is vibrant and easily readable under bright sunlight. Though the secondary ultrawide camera could be slightly better in low light.
122.0,Electronics,POCO,F6 Pro 5G,Natural Titanium,"The Poco F6 Pro 5G is a high-performance performance mid-range smartphone designed for modern mobile users. It is powered by the MediaTek Dimensity 8300 Ultra processor paired with 12GB LPDDR5X ultra-fast RAM and 256GB UFS 4.0 storage. The device features a 6.7-inch Super Actua LTPO OLED display with 1-120Hz variable refresh rate and 2400 nits peak brightness. For photography and videography, it houses a versatile camera system featuring a 50MP primary camera with OIS, 48MP ultrawide with macro focus, and 48MP telephoto with 5x optical zoom. The smartphone is powered by a 5050mAh battery with 30W wired charging and 23W wireless charging capability. It operates on the latest OS release with enterprise-grade security updates and optimized thermal management.",41999,4.1,"Great value for money smartphone in this price point. Clean UI experience and fast charging makes daily usage hassle-free. On the downside, charging speed could be slightly faster compared to rivals."
123.0,Electronics,POCO,F6 5G,Oasis Green,"The Poco F6 5G is a high-performance performance budget smartphone designed for modern mobile users. It is powered by the MediaTek Dimensity 8300 Ultra processor paired with 12GB LPDDR5X RAM with generous 512GB UFS 4.0 storage. The device features a 6.82-inch 2K 120Hz Curved LTPO AMOLED display with 4500 nits peak brightness and Dolby Vision. For photography and videography, it houses a versatile camera system featuring a 50MP Sony LYT-808 primary sensor, 64MP periscope telephoto (3x optical, 120x digital), and 48MP ultrawide with Hasselblad color tuning. The smartphone is powered by a 5400mAh dual-cell battery supported by 100W SUPERVOOC fast charging (0-100% in 26 mins) and 50W AIRVOOC wireless. It operates on the latest OS release with enterprise-grade security updates and optimized thermal management.",31999,4.5,"The build quality feels high-end and comfortable to hold. Photos taken with the main lens are sharp with natural color tones. However, a fast wall adapter is not included inside the box."
124.0,Electronics,POCO,X6 Pro 5G,Midnight Blue,"The Poco X6 Pro 5G is a high-performance performance budget smartphone designed for modern mobile users. It is powered by the Qualcomm Snapdragon 8s Gen 3 processor paired with 16GB heavy-multitasking LPDDR5X RAM and 512GB UFS 4.0 storage. The device features a 6.78-inch 1.5K 144Hz 8T LTPO AMOLED display with 3000 nits brightness and 2160Hz PWM dimming. For photography and videography, it houses a versatile camera system featuring a 1-inch 50MP Sony LYT-900 primary camera with stepless variable aperture (f/1.63-f/4.0) co-engineered with Leica. The smartphone is powered by a 5000mAh graphite battery with 120W FlashCharge (0-100% in ~27 mins). It operates on the latest OS release with enterprise-grade security updates and optimized thermal management.",26999,4.0,Incredible display clarity and high refresh rate make scrolling and gaming super smooth. Charging speed is amazingly fast. Though system software comes with a few preinstalled apps that require manual uninstalling.
125.0,Electronics,Samsung,Galaxy A55 5G,Sunset Orange,"The Samsung Galaxy A55 5G is a high-performance mid-range smartphone designed for modern mobile users. It is powered by the Exynos 1480 (4nm) processor paired with 16GB flagship LPDDR5X RAM paired with massive 1TB UFS 4.0 storage. The device features a 6.67-inch 1.5K 120Hz CrystalRes AMOLED display with Dolby Vision and Gorilla Glass Victus. For photography and videography, it houses a versatile camera system featuring a 50MP 1-inch Sony IMX989 sensor with OIS, 50MP ZEISS APO Floating Telephoto with 4.3x optical zoom and ZEISS T* anti-reflective coating. The smartphone is powered by a 5500mAh dual-cell battery with 120W SUPERVOOC superfast charging. It operates on the latest OS release with enterprise-grade security updates and optimized thermal management.",45999,4.7,Top-notch camera setup with exceptional portrait modes and zoom capability. Software runs smooth without any stutters. Keep in mind that there is no expandable microSD card slot or 3.5mm headphone jack.
126.0,Electronics,Samsung,Galaxy A35 5G,Emerald Green,"The Samsung Galaxy A35 5G is a high-performance budget mid-range smartphone designed for modern mobile users. It is powered by the Qualcomm Snapdragon 6 Gen 1 processor paired with LPDDR5 RAM and UFS 3.1 high-speed storage. The device features a 6.7-inch 120Hz Flexible AMOLED screen with 1300 nits brightness and iconic transparent Glyph LED interface. For photography and videography, it houses a versatile camera system featuring a 50MP Sony LYT-808 main camera with OIS, 50MP telephoto portrait lens (2x optical zoom), and Next AI image processing. The smartphone is powered by a 5200mAh silicon-carbon high density battery with 100W wired and 66W wireless charging. It operates on the latest OS release with enterprise-grade security updates and optimized thermal management.",27999,4.7,"Solid battery endurance paired with rapid charging. Handles demanding mobile titles without thermal throttling. However, the camera bump on the back is quite prominent."
127.0,Electronics,Samsung,Galaxy M55 5G,Starlight Silver,"The Samsung Galaxy M55 5G is a high-performance budget mid-range smartphone designed for modern mobile users. It is powered by the MediaTek Dimensity 7050 processor paired with LPDDR5X RAM paired with 256GB UFS 4.0 internal storage. The device features a 6.6-inch FHD+ 120Hz Super AMOLED display with Knox Vault security and Vision Booster. For photography and videography, it houses a versatile camera system featuring a 50MP primary sensor with OIS, 50MP ultrawide with macro mode, and 64MP periscope telephoto with 3x optical zoom. The smartphone is powered by a 5500mAh heavy-duty battery with 100W SUPERVOOC charging maintaining health over 4 years. It operates on the latest OS release with enterprise-grade security updates and optimized thermal management.",26999,3.9,"Sleek aesthetic design that turns heads. System software is intuitive, responsive, and packed with practical AI features. Though curved display edges occasionally trigger accidental palm touches."
128.0,Electronics,OnePlus,Nord 4 5G,Glacier White,"The OnePlus Nord 4 5G is a high-performance mid-range smartphone designed for modern mobile users. It is powered by the Exynos 1480 (4nm) processor paired with 12GB LPDDR5X ultra-fast RAM and 256GB UFS 4.0 storage. The device features a 6.74-inch 1.5K 120Hz Ultra Clear AMOLED with Aqua Touch wet-finger technology and 2150 nits brightness. For photography and videography, it houses a versatile camera system featuring a Dual 50MP rear camera sensors (Primary OIS + 114-degree Ultrawide) powered by Ultra XDR photography engine. The smartphone is powered by a 5000mAh battery with 90W Turbo Charge support included in the box. It operates on the latest OS release with enterprise-grade security updates and optimized thermal management.",32999,4.9,"Extremely satisfied with the purchase! The camera quality is outstanding, especially in low light, and the battery comfortably lasts over a day. However, the phone is slightly heavy for single-handed use."
129.0,Electronics,OnePlus,Nord CE 4 5G,Asteroid Black,"The OnePlus Nord CE 4 5G is a high-performance budget mid-range smartphone designed for modern mobile users. It is powered by the Qualcomm Snapdragon 6 Gen 1 processor paired with 12GB LPDDR5X RAM with generous 512GB UFS 4.0 storage. The device features a 6.67-inch 1.5K 3D Curved AMOLED with 120Hz refresh rate, 1800 nits peak brightness and IP68 protection. For photography and videography, it houses a versatile camera system featuring a 200MP Samsung ISOCELL HP3 camera with OIS, 4x in-sensor lossless zoom, 8MP ultrawide, and 2MP macro lens. The smartphone is powered by a 5000mAh battery supporting 33W fast charging and 5W reverse wired charging. It operates on the latest OS release with enterprise-grade security updates and optimized thermal management.",26999,4.0,Blazing fast performance for daily multitasking and heavy gaming. The display is vibrant and easily readable under bright sunlight. Though the secondary ultrawide camera could be slightly better in low light.
130.0,Electronics,Redmi,Note 13 Pro+ 5G,Ocean Cyan,"The Redmi Note 13 Pro+ 5G is a high-performance mid-range smartphone designed for modern mobile users. It is powered by the MediaTek Dimensity 7200 Pro processor paired with 16GB heavy-multitasking LPDDR5X RAM and 512GB UFS 4.0 storage. The device features a 6.8-inch QHD+ 120Hz Dynamic AMOLED 2X display with 2600 nits peak brightness and Gorilla Armor. For photography and videography, it houses a versatile camera system featuring a 200MP OIS primary sensor, 50MP periscope telephoto with 5x optical zoom, 10MP 3x telephoto, and 12MP ultrawide. The smartphone is powered by a 5000mAh battery with 45W wired fast charging, 15W wireless charging, and reverse wireless support. It operates on the latest OS release with enterprise-grade security updates and optimized thermal management.",33999,4.0,"Great value for money smartphone in this price point. Clean UI experience and fast charging makes daily usage hassle-free. On the downside, charging speed could be slightly faster compared to rivals."
131.0,Electronics,Redmi,Note 13 Pro 5G,Peach Fuzz,"The Redmi Note 13 Pro 5G is a high-performance budget mid-range smartphone designed for modern mobile users. It is powered by the Snapdragon 7s Gen 2 processor paired with 16GB flagship LPDDR5X RAM paired with massive 1TB UFS 4.0 storage. The device features a 6.7-inch Super Retina XDR OLED display with ProMotion 120Hz adaptive refresh rate and outdoor peak 2000 nits. For photography and videography, it houses a versatile camera system featuring a 48MP main sensor with sensor-shift OIS, 12MP 5x tetraprism optical zoom telephoto, and 12MP ultrawide. The smartphone is powered by a 4422mAh battery with MagSafe 15W wireless charging and high efficiency battery optimization. It operates on the latest OS release with enterprise-grade security updates and optimized thermal management.",28999,4.3,"The build quality feels high-end and comfortable to hold. Photos taken with the main lens are sharp with natural color tones. However, a fast wall adapter is not included inside the box."
132.0,Electronics,Redmi,Note 13 5G,Phantom Black,"The Redmi Note 13 5G is a high-performance budget smartphone designed for modern mobile users. It is powered by the MediaTek Dimensity 7300 5G processor paired with LPDDR5 RAM and UFS 3.1 high-speed storage. The device features a 6.7-inch Super Actua LTPO OLED display with 1-120Hz variable refresh rate and 2400 nits peak brightness. For photography and videography, it houses a versatile camera system featuring a 50MP primary camera with OIS, 48MP ultrawide with macro focus, and 48MP telephoto with 5x optical zoom. The smartphone is powered by a 5050mAh battery with 30W wired charging and 23W wireless charging capability. It operates on the latest OS release with enterprise-grade security updates and optimized thermal management.",16999,4.7,Incredible display clarity and high refresh rate make scrolling and gaming super smooth. Charging speed is amazingly fast. Though system software comes with a few preinstalled apps that require manual uninstalling.
133.0,Electronics,Honor,200 Pro 5G,Titanium Gray,"The Honor 200 Pro 5G is a high-performance upper mid-range smartphone designed for modern mobile users. It is powered by the Qualcomm Snapdragon 7+ Gen 3 processor paired with LPDDR5X RAM paired with 256GB UFS 4.0 internal storage. The device features a 6.82-inch 2K 120Hz Curved LTPO AMOLED display with 4500 nits peak brightness and Dolby Vision. For photography and videography, it houses a versatile camera system featuring a 50MP Sony LYT-808 primary sensor, 64MP periscope telephoto (3x optical, 120x digital), and 48MP ultrawide with Hasselblad color tuning. The smartphone is powered by a 5400mAh dual-cell battery supported by 100W SUPERVOOC fast charging (0-100% in 26 mins) and 50W AIRVOOC wireless. It operates on the latest OS release with enterprise-grade security updates and optimized thermal management.",61999,4.1,Top-notch camera setup with exceptional portrait modes and zoom capability. Software runs smooth without any stutters. Keep in mind that there is no expandable microSD card slot or 3.5mm headphone jack.
134.0,Electronics,Honor,200 5G,Natural Titanium,"The Honor 200 5G is a high-performance mid-range smartphone designed for modern mobile users. It is powered by the Exynos 1480 (4nm) processor paired with 12GB LPDDR5X ultra-fast RAM and 256GB UFS 4.0 storage. The device features a 6.78-inch 1.5K 144Hz 8T LTPO AMOLED display with 3000 nits brightness and 2160Hz PWM dimming. For photography and videography, it houses a versatile camera system featuring a 1-inch 50MP Sony LYT-900 primary camera with stepless variable aperture (f/1.63-f/4.0) co-engineered with Leica. The smartphone is powered by a 5000mAh graphite battery with 120W FlashCharge (0-100% in ~27 mins). It operates on the latest OS release with enterprise-grade security updates and optimized thermal management.",37999,4.4,"Solid battery endurance paired with rapid charging. Handles demanding mobile titles without thermal throttling. However, the camera bump on the back is quite prominent."
135.0,Electronics,Nothing,CMF by  Phone 1,Oasis Green,"The CMF by Nothing Phone 1 is a high-performance budget smartphone designed for modern mobile users. It is powered by the MediaTek Dimensity 7300 5G processor paired with 12GB LPDDR5X RAM with generous 512GB UFS 4.0 storage. The device features a 6.67-inch 1.5K 120Hz CrystalRes AMOLED display with Dolby Vision and Gorilla Glass Victus. For photography and videography, it houses a versatile camera system featuring a 50MP 1-inch Sony IMX989 sensor with OIS, 50MP ZEISS APO Floating Telephoto with 4.3x optical zoom and ZEISS T* anti-reflective coating. The smartphone is powered by a 5500mAh dual-cell battery with 120W SUPERVOOC superfast charging. It operates on the latest OS release with enterprise-grade security updates and optimized thermal management.",17999,4.4,"Sleek aesthetic design that turns heads. System software is intuitive, responsive, and packed with practical AI features. Though curved display edges occasionally trigger accidental palm touches."
136.0,Electronics,Realme,12 Pro+ 5G,Midnight Blue,"The Realme 12 Pro+ 5G is a high-performance mid-range smartphone designed for modern mobile users. It is powered by the MediaTek Dimensity 7200 Pro processor paired with 16GB heavy-multitasking LPDDR5X RAM and 512GB UFS 4.0 storage. The device features a 6.7-inch 120Hz Flexible AMOLED screen with 1300 nits brightness and iconic transparent Glyph LED interface. For photography and videography, it houses a versatile camera system featuring a 50MP Sony LYT-808 main camera with OIS, 50MP telephoto portrait lens (2x optical zoom), and Next AI image processing. The smartphone is powered by a 5200mAh silicon-carbon high density battery with 100W wired and 66W wireless charging. It operates on the latest OS release with enterprise-grade security updates and optimized thermal management.",31999,4.5,"Extremely satisfied with the purchase! The camera quality is outstanding, especially in low light, and the battery comfortably lasts over a day. However, the phone is slightly heavy for single-handed use."
137.0,Electronics,Realme,P1 Pro 5G,Sunset Orange,"The Realme P1 Pro 5G is a high-performance budget smartphone designed for modern mobile users. It is powered by the MediaTek Dimensity 6080 processor paired with 16GB flagship LPDDR5X RAM paired with massive 1TB UFS 4.0 storage. The device features a 6.6-inch FHD+ 120Hz Super AMOLED display with Knox Vault security and Vision Booster. For photography and videography, it houses a versatile camera system featuring a 50MP primary sensor with OIS, 50MP ultrawide with macro mode, and 64MP periscope telephoto with 3x optical zoom. The smartphone is powered by a 5500mAh heavy-duty battery with 100W SUPERVOOC charging maintaining health over 4 years. It operates on the latest OS release with enterprise-grade security updates and optimized thermal management.",22999,4.7,Blazing fast performance for daily multitasking and heavy gaming. The display is vibrant and easily readable under bright sunlight. Though the secondary ultrawide camera could be slightly better in low light.
138.0,Electronics,Vivo,T3 Pro 5G,Emerald Green,"The Vivo T3 Pro 5G is a high-performance budget mid-range smartphone designed for modern mobile users. It is powered by the Qualcomm Snapdragon 6 Gen 1 processor paired with LPDDR5 RAM and UFS 3.1 high-speed storage. The device features a 6.74-inch 1.5K 120Hz Ultra Clear AMOLED with Aqua Touch wet-finger technology and 2150 nits brightness. For photography and videography, it houses a versatile camera system featuring a Dual 50MP rear camera sensors (Primary OIS + 114-degree Ultrawide) powered by Ultra XDR photography engine. The smartphone is powered by a 5000mAh battery with 90W Turbo Charge support included in the box. It operates on the latest OS release with enterprise-grade security updates and optimized thermal management.",24999,4.7,"Great value for money smartphone in this price point. Clean UI experience and fast charging makes daily usage hassle-free. On the downside, charging speed could be slightly faster compared to rivals."
139.0,Electronics,iQOO,Z9 Turbo 5G,Starlight Silver,"The iQOO Z9 Turbo 5G is a high-performance budget mid-range smartphone designed for modern mobile users. It is powered by the MediaTek Dimensity 7050 processor paired with LPDDR5X RAM paired with 256GB UFS 4.0 internal storage. The device features a 6.67-inch 1.5K 3D Curved AMOLED with 120Hz refresh rate, 1800 nits peak brightness and IP68 protection. For photography and videography, it houses a versatile camera system featuring a 200MP Samsung ISOCELL HP3 camera with OIS, 4x in-sensor lossless zoom, 8MP ultrawide, and 2MP macro lens. The smartphone is powered by a 5000mAh battery supporting 33W fast charging and 5W reverse wired charging. It operates on the latest OS release with enterprise-grade security updates and optimized thermal management.",23999,3.9,"The build quality feels high-end and comfortable to hold. Photos taken with the main lens are sharp with natural color tones. However, a fast wall adapter is not included inside the box."
140.0,Electronics,Samsung,Galaxy Z Fold 5 5G,Glacier White,"The Samsung Galaxy Z Fold 5 5G is a high-performance foldable flagship smartphone designed for modern mobile users. It is powered by the MediaTek Dimensity 9000+ processor paired with 12GB LPDDR5X ultra-fast RAM and 256GB UFS 4.0 storage. The device features a 6.8-inch QHD+ 120Hz Dynamic AMOLED 2X display with 2600 nits peak brightness and Gorilla Armor. For photography and videography, it houses a versatile camera system featuring a 200MP OIS primary sensor, 50MP periscope telephoto with 5x optical zoom, 10MP 3x telephoto, and 12MP ultrawide. The smartphone is powered by a 5000mAh battery with 45W wired fast charging, 15W wireless charging, and reverse wireless support. It operates on the latest OS release with enterprise-grade security updates and optimized thermal management.",164999,4.4,Incredible display clarity and high refresh rate make scrolling and gaming super smooth. Charging speed is amazingly fast. Though system software comes with a few preinstalled apps that require manual uninstalling.
141.0,Electronics,Samsung,Galaxy Z Flip 5 5G,Asteroid Black,"The Samsung Galaxy Z Flip 5 5G is a high-performance foldable flagship smartphone designed for modern mobile users. It is powered by the Qualcomm Snapdragon 8 Gen 3 processor paired with 12GB LPDDR5X RAM with generous 512GB UFS 4.0 storage. The device features a 6.7-inch Super Retina XDR OLED display with ProMotion 120Hz adaptive refresh rate and outdoor peak 2000 nits. For photography and videography, it houses a versatile camera system featuring a 48MP main sensor with sensor-shift OIS, 12MP 5x tetraprism optical zoom telephoto, and 12MP ultrawide. The smartphone is powered by a 4422mAh battery with MagSafe 15W wireless charging and high efficiency battery optimization. It operates on the latest OS release with enterprise-grade security updates and optimized thermal management.",109999,4.7,Top-notch camera setup with exceptional portrait modes and zoom capability. Software runs smooth without any stutters. Keep in mind that there is no expandable microSD card slot or 3.5mm headphone jack.
142.0,Electronics,Motorola,Razr 50 Ultra 5G,Ocean Cyan,"The Motorola Razr 50 Ultra 5G is a high-performance foldable flagship smartphone designed for modern mobile users. It is powered by the Qualcomm Snapdragon 8 Gen 2 processor paired with 16GB heavy-multitasking LPDDR5X RAM and 512GB UFS 4.0 storage. The device features a 6.7-inch Super Actua LTPO OLED display with 1-120Hz variable refresh rate and 2400 nits peak brightness. For photography and videography, it houses a versatile camera system featuring a 50MP primary camera with OIS, 48MP ultrawide with macro focus, and 48MP telephoto with 5x optical zoom. The smartphone is powered by a 5050mAh battery with 30W wired charging and 23W wireless charging capability. It operates on the latest OS release with enterprise-grade security updates and optimized thermal management.",94999,3.9,"Solid battery endurance paired with rapid charging. Handles demanding mobile titles without thermal throttling. However, the camera bump on the back is quite prominent."
143.0,Electronics,Tecno,Phantom V Fold 5G,Peach Fuzz,"The Tecno Phantom V Fold 5G is a high-performance foldable flagship smartphone designed for modern mobile users. It is powered by the MediaTek Dimensity 9000+ processor paired with 16GB flagship LPDDR5X RAM paired with massive 1TB UFS 4.0 storage. The device features a 6.82-inch 2K 120Hz Curved LTPO AMOLED display with 4500 nits peak brightness and Dolby Vision. For photography and videography, it houses a versatile camera system featuring a 50MP Sony LYT-808 primary sensor, 64MP periscope telephoto (3x optical, 120x digital), and 48MP ultrawide with Hasselblad color tuning. The smartphone is powered by a 5400mAh dual-cell battery supported by 100W SUPERVOOC fast charging (0-100% in 26 mins) and 50W AIRVOOC wireless. It operates on the latest OS release with enterprise-grade security updates and optimized thermal management.",79999,4.3,"Sleek aesthetic design that turns heads. System software is intuitive, responsive, and packed with practical AI features. Though curved display edges occasionally trigger accidental palm touches."
144.0,Electronics,Tecno,Phantom V Flip 5G,Phantom Black,"The Tecno Phantom V Flip 5G is a high-performance foldable mid-range smartphone designed for modern mobile users. It is powered by the MediaTek Dimensity 8050 5G processor paired with LPDDR5 RAM and UFS 3.1 high-speed storage. The device features a 6.78-inch 1.5K 144Hz 8T LTPO AMOLED display with 3000 nits brightness and 2160Hz PWM dimming. For photography and videography, it houses a versatile camera system featuring a 1-inch 50MP Sony LYT-900 primary camera with stepless variable aperture (f/1.63-f/4.0) co-engineered with Leica. The smartphone is powered by a 5000mAh graphite battery with 120W FlashCharge (0-100% in ~27 mins). It operates on the latest OS release with enterprise-grade security updates and optimized thermal management.",49999,4.6,"Extremely satisfied with the purchase! The camera quality is outstanding, especially in low light, and the battery comfortably lasts over a day. However, the phone is slightly heavy for single-handed use."
145.0,Electronics,ASUS,ROG Phone 8 Pro 5G,Titanium Gray,"The Asus ROG Phone 8 Pro 5G is a high-performance gaming flagship smartphone designed for modern mobile users. It is powered by the Qualcomm Snapdragon 8 Gen 3 with dedicated GameCool vapour cooling processor paired with LPDDR5X RAM paired with 256GB UFS 4.0 internal storage. The device features a 6.67-inch 1.5K 120Hz CrystalRes AMOLED display with Dolby Vision and Gorilla Glass Victus. For photography and videography, it houses a versatile camera system featuring a 50MP 1-inch Sony IMX989 sensor with OIS, 50MP ZEISS APO Floating Telephoto with 4.3x optical zoom and ZEISS T* anti-reflective coating. The smartphone is powered by a 5500mAh dual-cell battery with 120W SUPERVOOC superfast charging. It operates on the latest OS release with enterprise-grade security updates and optimized thermal management.",99999,4.2,Blazing fast performance for daily multitasking and heavy gaming. The display is vibrant and easily readable under bright sunlight. Though the secondary ultrawide camera could be slightly better in low light.
146.0,Electronics,ASUS,ROG Phone 8 5G,Natural Titanium,"The Asus ROG Phone 8 5G is a high-performance gaming flagship smartphone designed for modern mobile users. It is powered by the Qualcomm Snapdragon 8 Gen 3 with dedicated GameCool vapour cooling processor paired with 12GB LPDDR5X ultra-fast RAM and 256GB UFS 4.0 storage. The device features a 6.7-inch 120Hz Flexible AMOLED screen with 1300 nits brightness and iconic transparent Glyph LED interface. For photography and videography, it houses a versatile camera system featuring a 50MP Sony LYT-808 main camera with OIS, 50MP telephoto portrait lens (2x optical zoom), and Next AI image processing. The smartphone is powered by a 5200mAh silicon-carbon high density battery with 100W wired and 66W wireless charging. It operates on the latest OS release with enterprise-grade security updates and optimized thermal management.",84999,4.0,"Great value for money smartphone in this price point. Clean UI experience and fast charging makes daily usage hassle-free. On the downside, charging speed could be slightly faster compared to rivals."
147.0,Electronics,Samsung,Galaxy S24 Ultra,Oasis Green,"The Samsung Galaxy S24 Ultra is a high-performance flagship smartphone designed for modern mobile users. It is powered by the MediaTek Dimensity 9300 processor paired with 12GB LPDDR5X RAM with generous 512GB UFS 4.0 storage. The device features a 6.6-inch FHD+ 120Hz Super AMOLED display with Knox Vault security and Vision Booster. For photography and videography, it houses a versatile camera system featuring a 50MP primary sensor with OIS, 50MP ultrawide with macro mode, and 64MP periscope telephoto with 3x optical zoom. The smartphone is powered by a 5500mAh heavy-duty battery with 100W SUPERVOOC charging maintaining health over 4 years. It operates on the latest OS release with enterprise-grade security updates and optimized thermal management.",139999,4.9,"The build quality feels high-end and comfortable to hold. Photos taken with the main lens are sharp with natural color tones. However, a fast wall adapter is not included inside the box."
148.0,Electronics,Samsung,Galaxy S24 Plus,Midnight Blue,"The Samsung Galaxy S24 Plus is a high-performance flagship smartphone designed for modern mobile users. It is powered by the Qualcomm Snapdragon 8 Gen 3 processor paired with 16GB heavy-multitasking LPDDR5X RAM and 512GB UFS 4.0 storage. The device features a 6.74-inch 1.5K 120Hz Ultra Clear AMOLED with Aqua Touch wet-finger technology and 2150 nits brightness. For photography and videography, it houses a versatile camera system featuring a Dual 50MP rear camera sensors (Primary OIS + 114-degree Ultrawide) powered by Ultra XDR photography engine. The smartphone is powered by a 5000mAh battery with 90W Turbo Charge support included in the box. It operates on the latest OS release with enterprise-grade security updates and optimized thermal management.",109999,4.5,Incredible display clarity and high refresh rate make scrolling and gaming super smooth. Charging speed is amazingly fast. Though system software comes with a few preinstalled apps that require manual uninstalling.
149.0,Electronics,Samsung,Galaxy S24,Sunset Orange,"The Samsung Galaxy S24 is a high-performance flagship smartphone designed for modern mobile users. It is powered by the Apple A17 Pro (3nm) processor paired with 16GB flagship LPDDR5X RAM paired with massive 1TB UFS 4.0 storage. The device features a 6.67-inch 1.5K 3D Curved AMOLED with 120Hz refresh rate, 1800 nits peak brightness and IP68 protection. For photography and videography, it houses a versatile camera system featuring a 200MP Samsung ISOCELL HP3 camera with OIS, 4x in-sensor lossless zoom, 8MP ultrawide, and 2MP macro lens. The smartphone is powered by a 5000mAh battery supporting 33W fast charging and 5W reverse wired charging. It operates on the latest OS release with enterprise-grade security updates and optimized thermal management.",89999,4.6,Top-notch camera setup with exceptional portrait modes and zoom capability. Software runs smooth without any stutters. Keep in mind that there is no expandable microSD card slot or 3.5mm headphone jack.
150.0,Electronics,Apple,iPhone 15 Pro Max,Emerald Green,"The Apple iPhone 15 Pro Max is a high-performance flagship smartphone designed for modern mobile users. It is powered by the Google Tensor G3 processor paired with LPDDR5 RAM and UFS 3.1 high-speed storage. The device features a 6.8-inch QHD+ 120Hz Dynamic AMOLED 2X display with 2600 nits peak brightness and Gorilla Armor. For photography and videography, it houses a versatile camera system featuring a 200MP OIS primary sensor, 50MP periscope telephoto with 5x optical zoom, 10MP 3x telephoto, and 12MP ultrawide. The smartphone is powered by a 5000mAh battery with 45W wired fast charging, 15W wireless charging, and reverse wireless support. It operates on the latest OS release with enterprise-grade security updates and optimized thermal management.",159900,4.4,"Solid battery endurance paired with rapid charging. Handles demanding mobile titles without thermal throttling. However, the camera bump on the back is quite prominent."
151.0,Electronics,Apple,iPhone 15 Pro,Starlight Silver,"The Apple iPhone 15 Pro is a high-performance flagship smartphone designed for modern mobile users. It is powered by the MediaTek Dimensity 9300 processor paired with LPDDR5X RAM paired with 256GB UFS 4.0 internal storage. The device features a 6.7-inch Super Retina XDR OLED display with ProMotion 120Hz adaptive refresh rate and outdoor peak 2000 nits. For photography and videography, it houses a versatile camera system featuring a 48MP main sensor with sensor-shift OIS, 12MP 5x tetraprism optical zoom telephoto, and 12MP ultrawide. The smartphone is powered by a 4422mAh battery with MagSafe 15W wireless charging and high efficiency battery optimization. It operates on the latest OS release with enterprise-grade security updates and optimized thermal management.",144900,3.9,"Sleek aesthetic design that turns heads. System software is intuitive, responsive, and packed with practical AI features. Though curved display edges occasionally trigger accidental palm touches."
152.0,Electronics,Apple,iPhone 15 Plus,Glacier White,"The Apple iPhone 15 Plus is a high-performance flagship smartphone designed for modern mobile users. It is powered by the Qualcomm Snapdragon 8 Gen 3 processor paired with 12GB LPDDR5X ultra-fast RAM and 256GB UFS 4.0 storage. The device features a 6.7-inch Super Actua LTPO OLED display with 1-120Hz variable refresh rate and 2400 nits peak brightness. For photography and videography, it houses a versatile camera system featuring a 50MP primary camera with OIS, 48MP ultrawide with macro focus, and 48MP telephoto with 5x optical zoom. The smartphone is powered by a 5050mAh battery with 30W wired charging and 23W wireless charging capability. It operates on the latest OS release with enterprise-grade security updates and optimized thermal management.",99900,4.0,"Extremely satisfied with the purchase! The camera quality is outstanding, especially in low light, and the battery comfortably lasts over a day. However, the phone is slightly heavy for single-handed use."
153.0,Electronics,Apple,iPhone 15,Asteroid Black,"The Apple iPhone 15 is a high-performance flagship smartphone designed for modern mobile users. It is powered by the Apple A17 Pro (3nm) processor paired with 12GB LPDDR5X RAM with generous 512GB UFS 4.0 storage. The device features a 6.82-inch 2K 120Hz Curved LTPO AMOLED display with 4500 nits peak brightness and Dolby Vision. For photography and videography, it houses a versatile camera system featuring a 50MP Sony LYT-808 primary sensor, 64MP periscope telephoto (3x optical, 120x digital), and 48MP ultrawide with Hasselblad color tuning. The smartphone is powered by a 5400mAh dual-cell battery supported by 100W SUPERVOOC fast charging (0-100% in 26 mins) and 50W AIRVOOC wireless. It operates on the latest OS release with enterprise-grade security updates and optimized thermal management.",89900,4.7,Blazing fast performance for daily multitasking and heavy gaming. The display is vibrant and easily readable under bright sunlight. Though the secondary ultrawide camera could be slightly better in low light.
154.0,Electronics,Google,Pixel 8 Pro,Ocean Cyan,"The Google Pixel 8 Pro is a high-performance flagship smartphone designed for modern mobile users. It is powered by the Google Tensor G3 processor paired with 16GB heavy-multitasking LPDDR5X RAM and 512GB UFS 4.0 storage. The device features a 6.78-inch 1.5K 144Hz 8T LTPO AMOLED display with 3000 nits brightness and 2160Hz PWM dimming. For photography and videography, it houses a versatile camera system featuring a 1-inch 50MP Sony LYT-900 primary camera with stepless variable aperture (f/1.63-f/4.0) co-engineered with Leica. The smartphone is powered by a 5000mAh graphite battery with 120W FlashCharge (0-100% in ~27 mins). It operates on the latest OS release with enterprise-grade security updates and optimized thermal management.",113999,4.9,"Great value for money smartphone in this price point. Clean UI experience and fast charging makes daily usage hassle-free. On the downside, charging speed could be slightly faster compared to rivals."
155.0,Electronics,Google,Pixel 8a,Peach Fuzz,"The Google Pixel 8a is a high-performance mid-range smartphone designed for modern mobile users. It is powered by the Exynos 1480 (4nm) processor paired with 16GB flagship LPDDR5X RAM paired with massive 1TB UFS 4.0 storage. The device features a 6.67-inch 1.5K 120Hz CrystalRes AMOLED display with Dolby Vision and Gorilla Glass Victus. For photography and videography, it houses a versatile camera system featuring a 50MP 1-inch Sony IMX989 sensor with OIS, 50MP ZEISS APO Floating Telephoto with 4.3x optical zoom and ZEISS T* anti-reflective coating. The smartphone is powered by a 5500mAh dual-cell battery with 120W SUPERVOOC superfast charging. It operates on the latest OS release with enterprise-grade security updates and optimized thermal management.",64999,4.7,"The build quality feels high-end and comfortable to hold. Photos taken with the main lens are sharp with natural color tones. However, a fast wall adapter is not included inside the box."
156.0,Electronics,OnePlus,12 5G,Phantom Black,"The OnePlus 12 5G is a high-performance flagship smartphone designed for modern mobile users. It is powered by the Qualcomm Snapdragon 8 Gen 3 processor paired with LPDDR5 RAM and UFS 3.1 high-speed storage. The device features a 6.7-inch 120Hz Flexible AMOLED screen with 1300 nits brightness and iconic transparent Glyph LED interface. For photography and videography, it houses a versatile camera system featuring a 50MP Sony LYT-808 main camera with OIS, 50MP telephoto portrait lens (2x optical zoom), and Next AI image processing. The smartphone is powered by a 5200mAh silicon-carbon high density battery with 100W wired and 66W wireless charging. It operates on the latest OS release with enterprise-grade security updates and optimized thermal management.",64999,4.1,Incredible display clarity and high refresh rate make scrolling and gaming super smooth. Charging speed is amazingly fast. Though system software comes with a few preinstalled apps that require manual uninstalling.
157.0,Electronics,OnePlus,12R 5G,Titanium Gray,"The OnePlus 12R 5G is a high-performance upper mid-range smartphone designed for modern mobile users. It is powered by the Qualcomm Snapdragon 7+ Gen 3 processor paired with LPDDR5X RAM paired with 256GB UFS 4.0 internal storage. The device features a 6.6-inch FHD+ 120Hz Super AMOLED display with Knox Vault security and Vision Booster. For photography and videography, it houses a versatile camera system featuring a 50MP primary sensor with OIS, 50MP ultrawide with macro mode, and 64MP periscope telephoto with 3x optical zoom. The smartphone is powered by a 5500mAh heavy-duty battery with 100W SUPERVOOC charging maintaining health over 4 years. It operates on the latest OS release with enterprise-grade security updates and optimized thermal management.",42999,4.1,Top-notch camera setup with exceptional portrait modes and zoom capability. Software runs smooth without any stutters. Keep in mind that there is no expandable microSD card slot or 3.5mm headphone jack.
158.0,Electronics,Xiaomi,14 Ultra 5G,Natural Titanium,"The Xiaomi 14 Ultra 5G is a high-performance flagship smartphone designed for modern mobile users. It is powered by the Google Tensor G3 processor paired with 12GB LPDDR5X ultra-fast RAM and 256GB UFS 4.0 storage. The device features a 6.74-inch 1.5K 120Hz Ultra Clear AMOLED with Aqua Touch wet-finger technology and 2150 nits brightness. For photography and videography, it houses a versatile camera system featuring a Dual 50MP rear camera sensors (Primary OIS + 114-degree Ultrawide) powered by Ultra XDR photography engine. The smartphone is powered by a 5000mAh battery with 90W Turbo Charge support included in the box. It operates on the latest OS release with enterprise-grade security updates and optimized thermal management.",109999,4.9,"Solid battery endurance paired with rapid charging. Handles demanding mobile titles without thermal throttling. However, the camera bump on the back is quite prominent."
159.0,Electronics,Xiaomi,14 Civi,Oasis Green,"The Xiaomi 14 Civi is a high-performance upper mid-range smartphone designed for modern mobile users. It is powered by the Qualcomm Snapdragon 8s Gen 3 processor paired with 12GB LPDDR5X RAM with generous 512GB UFS 4.0 storage. The device features a 6.67-inch 1.5K 3D Curved AMOLED with 120Hz refresh rate, 1800 nits peak brightness and IP68 protection. For photography and videography, it houses a versatile camera system featuring a 200MP Samsung ISOCELL HP3 camera with OIS, 4x in-sensor lossless zoom, 8MP ultrawide, and 2MP macro lens. The smartphone is powered by a 5000mAh battery supporting 33W fast charging and 5W reverse wired charging. It operates on the latest OS release with enterprise-grade security updates and optimized thermal management.",47999,3.9,"Sleek aesthetic design that turns heads. System software is intuitive, responsive, and packed with practical AI features. Though curved display edges occasionally trigger accidental palm touches."
160.0,Electronics,Vivo,X100 Pro 5G,Midnight Blue,"The Vivo X100 Pro 5G is a high-performance flagship smartphone designed for modern mobile users. It is powered by the Qualcomm Snapdragon 8 Gen 3 processor paired with 16GB heavy-multitasking LPDDR5X RAM and 512GB UFS 4.0 storage. The device features a 6.8-inch QHD+ 120Hz Dynamic AMOLED 2X display with 2600 nits peak brightness and Gorilla Armor. For photography and videography, it houses a versatile camera system featuring a 200MP OIS primary sensor, 50MP periscope telephoto with 5x optical zoom, 10MP 3x telephoto, and 12MP ultrawide. The smartphone is powered by a 5000mAh battery with 45W wired fast charging, 15W wireless charging, and reverse wireless support. It operates on the latest OS release with enterprise-grade security updates and optimized thermal management.",94999,4.9,"Extremely satisfied with the purchase! The camera quality is outstanding, especially in low light, and the battery comfortably lasts over a day. However, the phone is slightly heavy for single-handed use."
161.0,Electronics,Vivo,V30 Pro 5G,Sunset Orange,"The Vivo V30 Pro 5G is a high-performance mid-range smartphone designed for modern mobile users. It is powered by the Exynos 1480 (4nm) processor paired with 16GB flagship LPDDR5X RAM paired with massive 1TB UFS 4.0 storage. The device features a 6.7-inch Super Retina XDR OLED display with ProMotion 120Hz adaptive refresh rate and outdoor peak 2000 nits. For photography and videography, it houses a versatile camera system featuring a 48MP main sensor with sensor-shift OIS, 12MP 5x tetraprism optical zoom telephoto, and 12MP ultrawide. The smartphone is powered by a 4422mAh battery with MagSafe 15W wireless charging and high efficiency battery optimization. It operates on the latest OS release with enterprise-grade security updates and optimized thermal management.",49999,4.4,Blazing fast performance for daily multitasking and heavy gaming. The display is vibrant and easily readable under bright sunlight. Though the secondary ultrawide camera could be slightly better in low light.
162.0,Electronics,iQOO,12 5G,Emerald Green,"The iQOO 12 5G is a high-performance performance flagship smartphone designed for modern mobile users. It is powered by the Qualcomm Snapdragon 8 Gen 3 processor paired with LPDDR5 RAM and UFS 3.1 high-speed storage. The device features a 6.7-inch Super Actua LTPO OLED display with 1-120Hz variable refresh rate and 2400 nits peak brightness. For photography and videography, it houses a versatile camera system featuring a 50MP primary camera with OIS, 48MP ultrawide with macro focus, and 48MP telephoto with 5x optical zoom. The smartphone is powered by a 5050mAh battery with 30W wired charging and 23W wireless charging capability. It operates on the latest OS release with enterprise-grade security updates and optimized thermal management.",52999,4.9,"Great value for money smartphone in this price point. Clean UI experience and fast charging makes daily usage hassle-free. On the downside, charging speed could be slightly faster compared to rivals."
163.0,Electronics,iQOO,Neo 9 Pro 5G,Starlight Silver,"The iQOO Neo 9 Pro 5G is a high-performance performance mid-range smartphone designed for modern mobile users. It is powered by the Qualcomm Snapdragon 7+ Gen 3 processor paired with LPDDR5X RAM paired with 256GB UFS 4.0 internal storage. The device features a 6.82-inch 2K 120Hz Curved LTPO AMOLED display with 4500 nits peak brightness and Dolby Vision. For photography and videography, it houses a versatile camera system featuring a 50MP Sony LYT-808 primary sensor, 64MP periscope telephoto (3x optical, 120x digital), and 48MP ultrawide with Hasselblad color tuning. The smartphone is powered by a 5400mAh dual-cell battery supported by 100W SUPERVOOC fast charging (0-100% in 26 mins) and 50W AIRVOOC wireless. It operates on the latest OS release with enterprise-grade security updates and optimized thermal management.",37999,4.3,"The build quality feels high-end and comfortable to hold. Photos taken with the main lens are sharp with natural color tones. However, a fast wall adapter is not included inside the box."
164.0,Electronics,Realme,GT 6 5G,Glacier White,"The Realme GT 6 5G is a high-performance upper mid-range smartphone designed for modern mobile users. It is powered by the MediaTek Dimensity 8300 Ultra processor paired with 12GB LPDDR5X ultra-fast RAM and 256GB UFS 4.0 storage. The device features a 6.78-inch 1.5K 144Hz 8T LTPO AMOLED display with 3000 nits brightness and 2160Hz PWM dimming. For photography and videography, it houses a versatile camera system featuring a 1-inch 50MP Sony LYT-900 primary camera with stepless variable aperture (f/1.63-f/4.0) co-engineered with Leica. The smartphone is powered by a 5000mAh graphite battery with 120W FlashCharge (0-100% in ~27 mins). It operates on the latest OS release with enterprise-grade security updates and optimized thermal management.",42999,4.7,Incredible display clarity and high refresh rate make scrolling and gaming super smooth. Charging speed is amazingly fast. Though system software comes with a few preinstalled apps that require manual uninstalling.
165.0,Electronics,Realme,GT 6T 5G,Asteroid Black,"The Realme GT 6T 5G is a high-performance mid-range smartphone designed for modern mobile users. It is powered by the Qualcomm Snapdragon 7 Gen 3 processor paired with 12GB LPDDR5X RAM with generous 512GB UFS 4.0 storage. The device features a 6.67-inch 1.5K 120Hz CrystalRes AMOLED display with Dolby Vision and Gorilla Glass Victus. For photography and videography, it houses a versatile camera system featuring a 50MP 1-inch Sony IMX989 sensor with OIS, 50MP ZEISS APO Floating Telephoto with 4.3x optical zoom and ZEISS T* anti-reflective coating. The smartphone is powered by a 5500mAh dual-cell battery with 120W SUPERVOOC superfast charging. It operates on the latest OS release with enterprise-grade security updates and optimized thermal management.",32999,4.6,Top-notch camera setup with exceptional portrait modes and zoom capability. Software runs smooth without any stutters. Keep in mind that there is no expandable microSD card slot or 3.5mm headphone jack.
166.0,Electronics,Motorola,Edge 50 Ultra,Ocean Cyan,"The Motorola Edge 50 Ultra is a high-performance flagship smartphone designed for modern mobile users. It is powered by the Google Tensor G3 processor paired with 16GB heavy-multitasking LPDDR5X RAM and 512GB UFS 4.0 storage. The device features a 6.7-inch 120Hz Flexible AMOLED screen with 1300 nits brightness and iconic transparent Glyph LED interface. For photography and videography, it houses a versatile camera system featuring a 50MP Sony LYT-808 main camera with OIS, 50MP telephoto portrait lens (2x optical zoom), and Next AI image processing. The smartphone is powered by a 5200mAh silicon-carbon high density battery with 100W wired and 66W wireless charging. It operates on the latest OS release with enterprise-grade security updates and optimized thermal management.",64999,4.8,"Solid battery endurance paired with rapid charging. Handles demanding mobile titles without thermal throttling. However, the camera bump on the back is quite prominent."
167.0,Electronics,Motorola,Edge 50 Pro,Peach Fuzz,"The Motorola Edge 50 Pro is a high-performance mid-range smartphone designed for modern mobile users. It is powered by the Exynos 1480 (4nm) processor paired with 16GB flagship LPDDR5X RAM paired with massive 1TB UFS 4.0 storage. The device features a 6.6-inch FHD+ 120Hz Super AMOLED display with Knox Vault security and Vision Booster. For photography and videography, it houses a versatile camera system featuring a 50MP primary sensor with OIS, 50MP ultrawide with macro mode, and 64MP periscope telephoto with 3x optical zoom. The smartphone is powered by a 5500mAh heavy-duty battery with 100W SUPERVOOC charging maintaining health over 4 years. It operates on the latest OS release with enterprise-grade security updates and optimized thermal management.",38999,3.9,"Sleek aesthetic design that turns heads. System software is intuitive, responsive, and packed with practical AI features. Though curved display edges occasionally trigger accidental palm touches."
168.0,Electronics,Motorola,Edge 50 Fusion,Phantom Black,"The Motorola Edge 50 Fusion is a high-performance budget mid-range smartphone designed for modern mobile users. It is powered by the Qualcomm Snapdragon 6 Gen 1 processor paired with LPDDR5 RAM and UFS 3.1 high-speed storage. The device features a 6.74-inch 1.5K 120Hz Ultra Clear AMOLED with Aqua Touch wet-finger technology and 2150 nits brightness. For photography and videography, it houses a versatile camera system featuring a Dual 50MP rear camera sensors (Primary OIS + 114-degree Ultrawide) powered by Ultra XDR photography engine. The smartphone is powered by a 5000mAh battery with 90W Turbo Charge support included in the box. It operates on the latest OS release with enterprise-grade security updates and optimized thermal management.",22999,4.9,"Extremely satisfied with the purchase! The camera quality is outstanding, especially in low light, and the battery comfortably lasts over a day. However, the phone is slightly heavy for single-handed use."
169.0,Electronics,Nothing,Phone,2,"The Nothing Phone (2) is a high-performance upper mid-range smartphone designed for modern mobile users. It is powered by the Qualcomm Snapdragon 7+ Gen 3 processor paired with LPDDR5X RAM paired with 256GB UFS 4.0 internal storage. The device features a 6.67-inch 1.5K 3D Curved AMOLED with 120Hz refresh rate, 1800 nits peak brightness and IP68 protection. For photography and videography, it houses a versatile camera system featuring a 200MP Samsung ISOCELL HP3 camera with OIS, 4x in-sensor lossless zoom, 8MP ultrawide, and 2MP macro lens. The smartphone is powered by a 5000mAh battery supporting 33W fast charging and 5W reverse wired charging. It operates on the latest OS release with enterprise-grade security updates and optimized thermal management.",39999,4.5,Blazing fast performance for daily multitasking and heavy gaming. The display is vibrant and easily readable under bright sunlight. Though the secondary ultrawide camera could be slightly better in low light.
170.0,Electronics,Nothing,Phone,2a,"The Nothing Phone (2a) is a high-performance budget mid-range smartphone designed for modern mobile users. It is powered by the Snapdragon 7s Gen 2 processor paired with 12GB LPDDR5X ultra-fast RAM and 256GB UFS 4.0 storage. The device features a 6.8-inch QHD+ 120Hz Dynamic AMOLED 2X display with 2600 nits peak brightness and Gorilla Armor. For photography and videography, it houses a versatile camera system featuring a 200MP OIS primary sensor, 50MP periscope telephoto with 5x optical zoom, 10MP 3x telephoto, and 12MP ultrawide. The smartphone is powered by a 5000mAh battery with 45W wired fast charging, 15W wireless charging, and reverse wireless support. It operates on the latest OS release with enterprise-grade security updates and optimized thermal management.",25999,4.1,"Great value for money smartphone in this price point. Clean UI experience and fast charging makes daily usage hassle-free. On the downside, charging speed could be slightly faster compared to rivals."
171.0,Electronics,POCO,F6 Pro 5G,Oasis Green,"The Poco F6 Pro 5G is a high-performance performance mid-range smartphone designed for modern mobile users. It is powered by the Qualcomm Snapdragon 8 Gen 2 processor paired with 12GB LPDDR5X RAM with generous 512GB UFS 4.0 storage. The device features a 6.7-inch Super Retina XDR OLED display with ProMotion 120Hz adaptive refresh rate and outdoor peak 2000 nits. For photography and videography, it houses a versatile camera system featuring a 48MP main sensor with sensor-shift OIS, 12MP 5x tetraprism optical zoom telephoto, and 12MP ultrawide. The smartphone is powered by a 4422mAh battery with MagSafe 15W wireless charging and high efficiency battery optimization. It operates on the latest OS release with enterprise-grade security updates and optimized thermal management.",41999,4.3,"The build quality feels high-end and comfortable to hold. Photos taken with the main lens are sharp with natural color tones. However, a fast wall adapter is not included inside the box."
172.0,Electronics,POCO,F6 5G,Midnight Blue,"The Poco F6 5G is a high-performance performance budget smartphone designed for modern mobile users. It is powered by the Qualcomm Snapdragon 8s Gen 3 processor paired with 16GB heavy-multitasking LPDDR5X RAM and 512GB UFS 4.0 storage. The device features a 6.7-inch Super Actua LTPO OLED display with 1-120Hz variable refresh rate and 2400 nits peak brightness. For photography and videography, it houses a versatile camera system featuring a 50MP primary camera with OIS, 48MP ultrawide with macro focus, and 48MP telephoto with 5x optical zoom. The smartphone is powered by a 5050mAh battery with 30W wired charging and 23W wireless charging capability. It operates on the latest OS release with enterprise-grade security updates and optimized thermal management.",31999,4.0,Incredible display clarity and high refresh rate make scrolling and gaming super smooth. Charging speed is amazingly fast. Though system software comes with a few preinstalled apps that require manual uninstalling.
173.0,Electronics,POCO,X6 Pro 5G,Sunset Orange,"The Poco X6 Pro 5G is a high-performance performance budget smartphone designed for modern mobile users. It is powered by the MediaTek Dimensity 8300 Ultra processor paired with 16GB flagship LPDDR5X RAM paired with massive 1TB UFS 4.0 storage. The device features a 6.82-inch 2K 120Hz Curved LTPO AMOLED display with 4500 nits peak brightness and Dolby Vision. For photography and videography, it houses a versatile camera system featuring a 50MP Sony LYT-808 primary sensor, 64MP periscope telephoto (3x optical, 120x digital), and 48MP ultrawide with Hasselblad color tuning. The smartphone is powered by a 5400mAh dual-cell battery supported by 100W SUPERVOOC fast charging (0-100% in 26 mins) and 50W AIRVOOC wireless. It operates on the latest OS release with enterprise-grade security updates and optimized thermal management.",28999,4.8,Top-notch camera setup with exceptional portrait modes and zoom capability. Software runs smooth without any stutters. Keep in mind that there is no expandable microSD card slot or 3.5mm headphone jack.
174.0,Electronics,Samsung,Galaxy A55 5G,Emerald Green,"The Samsung Galaxy A55 5G is a high-performance mid-range smartphone designed for modern mobile users. It is powered by the Qualcomm Snapdragon 7 Gen 3 processor paired with LPDDR5 RAM and UFS 3.1 high-speed storage. The device features a 6.78-inch 1.5K 144Hz 8T LTPO AMOLED display with 3000 nits brightness and 2160Hz PWM dimming. For photography and videography, it houses a versatile camera system featuring a 1-inch 50MP Sony LYT-900 primary camera with stepless variable aperture (f/1.63-f/4.0) co-engineered with Leica. The smartphone is powered by a 5000mAh graphite battery with 120W FlashCharge (0-100% in ~27 mins). It operates on the latest OS release with enterprise-grade security updates and optimized thermal management.",39999,3.9,"Solid battery endurance paired with rapid charging. Handles demanding mobile titles without thermal throttling. However, the camera bump on the back is quite prominent."
175.0,Electronics,Samsung,Galaxy A35 5G,Starlight Silver,"The Samsung Galaxy A35 5G is a high-performance budget mid-range smartphone designed for modern mobile users. It is powered by the MediaTek Dimensity 7050 processor paired with LPDDR5X RAM paired with 256GB UFS 4.0 internal storage. The device features a 6.67-inch 1.5K 120Hz CrystalRes AMOLED display with Dolby Vision and Gorilla Glass Victus. For photography and videography, it houses a versatile camera system featuring a 50MP 1-inch Sony IMX989 sensor with OIS, 50MP ZEISS APO Floating Telephoto with 4.3x optical zoom and ZEISS T* anti-reflective coating. The smartphone is powered by a 5500mAh dual-cell battery with 120W SUPERVOOC superfast charging. It operates on the latest OS release with enterprise-grade security updates and optimized thermal management.",30999,4.6,"Sleek aesthetic design that turns heads. System software is intuitive, responsive, and packed with practical AI features. Though curved display edges occasionally trigger accidental palm touches."
176.0,Electronics,Samsung,Galaxy M55 5G,Glacier White,"The Samsung Galaxy M55 5G is a high-performance budget mid-range smartphone designed for modern mobile users. It is powered by the Snapdragon 7s Gen 2 processor paired with 12GB LPDDR5X ultra-fast RAM and 256GB UFS 4.0 storage. The device features a 6.7-inch 120Hz Flexible AMOLED screen with 1300 nits brightness and iconic transparent Glyph LED interface. For photography and videography, it houses a versatile camera system featuring a 50MP Sony LYT-808 main camera with OIS, 50MP telephoto portrait lens (2x optical zoom), and Next AI image processing. The smartphone is powered by a 5200mAh silicon-carbon high density battery with 100W wired and 66W wireless charging. It operates on the latest OS release with enterprise-grade security updates and optimized thermal management.",26999,4.8,"Extremely satisfied with the purchase! The camera quality is outstanding, especially in low light, and the battery comfortably lasts over a day. However, the phone is slightly heavy for single-handed use."
177.0,Electronics,OnePlus,Nord 4 5G,Asteroid Black,"The OnePlus Nord 4 5G is a high-performance mid-range smartphone designed for modern mobile users. It is powered by the Qualcomm Snapdragon 7 Gen 3 processor paired with 12GB LPDDR5X RAM with generous 512GB UFS 4.0 storage. The device features a 6.6-inch FHD+ 120Hz Super AMOLED display with Knox Vault security and Vision Booster. For photography and videography, it houses a versatile camera system featuring a 50MP primary sensor with OIS, 50MP ultrawide with macro mode, and 64MP periscope telephoto with 3x optical zoom. The smartphone is powered by a 5500mAh heavy-duty battery with 100W SUPERVOOC charging maintaining health over 4 years. It operates on the latest OS release with enterprise-grade security updates and optimized thermal management.",32999,4.9,Blazing fast performance for daily multitasking and heavy gaming. The display is vibrant and easily readable under bright sunlight. Though the secondary ultrawide camera could be slightly better in low light.
178.0,Electronics,OnePlus,Nord CE 4 5G,Ocean Cyan,"The OnePlus Nord CE 4 5G is a high-performance budget mid-range smartphone designed for modern mobile users. It is powered by the MediaTek Dimensity 7050 processor paired with 16GB heavy-multitasking LPDDR5X RAM and 512GB UFS 4.0 storage. The device features a 6.74-inch 1.5K 120Hz Ultra Clear AMOLED with Aqua Touch wet-finger technology and 2150 nits brightness. For photography and videography, it houses a versatile camera system featuring a Dual 50MP rear camera sensors (Primary OIS + 114-degree Ultrawide) powered by Ultra XDR photography engine. The smartphone is powered by a 5000mAh battery with 90W Turbo Charge support included in the box. It operates on the latest OS release with enterprise-grade security updates and optimized thermal management.",26999,4.4,"Great value for money smartphone in this price point. Clean UI experience and fast charging makes daily usage hassle-free. On the downside, charging speed could be slightly faster compared to rivals."
179.0,Electronics,Redmi,Note 13 Pro+ 5G,Peach Fuzz,"The Redmi Note 13 Pro+ 5G is a high-performance mid-range smartphone designed for modern mobile users. It is powered by the Exynos 1480 (4nm) processor paired with 16GB flagship LPDDR5X RAM paired with massive 1TB UFS 4.0 storage. The device features a 6.67-inch 1.5K 3D Curved AMOLED with 120Hz refresh rate, 1800 nits peak brightness and IP68 protection. For photography and videography, it houses a versatile camera system featuring a 200MP Samsung ISOCELL HP3 camera with OIS, 4x in-sensor lossless zoom, 8MP ultrawide, and 2MP macro lens. The smartphone is powered by a 5000mAh battery supporting 33W fast charging and 5W reverse wired charging. It operates on the latest OS release with enterprise-grade security updates and optimized thermal management.",35999,4.1,"The build quality feels high-end and comfortable to hold. Photos taken with the main lens are sharp with natural color tones. However, a fast wall adapter is not included inside the box."
180.0,Electronics,Redmi,Note 13 Pro 5G,Phantom Black,"The Redmi Note 13 Pro 5G is a high-performance budget mid-range smartphone designed for modern mobile users. It is powered by the Qualcomm Snapdragon 6 Gen 1 processor paired with LPDDR5 RAM and UFS 3.1 high-speed storage. The device features a 6.8-inch QHD+ 120Hz Dynamic AMOLED 2X display with 2600 nits peak brightness and Gorilla Armor. For photography and videography, it houses a versatile camera system featuring a 200MP OIS primary sensor, 50MP periscope telephoto with 5x optical zoom, 10MP 3x telephoto, and 12MP ultrawide. The smartphone is powered by a 5000mAh battery with 45W wired fast charging, 15W wireless charging, and reverse wireless support. It operates on the latest OS release with enterprise-grade security updates and optimized thermal management.",24999,4.1,Incredible display clarity and high refresh rate make scrolling and gaming super smooth. Charging speed is amazingly fast. Though system software comes with a few preinstalled apps that require manual uninstalling.
181.0,Electronics,Redmi,Note 13 5G,Titanium Gray,"The Redmi Note 13 5G is a high-performance budget smartphone designed for modern mobile users. It is powered by the Qualcomm Snapdragon 695 5G processor paired with LPDDR5X RAM paired with 256GB UFS 4.0 internal storage. The device features a 6.7-inch Super Retina XDR OLED display with ProMotion 120Hz adaptive refresh rate and outdoor peak 2000 nits. For photography and videography, it houses a versatile camera system featuring a 48MP main sensor with sensor-shift OIS, 12MP 5x tetraprism optical zoom telephoto, and 12MP ultrawide. The smartphone is powered by a 4422mAh battery with MagSafe 15W wireless charging and high efficiency battery optimization. It operates on the latest OS release with enterprise-grade security updates and optimized thermal management.",18999,4.0,Top-notch camera setup with exceptional portrait modes and zoom capability. Software runs smooth without any stutters. Keep in mind that there is no expandable microSD card slot or 3.5mm headphone jack.
182.0,Electronics,Honor,200 Pro 5G,Natural Titanium,"The Honor 200 Pro 5G is a high-performance upper mid-range smartphone designed for modern mobile users. It is powered by the MediaTek Dimensity 8300 Ultra processor paired with 12GB LPDDR5X ultra-fast RAM and 256GB UFS 4.0 storage. The device features a 6.7-inch Super Actua LTPO OLED display with 1-120Hz variable refresh rate and 2400 nits peak brightness. For photography and videography, it houses a versatile camera system featuring a 50MP primary camera with OIS, 48MP ultrawide with macro focus, and 48MP telephoto with 5x optical zoom. The smartphone is powered by a 5050mAh battery with 30W wired charging and 23W wireless charging capability. It operates on the latest OS release with enterprise-grade security updates and optimized thermal management.",61999,4.4,"Solid battery endurance paired with rapid charging. Handles demanding mobile titles without thermal throttling. However, the camera bump on the back is quite prominent."
183.0,Electronics,Honor,200 5G,Oasis Green,"The Honor 200 5G is a high-performance mid-range smartphone designed for modern mobile users. It is powered by the Qualcomm Snapdragon 7 Gen 3 processor paired with 12GB LPDDR5X RAM with generous 512GB UFS 4.0 storage. The device features a 6.82-inch 2K 120Hz Curved LTPO AMOLED display with 4500 nits peak brightness and Dolby Vision. For photography and videography, it houses a versatile camera system featuring a 50MP Sony LYT-808 primary sensor, 64MP periscope telephoto (3x optical, 120x digital), and 48MP ultrawide with Hasselblad color tuning. The smartphone is powered by a 5400mAh dual-cell battery supported by 100W SUPERVOOC fast charging (0-100% in 26 mins) and 50W AIRVOOC wireless. It operates on the latest OS release with enterprise-grade security updates and optimized thermal management.",37999,4.7,"Sleek aesthetic design that turns heads. System software is intuitive, responsive, and packed with practical AI features. Though curved display edges occasionally trigger accidental palm touches."
184.0,Electronics,Nothing,CMF by  Phone 1,Midnight Blue,"The CMF by Nothing Phone 1 is a high-performance budget smartphone designed for modern mobile users. It is powered by the Qualcomm Snapdragon 695 5G processor paired with 16GB heavy-multitasking LPDDR5X RAM and 512GB UFS 4.0 storage. The device features a 6.78-inch 1.5K 144Hz 8T LTPO AMOLED display with 3000 nits brightness and 2160Hz PWM dimming. For photography and videography, it houses a versatile camera system featuring a 1-inch 50MP Sony LYT-900 primary camera with stepless variable aperture (f/1.63-f/4.0) co-engineered with Leica. The smartphone is powered by a 5000mAh graphite battery with 120W FlashCharge (0-100% in ~27 mins). It operates on the latest OS release with enterprise-grade security updates and optimized thermal management.",17999,4.2,"Extremely satisfied with the purchase! The camera quality is outstanding, especially in low light, and the battery comfortably lasts over a day. However, the phone is slightly heavy for single-handed use."
185.0,Electronics,Realme,12 Pro+ 5G,Sunset Orange,"The Realme 12 Pro+ 5G is a high-performance mid-range smartphone designed for modern mobile users. It is powered by the Exynos 1480 (4nm) processor paired with 16GB flagship LPDDR5X RAM paired with massive 1TB UFS 4.0 storage. The device features a 6.67-inch 1.5K 120Hz CrystalRes AMOLED display with Dolby Vision and Gorilla Glass Victus. For photography and videography, it houses a versatile camera system featuring a 50MP 1-inch Sony IMX989 sensor with OIS, 50MP ZEISS APO Floating Telephoto with 4.3x optical zoom and ZEISS T* anti-reflective coating. The smartphone is powered by a 5500mAh dual-cell battery with 120W SUPERVOOC superfast charging. It operates on the latest OS release with enterprise-grade security updates and optimized thermal management.",33999,4.3,Blazing fast performance for daily multitasking and heavy gaming. The display is vibrant and easily readable under bright sunlight. Though the secondary ultrawide camera could be slightly better in low light.
186.0,Electronics,Realme,P1 Pro 5G,Emerald Green,"The Realme P1 Pro 5G is a high-performance budget smartphone designed for modern mobile users. It is powered by the MediaTek Dimensity 7300 5G processor paired with LPDDR5 RAM and UFS 3.1 high-speed storage. The device features a 6.7-inch 120Hz Flexible AMOLED screen with 1300 nits brightness and iconic transparent Glyph LED interface. For photography and videography, it houses a versatile camera system featuring a 50MP Sony LYT-808 main camera with OIS, 50MP telephoto portrait lens (2x optical zoom), and Next AI image processing. The smartphone is powered by a 5200mAh silicon-carbon high density battery with 100W wired and 66W wireless charging. It operates on the latest OS release with enterprise-grade security updates and optimized thermal management.",19999,4.1,"Great value for money smartphone in this price point. Clean UI experience and fast charging makes daily usage hassle-free. On the downside, charging speed could be slightly faster compared to rivals."
187.0,Electronics,Vivo,T3 Pro 5G,Starlight Silver,"The Vivo T3 Pro 5G is a high-performance budget mid-range smartphone designed for modern mobile users. It is powered by the MediaTek Dimensity 7050 processor paired with LPDDR5X RAM paired with 256GB UFS 4.0 internal storage. The device features a 6.6-inch FHD+ 120Hz Super AMOLED display with Knox Vault security and Vision Booster. For photography and videography, it houses a versatile camera system featuring a 50MP primary sensor with OIS, 50MP ultrawide with macro mode, and 64MP periscope telephoto with 3x optical zoom. The smartphone is powered by a 5500mAh heavy-duty battery with 100W SUPERVOOC charging maintaining health over 4 years. It operates on the latest OS release with enterprise-grade security updates and optimized thermal management.",26999,4.5,"The build quality feels high-end and comfortable to hold. Photos taken with the main lens are sharp with natural color tones. However, a fast wall adapter is not included inside the box."
188.0,Electronics,iQOO,Z9 Turbo 5G,Glacier White,"The iQOO Z9 Turbo 5G is a high-performance budget mid-range smartphone designed for modern mobile users. It is powered by the Snapdragon 7s Gen 2 processor paired with 12GB LPDDR5X ultra-fast RAM and 256GB UFS 4.0 storage. The device features a 6.74-inch 1.5K 120Hz Ultra Clear AMOLED with Aqua Touch wet-finger technology and 2150 nits brightness. For photography and videography, it houses a versatile camera system featuring a Dual 50MP rear camera sensors (Primary OIS + 114-degree Ultrawide) powered by Ultra XDR photography engine. The smartphone is powered by a 5000mAh battery with 90W Turbo Charge support included in the box. It operates on the latest OS release with enterprise-grade security updates and optimized thermal management.",23999,4.1,Incredible display clarity and high refresh rate make scrolling and gaming super smooth. Charging speed is amazingly fast. Though system software comes with a few preinstalled apps that require manual uninstalling.
189.0,Electronics,Samsung,Galaxy Z Fold 5 5G,Asteroid Black,"The Samsung Galaxy Z Fold 5 5G is a high-performance foldable flagship smartphone designed for modern mobile users. It is powered by the Qualcomm Snapdragon 8 Gen 3 processor paired with 12GB LPDDR5X RAM with generous 512GB UFS 4.0 storage. The device features a 6.67-inch 1.5K 3D Curved AMOLED with 120Hz refresh rate, 1800 nits peak brightness and IP68 protection. For photography and videography, it houses a versatile camera system featuring a 200MP Samsung ISOCELL HP3 camera with OIS, 4x in-sensor lossless zoom, 8MP ultrawide, and 2MP macro lens. The smartphone is powered by a 5000mAh battery supporting 33W fast charging and 5W reverse wired charging. It operates on the latest OS release with enterprise-grade security updates and optimized thermal management.",164999,4.8,Top-notch camera setup with exceptional portrait modes and zoom capability. Software runs smooth without any stutters. Keep in mind that there is no expandable microSD card slot or 3.5mm headphone jack.
190.0,Electronics,Samsung,Galaxy Z Flip 5 5G,Ocean Cyan,"The Samsung Galaxy Z Flip 5 5G is a high-performance foldable flagship smartphone designed for modern mobile users. It is powered by the Qualcomm Snapdragon 8 Gen 2 processor paired with 16GB heavy-multitasking LPDDR5X RAM and 512GB UFS 4.0 storage. The device features a 6.8-inch QHD+ 120Hz Dynamic AMOLED 2X display with 2600 nits peak brightness and Gorilla Armor. For photography and videography, it houses a versatile camera system featuring a 200MP OIS primary sensor, 50MP periscope telephoto with 5x optical zoom, 10MP 3x telephoto, and 12MP ultrawide. The smartphone is powered by a 5000mAh battery with 45W wired fast charging, 15W wireless charging, and reverse wireless support. It operates on the latest OS release with enterprise-grade security updates and optimized thermal management.",109999,4.1,"Solid battery endurance paired with rapid charging. Handles demanding mobile titles without thermal throttling. However, the camera bump on the back is quite prominent."
191.0,Electronics,Motorola,Razr 50 Ultra 5G,Peach Fuzz,"The Motorola Razr 50 Ultra 5G is a high-performance foldable flagship smartphone designed for modern mobile users. It is powered by the MediaTek Dimensity 9000+ processor paired with 16GB flagship LPDDR5X RAM paired with massive 1TB UFS 4.0 storage. The device features a 6.7-inch Super Retina XDR OLED display with ProMotion 120Hz adaptive refresh rate and outdoor peak 2000 nits. For photography and videography, it houses a versatile camera system featuring a 48MP main sensor with sensor-shift OIS, 12MP 5x tetraprism optical zoom telephoto, and 12MP ultrawide. The smartphone is powered by a 4422mAh battery with MagSafe 15W wireless charging and high efficiency battery optimization. It operates on the latest OS release with enterprise-grade security updates and optimized thermal management.",99999,3.9,"Sleek aesthetic design that turns heads. System software is intuitive, responsive, and packed with practical AI features. Though curved display edges occasionally trigger accidental palm touches."
192.0,Electronics,Tecno,Phantom V Fold 5G,Phantom Black,"The Tecno Phantom V Fold 5G is a high-performance foldable flagship smartphone designed for modern mobile users. It is powered by the Qualcomm Snapdragon 8 Gen 3 processor paired with LPDDR5 RAM and UFS 3.1 high-speed storage. The device features a 6.7-inch Super Actua LTPO OLED display with 1-120Hz variable refresh rate and 2400 nits peak brightness. For photography and videography, it houses a versatile camera system featuring a 50MP primary camera with OIS, 48MP ultrawide with macro focus, and 48MP telephoto with 5x optical zoom. The smartphone is powered by a 5050mAh battery with 30W wired charging and 23W wireless charging capability. It operates on the latest OS release with enterprise-grade security updates and optimized thermal management.",69999,4.1,"Extremely satisfied with the purchase! The camera quality is outstanding, especially in low light, and the battery comfortably lasts over a day. However, the phone is slightly heavy for single-handed use."
193.0,Electronics,Tecno,Phantom V Flip 5G,Titanium Gray,"The Tecno Phantom V Flip 5G is a high-performance foldable mid-range smartphone designed for modern mobile users. It is powered by the MediaTek Dimensity 8050 5G processor paired with LPDDR5X RAM paired with 256GB UFS 4.0 internal storage. The device features a 6.82-inch 2K 120Hz Curved LTPO AMOLED display with 4500 nits peak brightness and Dolby Vision. For photography and videography, it houses a versatile camera system featuring a 50MP Sony LYT-808 primary sensor, 64MP periscope telephoto (3x optical, 120x digital), and 48MP ultrawide with Hasselblad color tuning. The smartphone is powered by a 5400mAh dual-cell battery supported by 100W SUPERVOOC fast charging (0-100% in 26 mins) and 50W AIRVOOC wireless. It operates on the latest OS release with enterprise-grade security updates and optimized thermal management.",52999,4.2,Blazing fast performance for daily multitasking and heavy gaming. The display is vibrant and easily readable under bright sunlight. Though the secondary ultrawide camera could be slightly better in low light.
194.0,Electronics,ASUS,ROG Phone 8 Pro 5G,Natural Titanium,"The Asus ROG Phone 8 Pro 5G is a high-performance gaming flagship smartphone designed for modern mobile users. It is powered by the Qualcomm Snapdragon 8 Gen 3 with dedicated GameCool vapour cooling processor paired with 12GB LPDDR5X ultra-fast RAM and 256GB UFS 4.0 storage. The device features a 6.78-inch 1.5K 144Hz 8T LTPO AMOLED display with 3000 nits brightness and 2160Hz PWM dimming. For photography and videography, it houses a versatile camera system featuring a 1-inch 50MP Sony LYT-900 primary camera with stepless variable aperture (f/1.63-f/4.0) co-engineered with Leica. The smartphone is powered by a 5000mAh graphite battery with 120W FlashCharge (0-100% in ~27 mins). It operates on the latest OS release with enterprise-grade security updates and optimized thermal management.",99999,4.2,"Great value for money smartphone in this price point. Clean UI experience and fast charging makes daily usage hassle-free. On the downside, charging speed could be slightly faster compared to rivals."
195.0,Electronics,ASUS,ROG Phone 8 5G,Oasis Green,"The Asus ROG Phone 8 5G is a high-performance gaming flagship smartphone designed for modern mobile users. It is powered by the Qualcomm Snapdragon 8 Gen 3 with dedicated GameCool vapour cooling processor paired with 12GB LPDDR5X RAM with generous 512GB UFS 4.0 storage. The device features a 6.67-inch 1.5K 120Hz CrystalRes AMOLED display with Dolby Vision and Gorilla Glass Victus. For photography and videography, it houses a versatile camera system featuring a 50MP 1-inch Sony IMX989 sensor with OIS, 50MP ZEISS APO Floating Telephoto with 4.3x optical zoom and ZEISS T* anti-reflective coating. The smartphone is powered by a 5500mAh dual-cell battery with 120W SUPERVOOC superfast charging. It operates on the latest OS release with enterprise-grade security updates and optimized thermal management.",84999,4.6,"The build quality feels high-end and comfortable to hold. Photos taken with the main lens are sharp with natural color tones. However, a fast wall adapter is not included inside the box."
196.0,Electronics,Samsung,Galaxy S24 Ultra,Midnight Blue,"The Samsung Galaxy S24 Ultra is a high-performance flagship smartphone designed for modern mobile users. It is powered by the Qualcomm Snapdragon 8 Gen 3 processor paired with 16GB heavy-multitasking LPDDR5X RAM and 512GB UFS 4.0 storage. The device features a 6.7-inch 120Hz Flexible AMOLED screen with 1300 nits brightness and iconic transparent Glyph LED interface. For photography and videography, it houses a versatile camera system featuring a 50MP Sony LYT-808 main camera with OIS, 50MP telephoto portrait lens (2x optical zoom), and Next AI image processing. The smartphone is powered by a 5200mAh silicon-carbon high density battery with 100W wired and 66W wireless charging. It operates on the latest OS release with enterprise-grade security updates and optimized thermal management.",139999,4.7,Incredible display clarity and high refresh rate make scrolling and gaming super smooth. Charging speed is amazingly fast. Though system software comes with a few preinstalled apps that require manual uninstalling.
197.0,Electronics,Samsung,Galaxy S24 Plus,Sunset Orange,"The Samsung Galaxy S24 Plus is a high-performance flagship smartphone designed for modern mobile users. It is powered by the Apple A17 Pro (3nm) processor paired with 16GB flagship LPDDR5X RAM paired with massive 1TB UFS 4.0 storage. The device features a 6.6-inch FHD+ 120Hz Super AMOLED display with Knox Vault security and Vision Booster. For photography and videography, it houses a versatile camera system featuring a 50MP primary sensor with OIS, 50MP ultrawide with macro mode, and 64MP periscope telephoto with 3x optical zoom. The smartphone is powered by a 5500mAh heavy-duty battery with 100W SUPERVOOC charging maintaining health over 4 years. It operates on the latest OS release with enterprise-grade security updates and optimized thermal management.",119999,4.5,Top-notch camera setup with exceptional portrait modes and zoom capability. Software runs smooth without any stutters. Keep in mind that there is no expandable microSD card slot or 3.5mm headphone jack.
198.0,Electronics,Samsung,Galaxy S24,Emerald Green,"The Samsung Galaxy S24 is a high-performance flagship smartphone designed for modern mobile users. It is powered by the Google Tensor G3 processor paired with LPDDR5 RAM and UFS 3.1 high-speed storage. The device features a 6.74-inch 1.5K 120Hz Ultra Clear AMOLED with Aqua Touch wet-finger technology and 2150 nits brightness. For photography and videography, it houses a versatile camera system featuring a Dual 50MP rear camera sensors (Primary OIS + 114-degree Ultrawide) powered by Ultra XDR photography engine. The smartphone is powered by a 5000mAh battery with 90W Turbo Charge support included in the box. It operates on the latest OS release with enterprise-grade security updates and optimized thermal management.",74999,4.1,"Solid battery endurance paired with rapid charging. Handles demanding mobile titles without thermal throttling. However, the camera bump on the back is quite prominent."
199.0,Electronics,Apple,iPhone 15 Pro Max,Starlight Silver,"The Apple iPhone 15 Pro Max is a high-performance flagship smartphone designed for modern mobile users. It is powered by the MediaTek Dimensity 9300 processor paired with LPDDR5X RAM paired with 256GB UFS 4.0 internal storage. The device features a 6.67-inch 1.5K 3D Curved AMOLED with 120Hz refresh rate, 1800 nits peak brightness and IP68 protection. For photography and videography, it houses a versatile camera system featuring a 200MP Samsung ISOCELL HP3 camera with OIS, 4x in-sensor lossless zoom, 8MP ultrawide, and 2MP macro lens. The smartphone is powered by a 5000mAh battery supporting 33W fast charging and 5W reverse wired charging. It operates on the latest OS release with enterprise-grade security updates and optimized thermal management.",179900,4.1,"Sleek aesthetic design that turns heads. System software is intuitive, responsive, and packed with practical AI features. Though curved display edges occasionally trigger accidental palm touches."
200.0,Electronics,Apple,iPhone 15 Pro,Glacier White,"The Apple iPhone 15 Pro is a high-performance flagship smartphone designed for modern mobile users. It is powered by the Qualcomm Snapdragon 8 Gen 3 processor paired with 12GB LPDDR5X ultra-fast RAM and 256GB UFS 4.0 storage. The device features a 6.8-inch QHD+ 120Hz Dynamic AMOLED 2X display with 2600 nits peak brightness and Gorilla Armor. For photography and videography, it houses a versatile camera system featuring a 200MP OIS primary sensor, 50MP periscope telephoto with 5x optical zoom, 10MP 3x telephoto, and 12MP ultrawide. The smartphone is powered by a 5000mAh battery with 45W wired fast charging, 15W wireless charging, and reverse wireless support. It operates on the latest OS release with enterprise-grade security updates and optimized thermal management.",144900,4.3,"Extremely satisfied with the purchase! The camera quality is outstanding, especially in low light, and the battery comfortably lasts over a day. However, the phone is slightly heavy for single-handed use."
201.0,Electronics,Apple,iPhone 15 Plus,Asteroid Black,"The Apple iPhone 15 Plus is a high-performance flagship smartphone designed for modern mobile users. It is powered by the Apple A17 Pro (3nm) processor paired with 12GB LPDDR5X RAM with generous 512GB UFS 4.0 storage. The device features a 6.7-inch Super Retina XDR OLED display with ProMotion 120Hz adaptive refresh rate and outdoor peak 2000 nits. For photography and videography, it houses a versatile camera system featuring a 48MP main sensor with sensor-shift OIS, 12MP 5x tetraprism optical zoom telephoto, and 12MP ultrawide. The smartphone is powered by a 4422mAh battery with MagSafe 15W wireless charging and high efficiency battery optimization. It operates on the latest OS release with enterprise-grade security updates and optimized thermal management.",99900,4.2,Blazing fast performance for daily multitasking and heavy gaming. The display is vibrant and easily readable under bright sunlight. Though the secondary ultrawide camera could be slightly better in low light.
202.0,Electronics,Apple,iPhone 15,Ocean Cyan,"The Apple iPhone 15 is a high-performance flagship smartphone designed for modern mobile users. It is powered by the Google Tensor G3 processor paired with 16GB heavy-multitasking LPDDR5X RAM and 512GB UFS 4.0 storage. The device features a 6.7-inch Super Actua LTPO OLED display with 1-120Hz variable refresh rate and 2400 nits peak brightness. For photography and videography, it houses a versatile camera system featuring a 50MP primary camera with OIS, 48MP ultrawide with macro focus, and 48MP telephoto with 5x optical zoom. The smartphone is powered by a 5050mAh battery with 30W wired charging and 23W wireless charging capability. It operates on the latest OS release with enterprise-grade security updates and optimized thermal management.",89900,4.5,"Great value for money smartphone in this price point. Clean UI experience and fast charging makes daily usage hassle-free. On the downside, charging speed could be slightly faster compared to rivals."
203.0,Electronics,Google,Pixel 8 Pro,Peach Fuzz,"The Google Pixel 8 Pro is a high-performance flagship smartphone designed for modern mobile users. It is powered by the MediaTek Dimensity 9300 processor paired with 16GB flagship LPDDR5X RAM paired with massive 1TB UFS 4.0 storage. The device features a 6.82-inch 2K 120Hz Curved LTPO AMOLED display with 4500 nits peak brightness and Dolby Vision. For photography and videography, it houses a versatile camera system featuring a 50MP Sony LYT-808 primary sensor, 64MP periscope telephoto (3x optical, 120x digital), and 48MP ultrawide with Hasselblad color tuning. The smartphone is powered by a 5400mAh dual-cell battery supported by 100W SUPERVOOC fast charging (0-100% in 26 mins) and 50W AIRVOOC wireless. It operates on the latest OS release with enterprise-grade security updates and optimized thermal management.",123999,4.0,"The build quality feels high-end and comfortable to hold. Photos taken with the main lens are sharp with natural color tones. However, a fast wall adapter is not included inside the box."
204.0,Electronics,Google,Pixel 8a,Phantom Black,"The Google Pixel 8a is a high-performance mid-range smartphone designed for modern mobile users. It is powered by the Qualcomm Snapdragon 7 Gen 3 processor paired with LPDDR5 RAM and UFS 3.1 high-speed storage. The device features a 6.78-inch 1.5K 144Hz 8T LTPO AMOLED display with 3000 nits brightness and 2160Hz PWM dimming. For photography and videography, it houses a versatile camera system featuring a 1-inch 50MP Sony LYT-900 primary camera with stepless variable aperture (f/1.63-f/4.0) co-engineered with Leica. The smartphone is powered by a 5000mAh graphite battery with 120W FlashCharge (0-100% in ~27 mins). It operates on the latest OS release with enterprise-grade security updates and optimized thermal management.",52999,4.6,Incredible display clarity and high refresh rate make scrolling and gaming super smooth. Charging speed is amazingly fast. Though system software comes with a few preinstalled apps that require manual uninstalling.
205.0,Electronics,OnePlus,12 5G,Titanium Gray,"The OnePlus 12 5G is a high-performance flagship smartphone designed for modern mobile users. It is powered by the Apple A17 Pro (3nm) processor paired with LPDDR5X RAM paired with 256GB UFS 4.0 internal storage. The device features a 6.67-inch 1.5K 120Hz CrystalRes AMOLED display with Dolby Vision and Gorilla Glass Victus. For photography and videography, it houses a versatile camera system featuring a 50MP 1-inch Sony IMX989 sensor with OIS, 50MP ZEISS APO Floating Telephoto with 4.3x optical zoom and ZEISS T* anti-reflective coating. The smartphone is powered by a 5500mAh dual-cell battery with 120W SUPERVOOC superfast charging. It operates on the latest OS release with enterprise-grade security updates and optimized thermal management.",69999,4.7,Top-notch camera setup with exceptional portrait modes and zoom capability. Software runs smooth without any stutters. Keep in mind that there is no expandable microSD card slot or 3.5mm headphone jack.
206.0,Electronics,OnePlus,12R 5G,Natural Titanium,"The OnePlus 12R 5G is a high-performance upper mid-range smartphone designed for modern mobile users. It is powered by the MediaTek Dimensity 8300 Ultra processor paired with 12GB LPDDR5X ultra-fast RAM and 256GB UFS 4.0 storage. The device features a 6.7-inch 120Hz Flexible AMOLED screen with 1300 nits brightness and iconic transparent Glyph LED interface. For photography and videography, it houses a versatile camera system featuring a 50MP Sony LYT-808 main camera with OIS, 50MP telephoto portrait lens (2x optical zoom), and Next AI image processing. The smartphone is powered by a 5200mAh silicon-carbon high density battery with 100W wired and 66W wireless charging. It operates on the latest OS release with enterprise-grade security updates and optimized thermal management.",42999,4.4,"Solid battery endurance paired with rapid charging. Handles demanding mobile titles without thermal throttling. However, the camera bump on the back is quite prominent."
207.0,Electronics,Xiaomi,14 Ultra 5G,Oasis Green,"The Xiaomi 14 Ultra 5G is a high-performance flagship smartphone designed for modern mobile users. It is powered by the MediaTek Dimensity 9300 processor paired with 12GB LPDDR5X RAM with generous 512GB UFS 4.0 storage. The device features a 6.6-inch FHD+ 120Hz Super AMOLED display with Knox Vault security and Vision Booster. For photography and videography, it houses a versatile camera system featuring a 50MP primary sensor with OIS, 50MP ultrawide with macro mode, and 64MP periscope telephoto with 3x optical zoom. The smartphone is powered by a 5500mAh heavy-duty battery with 100W SUPERVOOC charging maintaining health over 4 years. It operates on the latest OS release with enterprise-grade security updates and optimized thermal management.",109999,4.7,"Sleek aesthetic design that turns heads. System software is intuitive, responsive, and packed with practical AI features. Though curved display edges occasionally trigger accidental palm touches."
208.0,Electronics,Xiaomi,14 Civi,Midnight Blue,"The Xiaomi 14 Civi is a high-performance upper mid-range smartphone designed for modern mobile users. It is powered by the Qualcomm Snapdragon 7+ Gen 3 processor paired with 16GB heavy-multitasking LPDDR5X RAM and 512GB UFS 4.0 storage. The device features a 6.74-inch 1.5K 120Hz Ultra Clear AMOLED with Aqua Touch wet-finger technology and 2150 nits brightness. For photography and videography, it houses a versatile camera system featuring a Dual 50MP rear camera sensors (Primary OIS + 114-degree Ultrawide) powered by Ultra XDR photography engine. The smartphone is powered by a 5000mAh battery with 90W Turbo Charge support included in the box. It operates on the latest OS release with enterprise-grade security updates and optimized thermal management.",47999,3.9,"Extremely satisfied with the purchase! The camera quality is outstanding, especially in low light, and the battery comfortably lasts over a day. However, the phone is slightly heavy for single-handed use."
209.0,Electronics,Vivo,X100 Pro 5G,Sunset Orange,"The Vivo X100 Pro 5G is a high-performance flagship smartphone designed for modern mobile users. It is powered by the Apple A17 Pro (3nm) processor paired with 16GB flagship LPDDR5X RAM paired with massive 1TB UFS 4.0 storage. The device features a 6.67-inch 1.5K 3D Curved AMOLED with 120Hz refresh rate, 1800 nits peak brightness and IP68 protection. For photography and videography, it houses a versatile camera system featuring a 200MP Samsung ISOCELL HP3 camera with OIS, 4x in-sensor lossless zoom, 8MP ultrawide, and 2MP macro lens. The smartphone is powered by a 5000mAh battery supporting 33W fast charging and 5W reverse wired charging. It operates on the latest OS release with enterprise-grade security updates and optimized thermal management.",99999,4.8,Blazing fast performance for daily multitasking and heavy gaming. The display is vibrant and easily readable under bright sunlight. Though the secondary ultrawide camera could be slightly better in low light.
210.0,Electronics,Vivo,V30 Pro 5G,Emerald Green,"The Vivo V30 Pro 5G is a high-performance mid-range smartphone designed for modern mobile users. It is powered by the Qualcomm Snapdragon 7 Gen 3 processor paired with LPDDR5 RAM and UFS 3.1 high-speed storage. The device features a 6.8-inch QHD+ 120Hz Dynamic AMOLED 2X display with 2600 nits peak brightness and Gorilla Armor. For photography and videography, it houses a versatile camera system featuring a 200MP OIS primary sensor, 50MP periscope telephoto with 5x optical zoom, 10MP 3x telephoto, and 12MP ultrawide. The smartphone is powered by a 5000mAh battery with 45W wired fast charging, 15W wireless charging, and reverse wireless support. It operates on the latest OS release with enterprise-grade security updates and optimized thermal management.",41999,3.9,"Great value for money smartphone in this price point. Clean UI experience and fast charging makes daily usage hassle-free. On the downside, charging speed could be slightly faster compared to rivals."
211.0,Electronics,iQOO,12 5G,Starlight Silver,"The iQOO 12 5G is a high-performance performance flagship smartphone designed for modern mobile users. It is powered by the Qualcomm Snapdragon 8s Gen 3 processor paired with LPDDR5X RAM paired with 256GB UFS 4.0 internal storage. The device features a 6.7-inch Super Retina XDR OLED display with ProMotion 120Hz adaptive refresh rate and outdoor peak 2000 nits. For photography and videography, it houses a versatile camera system featuring a 48MP main sensor with sensor-shift OIS, 12MP 5x tetraprism optical zoom telephoto, and 12MP ultrawide. The smartphone is powered by a 4422mAh battery with MagSafe 15W wireless charging and high efficiency battery optimization. It operates on the latest OS release with enterprise-grade security updates and optimized thermal management.",57999,4.1,"The build quality feels high-end and comfortable to hold. Photos taken with the main lens are sharp with natural color tones. However, a fast wall adapter is not included inside the box."
212.0,Electronics,iQOO,Neo 9 Pro 5G,Glacier White,"The iQOO Neo 9 Pro 5G is a high-performance performance mid-range smartphone designed for modern mobile users. It is powered by the MediaTek Dimensity 8300 Ultra processor paired with 12GB LPDDR5X ultra-fast RAM and 256GB UFS 4.0 storage. The device features a 6.7-inch Super Actua LTPO OLED display with 1-120Hz variable refresh rate and 2400 nits peak brightness. For photography and videography, it houses a versatile camera system featuring a 50MP primary camera with OIS, 48MP ultrawide with macro focus, and 48MP telephoto with 5x optical zoom. The smartphone is powered by a 5050mAh battery with 30W wired charging and 23W wireless charging capability. It operates on the latest OS release with enterprise-grade security updates and optimized thermal management.",37999,4.6,Incredible display clarity and high refresh rate make scrolling and gaming super smooth. Charging speed is amazingly fast. Though system software comes with a few preinstalled apps that require manual uninstalling.
213.0,Electronics,Realme,GT 6 5G,Asteroid Black,"The Realme GT 6 5G is a high-performance upper mid-range smartphone designed for modern mobile users. It is powered by the Qualcomm Snapdragon 8s Gen 3 processor paired with 12GB LPDDR5X RAM with generous 512GB UFS 4.0 storage. The device features a 6.82-inch 2K 120Hz Curved LTPO AMOLED display with 4500 nits peak brightness and Dolby Vision. For photography and videography, it houses a versatile camera system featuring a 50MP Sony LYT-808 primary sensor, 64MP periscope telephoto (3x optical, 120x digital), and 48MP ultrawide with Hasselblad color tuning. The smartphone is powered by a 5400mAh dual-cell battery supported by 100W SUPERVOOC fast charging (0-100% in 26 mins) and 50W AIRVOOC wireless. It operates on the latest OS release with enterprise-grade security updates and optimized thermal management.",42999,4.8,Top-notch camera setup with exceptional portrait modes and zoom capability. Software runs smooth without any stutters. Keep in mind that there is no expandable microSD card slot or 3.5mm headphone jack.
214.0,Electronics,Realme,GT 6T 5G,Ocean Cyan,"The Realme GT 6T 5G is a high-performance mid-range smartphone designed for modern mobile users. It is powered by the MediaTek Dimensity 7200 Pro processor paired with 16GB heavy-multitasking LPDDR5X RAM and 512GB UFS 4.0 storage. The device features a 6.78-inch 1.5K 144Hz 8T LTPO AMOLED display with 3000 nits brightness and 2160Hz PWM dimming. For photography and videography, it houses a versatile camera system featuring a 1-inch 50MP Sony LYT-900 primary camera with stepless variable aperture (f/1.63-f/4.0) co-engineered with Leica. The smartphone is powered by a 5000mAh graphite battery with 120W FlashCharge (0-100% in ~27 mins). It operates on the latest OS release with enterprise-grade security updates and optimized thermal management.",32999,4.5,"Solid battery endurance paired with rapid charging. Handles demanding mobile titles without thermal throttling. However, the camera bump on the back is quite prominent."
215.0,Electronics,Motorola,Edge 50 Ultra,Peach Fuzz,"The Motorola Edge 50 Ultra is a high-performance flagship smartphone designed for modern mobile users. It is powered by the MediaTek Dimensity 9300 processor paired with 16GB flagship LPDDR5X RAM paired with massive 1TB UFS 4.0 storage. The device features a 6.67-inch 1.5K 120Hz CrystalRes AMOLED display with Dolby Vision and Gorilla Glass Victus. For photography and videography, it houses a versatile camera system featuring a 50MP 1-inch Sony IMX989 sensor with OIS, 50MP ZEISS APO Floating Telephoto with 4.3x optical zoom and ZEISS T* anti-reflective coating. The smartphone is powered by a 5500mAh dual-cell battery with 120W SUPERVOOC superfast charging. It operates on the latest OS release with enterprise-grade security updates and optimized thermal management.",69999,4.4,"Sleek aesthetic design that turns heads. System software is intuitive, responsive, and packed with practical AI features. Though curved display edges occasionally trigger accidental palm touches."
216.0,Electronics,Motorola,Edge 50 Pro,Phantom Black,"The Motorola Edge 50 Pro is a high-performance mid-range smartphone designed for modern mobile users. It is powered by the Qualcomm Snapdragon 7 Gen 3 processor paired with LPDDR5 RAM and UFS 3.1 high-speed storage. The device features a 6.7-inch 120Hz Flexible AMOLED screen with 1300 nits brightness and iconic transparent Glyph LED interface. For photography and videography, it houses a versatile camera system featuring a 50MP Sony LYT-808 main camera with OIS, 50MP telephoto portrait lens (2x optical zoom), and Next AI image processing. The smartphone is powered by a 5200mAh silicon-carbon high density battery with 100W wired and 66W wireless charging. It operates on the latest OS release with enterprise-grade security updates and optimized thermal management.",31999,4.2,"Extremely satisfied with the purchase! The camera quality is outstanding, especially in low light, and the battery comfortably lasts over a day. However, the phone is slightly heavy for single-handed use."
217.0,Electronics,Motorola,Edge 50 Fusion,Titanium Gray,"The Motorola Edge 50 Fusion is a high-performance budget mid-range smartphone designed for modern mobile users. It is powered by the MediaTek Dimensity 7050 processor paired with LPDDR5X RAM paired with 256GB UFS 4.0 internal storage. The device features a 6.6-inch FHD+ 120Hz Super AMOLED display with Knox Vault security and Vision Booster. For photography and videography, it houses a versatile camera system featuring a 50MP primary sensor with OIS, 50MP ultrawide with macro mode, and 64MP periscope telephoto with 3x optical zoom. The smartphone is powered by a 5500mAh heavy-duty battery with 100W SUPERVOOC charging maintaining health over 4 years. It operates on the latest OS release with enterprise-grade security updates and optimized thermal management.",24999,4.6,Blazing fast performance for daily multitasking and heavy gaming. The display is vibrant and easily readable under bright sunlight. Though the secondary ultrawide camera could be slightly better in low light.
218.0,Electronics,Nothing,Phone,2,"The Nothing Phone (2) is a high-performance upper mid-range smartphone designed for modern mobile users. It is powered by the MediaTek Dimensity 8300 Ultra processor paired with 12GB LPDDR5X ultra-fast RAM and 256GB UFS 4.0 storage. The device features a 6.74-inch 1.5K 120Hz Ultra Clear AMOLED with Aqua Touch wet-finger technology and 2150 nits brightness. For photography and videography, it houses a versatile camera system featuring a Dual 50MP rear camera sensors (Primary OIS + 114-degree Ultrawide) powered by Ultra XDR photography engine. The smartphone is powered by a 5000mAh battery with 90W Turbo Charge support included in the box. It operates on the latest OS release with enterprise-grade security updates and optimized thermal management.",39999,4.6,"Great value for money smartphone in this price point. Clean UI experience and fast charging makes daily usage hassle-free. On the downside, charging speed could be slightly faster compared to rivals."
219.0,Electronics,Nothing,Phone,2a,"The Nothing Phone (2a) is a high-performance budget mid-range smartphone designed for modern mobile users. It is powered by the Qualcomm Snapdragon 6 Gen 1 processor paired with 12GB LPDDR5X RAM with generous 512GB UFS 4.0 storage. The device features a 6.67-inch 1.5K 3D Curved AMOLED with 120Hz refresh rate, 1800 nits peak brightness and IP68 protection. For photography and videography, it houses a versatile camera system featuring a 200MP Samsung ISOCELL HP3 camera with OIS, 4x in-sensor lossless zoom, 8MP ultrawide, and 2MP macro lens. The smartphone is powered by a 5000mAh battery supporting 33W fast charging and 5W reverse wired charging. It operates on the latest OS release with enterprise-grade security updates and optimized thermal management.",25999,3.9,"The build quality feels high-end and comfortable to hold. Photos taken with the main lens are sharp with natural color tones. However, a fast wall adapter is not included inside the box."
220.0,Electronics,POCO,F6 Pro 5G,Midnight Blue,"The Poco F6 Pro 5G is a high-performance performance mid-range smartphone designed for modern mobile users. It is powered by the Qualcomm Snapdragon 7+ Gen 3 processor paired with 16GB heavy-multitasking LPDDR5X RAM and 512GB UFS 4.0 storage. The device features a 6.8-inch QHD+ 120Hz Dynamic AMOLED 2X display with 2600 nits peak brightness and Gorilla Armor. For photography and videography, it houses a versatile camera system featuring a 200MP OIS primary sensor, 50MP periscope telephoto with 5x optical zoom, 10MP 3x telephoto, and 12MP ultrawide. The smartphone is powered by a 5000mAh battery with 45W wired fast charging, 15W wireless charging, and reverse wireless support. It operates on the latest OS release with enterprise-grade security updates and optimized thermal management.",41999,4.1,Incredible display clarity and high refresh rate make scrolling and gaming super smooth. Charging speed is amazingly fast. Though system software comes with a few preinstalled apps that require manual uninstalling.
221.0,Electronics,POCO,F6 5G,Sunset Orange,"The Poco F6 5G is a high-performance performance budget smartphone designed for modern mobile users. It is powered by the MediaTek Dimensity 8300 Ultra processor paired with 16GB flagship LPDDR5X RAM paired with massive 1TB UFS 4.0 storage. The device features a 6.7-inch Super Retina XDR OLED display with ProMotion 120Hz adaptive refresh rate and outdoor peak 2000 nits. For photography and videography, it houses a versatile camera system featuring a 48MP main sensor with sensor-shift OIS, 12MP 5x tetraprism optical zoom telephoto, and 12MP ultrawide. The smartphone is powered by a 4422mAh battery with MagSafe 15W wireless charging and high efficiency battery optimization. It operates on the latest OS release with enterprise-grade security updates and optimized thermal management.",33999,4.9,Top-notch camera setup with exceptional portrait modes and zoom capability. Software runs smooth without any stutters. Keep in mind that there is no expandable microSD card slot or 3.5mm headphone jack.
222.0,Electronics,POCO,X6 Pro 5G,Emerald Green,"The Poco X6 Pro 5G is a high-performance performance budget smartphone designed for modern mobile users. It is powered by the Qualcomm Snapdragon 8s Gen 3 processor paired with LPDDR5 RAM and UFS 3.1 high-speed storage. The device features a 6.7-inch Super Actua LTPO OLED display with 1-120Hz variable refresh rate and 2400 nits peak brightness. For photography and videography, it houses a versatile camera system featuring a 50MP primary camera with OIS, 48MP ultrawide with macro focus, and 48MP telephoto with 5x optical zoom. The smartphone is powered by a 5050mAh battery with 30W wired charging and 23W wireless charging capability. It operates on the latest OS release with enterprise-grade security updates and optimized thermal management.",24999,3.9,"Solid battery endurance paired with rapid charging. Handles demanding mobile titles without thermal throttling. However, the camera bump on the back is quite prominent."
223.0,Electronics,Samsung,Galaxy A55 5G,Starlight Silver,"The Samsung Galaxy A55 5G is a high-performance mid-range smartphone designed for modern mobile users. It is powered by the MediaTek Dimensity 7200 Pro processor paired with LPDDR5X RAM paired with 256GB UFS 4.0 internal storage. The device features a 6.82-inch 2K 120Hz Curved LTPO AMOLED display with 4500 nits peak brightness and Dolby Vision. For photography and videography, it houses a versatile camera system featuring a 50MP Sony LYT-808 primary sensor, 64MP periscope telephoto (3x optical, 120x digital), and 48MP ultrawide with Hasselblad color tuning. The smartphone is powered by a 5400mAh dual-cell battery supported by 100W SUPERVOOC fast charging (0-100% in 26 mins) and 50W AIRVOOC wireless. It operates on the latest OS release with enterprise-grade security updates and optimized thermal management.",42999,4.6,"Sleek aesthetic design that turns heads. System software is intuitive, responsive, and packed with practical AI features. Though curved display edges occasionally trigger accidental palm touches."
224.0,Electronics,Samsung,Galaxy A35 5G,Glacier White,"The Samsung Galaxy A35 5G is a high-performance budget mid-range smartphone designed for modern mobile users. It is powered by the Snapdragon 7s Gen 2 processor paired with 12GB LPDDR5X ultra-fast RAM and 256GB UFS 4.0 storage. The device features a 6.78-inch 1.5K 144Hz 8T LTPO AMOLED display with 3000 nits brightness and 2160Hz PWM dimming. For photography and videography, it houses a versatile camera system featuring a 1-inch 50MP Sony LYT-900 primary camera with stepless variable aperture (f/1.63-f/4.0) co-engineered with Leica. The smartphone is powered by a 5000mAh graphite battery with 120W FlashCharge (0-100% in ~27 mins). It operates on the latest OS release with enterprise-grade security updates and optimized thermal management.",30999,4.3,"Extremely satisfied with the purchase! The camera quality is outstanding, especially in low light, and the battery comfortably lasts over a day. However, the phone is slightly heavy for single-handed use."
225.0,Electronics,Samsung,Galaxy M55 5G,Asteroid Black,"The Samsung Galaxy M55 5G is a high-performance budget mid-range smartphone designed for modern mobile users. It is powered by the Qualcomm Snapdragon 6 Gen 1 processor paired with 12GB LPDDR5X RAM with generous 512GB UFS 4.0 storage. The device features a 6.67-inch 1.5K 120Hz CrystalRes AMOLED display with Dolby Vision and Gorilla Glass Victus. For photography and videography, it houses a versatile camera system featuring a 50MP 1-inch Sony IMX989 sensor with OIS, 50MP ZEISS APO Floating Telephoto with 4.3x optical zoom and ZEISS T* anti-reflective coating. The smartphone is powered by a 5500mAh dual-cell battery with 120W SUPERVOOC superfast charging. It operates on the latest OS release with enterprise-grade security updates and optimized thermal management.",26999,4.4,Blazing fast performance for daily multitasking and heavy gaming. The display is vibrant and easily readable under bright sunlight. Though the secondary ultrawide camera could be slightly better in low light.
226.0,Electronics,OnePlus,Nord 4 5G,Ocean Cyan,"The OnePlus Nord 4 5G is a high-performance mid-range smartphone designed for modern mobile users. It is powered by the MediaTek Dimensity 7200 Pro processor paired with 16GB heavy-multitasking LPDDR5X RAM and 512GB UFS 4.0 storage. The device features a 6.7-inch 120Hz Flexible AMOLED screen with 1300 nits brightness and iconic transparent Glyph LED interface. For photography and videography, it houses a versatile camera system featuring a 50MP Sony LYT-808 main camera with OIS, 50MP telephoto portrait lens (2x optical zoom), and Next AI image processing. The smartphone is powered by a 5200mAh silicon-carbon high density battery with 100W wired and 66W wireless charging. It operates on the latest OS release with enterprise-grade security updates and optimized thermal management.",32999,3.9,"Great value for money smartphone in this price point. Clean UI experience and fast charging makes daily usage hassle-free. On the downside, charging speed could be slightly faster compared to rivals."
227.0,Electronics,OnePlus,Nord CE 4 5G,Peach Fuzz,"The OnePlus Nord CE 4 5G is a high-performance budget mid-range smartphone designed for modern mobile users. It is powered by the Snapdragon 7s Gen 2 processor paired with 16GB flagship LPDDR5X RAM paired with massive 1TB UFS 4.0 storage. The device features a 6.6-inch FHD+ 120Hz Super AMOLED display with Knox Vault security and Vision Booster. For photography and videography, it houses a versatile camera system featuring a 50MP primary sensor with OIS, 50MP ultrawide with macro mode, and 64MP periscope telephoto with 3x optical zoom. The smartphone is powered by a 5500mAh heavy-duty battery with 100W SUPERVOOC charging maintaining health over 4 years. It operates on the latest OS release with enterprise-grade security updates and optimized thermal management.",28999,4.4,"The build quality feels high-end and comfortable to hold. Photos taken with the main lens are sharp with natural color tones. However, a fast wall adapter is not included inside the box."
228.0,Electronics,Redmi,Note 13 Pro+ 5G,Phantom Black,"The Redmi Note 13 Pro+ 5G is a high-performance mid-range smartphone designed for modern mobile users. It is powered by the Qualcomm Snapdragon 7 Gen 3 processor paired with LPDDR5 RAM and UFS 3.1 high-speed storage. The device features a 6.74-inch 1.5K 120Hz Ultra Clear AMOLED with Aqua Touch wet-finger technology and 2150 nits brightness. For photography and videography, it houses a versatile camera system featuring a Dual 50MP rear camera sensors (Primary OIS + 114-degree Ultrawide) powered by Ultra XDR photography engine. The smartphone is powered by a 5000mAh battery with 90W Turbo Charge support included in the box. It operates on the latest OS release with enterprise-grade security updates and optimized thermal management.",31999,4.3,Incredible display clarity and high refresh rate make scrolling and gaming super smooth. Charging speed is amazingly fast. Though system software comes with a few preinstalled apps that require manual uninstalling.
229.0,Electronics,Redmi,Note 13 Pro 5G,Titanium Gray,"The Redmi Note 13 Pro 5G is a high-performance budget mid-range smartphone designed for modern mobile users. It is powered by the MediaTek Dimensity 7050 processor paired with LPDDR5X RAM paired with 256GB UFS 4.0 internal storage. The device features a 6.67-inch 1.5K 3D Curved AMOLED with 120Hz refresh rate, 1800 nits peak brightness and IP68 protection. For photography and videography, it houses a versatile camera system featuring a 200MP Samsung ISOCELL HP3 camera with OIS, 4x in-sensor lossless zoom, 8MP ultrawide, and 2MP macro lens. The smartphone is powered by a 5000mAh battery supporting 33W fast charging and 5W reverse wired charging. It operates on the latest OS release with enterprise-grade security updates and optimized thermal management.",26999,4.0,Top-notch camera setup with exceptional portrait modes and zoom capability. Software runs smooth without any stutters. Keep in mind that there is no expandable microSD card slot or 3.5mm headphone jack.
230.0,Electronics,Redmi,Note 13 5G,Natural Titanium,"The Redmi Note 13 5G is a high-performance budget smartphone designed for modern mobile users. It is powered by the MediaTek Dimensity 6080 processor paired with 12GB LPDDR5X ultra-fast RAM and 256GB UFS 4.0 storage. The device features a 6.8-inch QHD+ 120Hz Dynamic AMOLED 2X display with 2600 nits peak brightness and Gorilla Armor. For photography and videography, it houses a versatile camera system featuring a 200MP OIS primary sensor, 50MP periscope telephoto with 5x optical zoom, 10MP 3x telephoto, and 12MP ultrawide. The smartphone is powered by a 5000mAh battery with 45W wired fast charging, 15W wireless charging, and reverse wireless support. It operates on the latest OS release with enterprise-grade security updates and optimized thermal management.",18999,4.3,"Solid battery endurance paired with rapid charging. Handles demanding mobile titles without thermal throttling. However, the camera bump on the back is quite prominent."
231.0,Electronics,Honor,200 Pro 5G,Oasis Green,"The Honor 200 Pro 5G is a high-performance upper mid-range smartphone designed for modern mobile users. It is powered by the Qualcomm Snapdragon 8s Gen 3 processor paired with 12GB LPDDR5X RAM with generous 512GB UFS 4.0 storage. The device features a 6.7-inch Super Retina XDR OLED display with ProMotion 120Hz adaptive refresh rate and outdoor peak 2000 nits. For photography and videography, it houses a versatile camera system featuring a 48MP main sensor with sensor-shift OIS, 12MP 5x tetraprism optical zoom telephoto, and 12MP ultrawide. The smartphone is powered by a 4422mAh battery with MagSafe 15W wireless charging and high efficiency battery optimization. It operates on the latest OS release with enterprise-grade security updates and optimized thermal management.",61999,4.3,"Sleek aesthetic design that turns heads. System software is intuitive, responsive, and packed with practical AI features. Though curved display edges occasionally trigger accidental palm touches."
232.0,Electronics,Honor,200 5G,Midnight Blue,"The Honor 200 5G is a high-performance mid-range smartphone designed for modern mobile users. It is powered by the MediaTek Dimensity 7200 Pro processor paired with 16GB heavy-multitasking LPDDR5X RAM and 512GB UFS 4.0 storage. The device features a 6.7-inch Super Actua LTPO OLED display with 1-120Hz variable refresh rate and 2400 nits peak brightness. For photography and videography, it houses a versatile camera system featuring a 50MP primary camera with OIS, 48MP ultrawide with macro focus, and 48MP telephoto with 5x optical zoom. The smartphone is powered by a 5050mAh battery with 30W wired charging and 23W wireless charging capability. It operates on the latest OS release with enterprise-grade security updates and optimized thermal management.",37999,4.4,"Extremely satisfied with the purchase! The camera quality is outstanding, especially in low light, and the battery comfortably lasts over a day. However, the phone is slightly heavy for single-handed use."
233.0,Electronics,Nothing,CMF by  Phone 1,Sunset Orange,"The CMF by Nothing Phone 1 is a high-performance budget smartphone designed for modern mobile users. It is powered by the MediaTek Dimensity 6080 processor paired with 16GB flagship LPDDR5X RAM paired with massive 1TB UFS 4.0 storage. The device features a 6.82-inch 2K 120Hz Curved LTPO AMOLED display with 4500 nits peak brightness and Dolby Vision. For photography and videography, it houses a versatile camera system featuring a 50MP Sony LYT-808 primary sensor, 64MP periscope telephoto (3x optical, 120x digital), and 48MP ultrawide with Hasselblad color tuning. The smartphone is powered by a 5400mAh dual-cell battery supported by 100W SUPERVOOC fast charging (0-100% in 26 mins) and 50W AIRVOOC wireless. It operates on the latest OS release with enterprise-grade security updates and optimized thermal management.",19999,4.7,Blazing fast performance for daily multitasking and heavy gaming. The display is vibrant and easily readable under bright sunlight. Though the secondary ultrawide camera could be slightly better in low light.
234.0,Electronics,Realme,12 Pro+ 5G,Emerald Green,"The Realme 12 Pro+ 5G is a high-performance mid-range smartphone designed for modern mobile users. It is powered by the Qualcomm Snapdragon 7 Gen 3 processor paired with LPDDR5 RAM and UFS 3.1 high-speed storage. The device features a 6.78-inch 1.5K 144Hz 8T LTPO AMOLED display with 3000 nits brightness and 2160Hz PWM dimming. For photography and videography, it houses a versatile camera system featuring a 1-inch 50MP Sony LYT-900 primary camera with stepless variable aperture (f/1.63-f/4.0) co-engineered with Leica. The smartphone is powered by a 5000mAh graphite battery with 120W FlashCharge (0-100% in ~27 mins). It operates on the latest OS release with enterprise-grade security updates and optimized thermal management.",29999,4.4,"Great value for money smartphone in this price point. Clean UI experience and fast charging makes daily usage hassle-free. On the downside, charging speed could be slightly faster compared to rivals."
235.0,Electronics,Realme,P1 Pro 5G,Starlight Silver,"The Realme P1 Pro 5G is a high-performance budget smartphone designed for modern mobile users. It is powered by the Qualcomm Snapdragon 695 5G processor paired with LPDDR5X RAM paired with 256GB UFS 4.0 internal storage. The device features a 6.67-inch 1.5K 120Hz CrystalRes AMOLED display with Dolby Vision and Gorilla Glass Victus. For photography and videography, it houses a versatile camera system featuring a 50MP 1-inch Sony IMX989 sensor with OIS, 50MP ZEISS APO Floating Telephoto with 4.3x optical zoom and ZEISS T* anti-reflective coating. The smartphone is powered by a 5500mAh dual-cell battery with 120W SUPERVOOC superfast charging. It operates on the latest OS release with enterprise-grade security updates and optimized thermal management.",21999,4.9,"The build quality feels high-end and comfortable to hold. Photos taken with the main lens are sharp with natural color tones. However, a fast wall adapter is not included inside the box."
236.0,Electronics,Vivo,T3 Pro 5G,Glacier White,"The Vivo T3 Pro 5G is a high-performance budget mid-range smartphone designed for modern mobile users. It is powered by the Snapdragon 7s Gen 2 processor paired with 12GB LPDDR5X ultra-fast RAM and 256GB UFS 4.0 storage. The device features a 6.7-inch 120Hz Flexible AMOLED screen with 1300 nits brightness and iconic transparent Glyph LED interface. For photography and videography, it houses a versatile camera system featuring a 50MP Sony LYT-808 main camera with OIS, 50MP telephoto portrait lens (2x optical zoom), and Next AI image processing. The smartphone is powered by a 5200mAh silicon-carbon high density battery with 100W wired and 66W wireless charging. It operates on the latest OS release with enterprise-grade security updates and optimized thermal management.",26999,4.1,Incredible display clarity and high refresh rate make scrolling and gaming super smooth. Charging speed is amazingly fast. Though system software comes with a few preinstalled apps that require manual uninstalling.
237.0,Electronics,iQOO,Z9 Turbo 5G,Asteroid Black,"The iQOO Z9 Turbo 5G is a high-performance budget mid-range smartphone designed for modern mobile users. It is powered by the Qualcomm Snapdragon 6 Gen 1 processor paired with 12GB LPDDR5X RAM with generous 512GB UFS 4.0 storage. The device features a 6.6-inch FHD+ 120Hz Super AMOLED display with Knox Vault security and Vision Booster. For photography and videography, it houses a versatile camera system featuring a 50MP primary sensor with OIS, 50MP ultrawide with macro mode, and 64MP periscope telephoto with 3x optical zoom. The smartphone is powered by a 5500mAh heavy-duty battery with 100W SUPERVOOC charging maintaining health over 4 years. It operates on the latest OS release with enterprise-grade security updates and optimized thermal management.",23999,4.8,Top-notch camera setup with exceptional portrait modes and zoom capability. Software runs smooth without any stutters. Keep in mind that there is no expandable microSD card slot or 3.5mm headphone jack.
238.0,Electronics,Samsung,Galaxy Z Fold 5 5G,Ocean Cyan,"The Samsung Galaxy Z Fold 5 5G is a high-performance foldable flagship smartphone designed for modern mobile users. It is powered by the Qualcomm Snapdragon 8 Gen 2 processor paired with 16GB heavy-multitasking LPDDR5X RAM and 512GB UFS 4.0 storage. The device features a 6.74-inch 1.5K 120Hz Ultra Clear AMOLED with Aqua Touch wet-finger technology and 2150 nits brightness. For photography and videography, it houses a versatile camera system featuring a Dual 50MP rear camera sensors (Primary OIS + 114-degree Ultrawide) powered by Ultra XDR photography engine. The smartphone is powered by a 5000mAh battery with 90W Turbo Charge support included in the box. It operates on the latest OS release with enterprise-grade security updates and optimized thermal management.",164999,4.7,"Solid battery endurance paired with rapid charging. Handles demanding mobile titles without thermal throttling. However, the camera bump on the back is quite prominent."
239.0,Electronics,Samsung,Galaxy Z Flip 5 5G,Peach Fuzz,"The Samsung Galaxy Z Flip 5 5G is a high-performance foldable flagship smartphone designed for modern mobile users. It is powered by the MediaTek Dimensity 9000+ processor paired with 16GB flagship LPDDR5X RAM paired with massive 1TB UFS 4.0 storage. The device features a 6.67-inch 1.5K 3D Curved AMOLED with 120Hz refresh rate, 1800 nits peak brightness and IP68 protection. For photography and videography, it houses a versatile camera system featuring a 200MP Samsung ISOCELL HP3 camera with OIS, 4x in-sensor lossless zoom, 8MP ultrawide, and 2MP macro lens. The smartphone is powered by a 5000mAh battery supporting 33W fast charging and 5W reverse wired charging. It operates on the latest OS release with enterprise-grade security updates and optimized thermal management.",119999,4.2,"Sleek aesthetic design that turns heads. System software is intuitive, responsive, and packed with practical AI features. Though curved display edges occasionally trigger accidental palm touches."
240.0,Electronics,Motorola,Razr 50 Ultra 5G,Phantom Black,"The Motorola Razr 50 Ultra 5G is a high-performance foldable flagship smartphone designed for modern mobile users. It is powered by the Qualcomm Snapdragon 8 Gen 3 processor paired with LPDDR5 RAM and UFS 3.1 high-speed storage. The device features a 6.8-inch QHD+ 120Hz Dynamic AMOLED 2X display with 2600 nits peak brightness and Gorilla Armor. For photography and videography, it houses a versatile camera system featuring a 200MP OIS primary sensor, 50MP periscope telephoto with 5x optical zoom, 10MP 3x telephoto, and 12MP ultrawide. The smartphone is powered by a 5000mAh battery with 45W wired fast charging, 15W wireless charging, and reverse wireless support. It operates on the latest OS release with enterprise-grade security updates and optimized thermal management.",89999,4.8,"Extremely satisfied with the purchase! The camera quality is outstanding, especially in low light, and the battery comfortably lasts over a day. However, the phone is slightly heavy for single-handed use."
241.0,Electronics,Tecno,Phantom V Fold 5G,Titanium Gray,"The Tecno Phantom V Fold 5G is a high-performance foldable flagship smartphone designed for modern mobile users. It is powered by the Qualcomm Snapdragon 8 Gen 2 processor paired with LPDDR5X RAM paired with 256GB UFS 4.0 internal storage. The device features a 6.7-inch Super Retina XDR OLED display with ProMotion 120Hz adaptive refresh rate and outdoor peak 2000 nits. For photography and videography, it houses a versatile camera system featuring a 48MP main sensor with sensor-shift OIS, 12MP 5x tetraprism optical zoom telephoto, and 12MP ultrawide. The smartphone is powered by a 4422mAh battery with MagSafe 15W wireless charging and high efficiency battery optimization. It operates on the latest OS release with enterprise-grade security updates and optimized thermal management.",74999,4.1,Blazing fast performance for daily multitasking and heavy gaming. The display is vibrant and easily readable under bright sunlight. Though the secondary ultrawide camera could be slightly better in low light.
242.0,Electronics,Tecno,Phantom V Flip 5G,Natural Titanium,"The Tecno Phantom V Flip 5G is a high-performance foldable mid-range smartphone designed for modern mobile users. It is powered by the MediaTek Dimensity 8050 5G processor paired with 12GB LPDDR5X ultra-fast RAM and 256GB UFS 4.0 storage. The device features a 6.7-inch Super Actua LTPO OLED display with 1-120Hz variable refresh rate and 2400 nits peak brightness. For photography and videography, it houses a versatile camera system featuring a 50MP primary camera with OIS, 48MP ultrawide with macro focus, and 48MP telephoto with 5x optical zoom. The smartphone is powered by a 5050mAh battery with 30W wired charging and 23W wireless charging capability. It operates on the latest OS release with enterprise-grade security updates and optimized thermal management.",52999,3.9,"Great value for money smartphone in this price point. Clean UI experience and fast charging makes daily usage hassle-free. On the downside, charging speed could be slightly faster compared to rivals."
243.0,Electronics,ASUS,ROG Phone 8 Pro 5G,Oasis Green,"The Asus ROG Phone 8 Pro 5G is a high-performance gaming flagship smartphone designed for modern mobile users. It is powered by the Qualcomm Snapdragon 8 Gen 3 with dedicated GameCool vapour cooling processor paired with 12GB LPDDR5X RAM with generous 512GB UFS 4.0 storage. The device features a 6.82-inch 2K 120Hz Curved LTPO AMOLED display with 4500 nits peak brightness and Dolby Vision. For photography and videography, it houses a versatile camera system featuring a 50MP Sony LYT-808 primary sensor, 64MP periscope telephoto (3x optical, 120x digital), and 48MP ultrawide with Hasselblad color tuning. The smartphone is powered by a 5400mAh dual-cell battery supported by 100W SUPERVOOC fast charging (0-100% in 26 mins) and 50W AIRVOOC wireless. It operates on the latest OS release with enterprise-grade security updates and optimized thermal management.",99999,4.9,"The build quality feels high-end and comfortable to hold. Photos taken with the main lens are sharp with natural color tones. However, a fast wall adapter is not included inside the box."
244.0,Electronics,ASUS,ROG Phone 8 5G,Midnight Blue,"The Asus ROG Phone 8 5G is a high-performance gaming flagship smartphone designed for modern mobile users. It is powered by the Qualcomm Snapdragon 8 Gen 3 with dedicated GameCool vapour cooling processor paired with 16GB heavy-multitasking LPDDR5X RAM and 512GB UFS 4.0 storage. The device features a 6.78-inch 1.5K 144Hz 8T LTPO AMOLED display with 3000 nits brightness and 2160Hz PWM dimming. For photography and videography, it houses a versatile camera system featuring a 1-inch 50MP Sony LYT-900 primary camera with stepless variable aperture (f/1.63-f/4.0) co-engineered with Leica. The smartphone is powered by a 5000mAh graphite battery with 120W FlashCharge (0-100% in ~27 mins). It operates on the latest OS release with enterprise-grade security updates and optimized thermal management.",84999,4.9,Incredible display clarity and high refresh rate make scrolling and gaming super smooth. Charging speed is amazingly fast. Though system software comes with a few preinstalled apps that require manual uninstalling.
245.0,Electronics,Samsung,Galaxy S24 Ultra,Sunset Orange,"The Samsung Galaxy S24 Ultra is a high-performance flagship smartphone designed for modern mobile users. It is powered by the Apple A17 Pro (3nm) processor paired with 16GB flagship LPDDR5X RAM paired with massive 1TB UFS 4.0 storage. The device features a 6.67-inch 1.5K 120Hz CrystalRes AMOLED display with Dolby Vision and Gorilla Glass Victus. For photography and videography, it houses a versatile camera system featuring a 50MP 1-inch Sony IMX989 sensor with OIS, 50MP ZEISS APO Floating Telephoto with 4.3x optical zoom and ZEISS T* anti-reflective coating. The smartphone is powered by a 5500mAh dual-cell battery with 120W SUPERVOOC superfast charging. It operates on the latest OS release with enterprise-grade security updates and optimized thermal management.",159999,4.2,Top-notch camera setup with exceptional portrait modes and zoom capability. Software runs smooth without any stutters. Keep in mind that there is no expandable microSD card slot or 3.5mm headphone jack.
246.0,Electronics,Samsung,Galaxy S24 Plus,Emerald Green,"The Samsung Galaxy S24 Plus is a high-performance flagship smartphone designed for modern mobile users. It is powered by the Google Tensor G3 processor paired with LPDDR5 RAM and UFS 3.1 high-speed storage. The device features a 6.7-inch 120Hz Flexible AMOLED screen with 1300 nits brightness and iconic transparent Glyph LED interface. For photography and videography, it houses a versatile camera system featuring a 50MP Sony LYT-808 main camera with OIS, 50MP telephoto portrait lens (2x optical zoom), and Next AI image processing. The smartphone is powered by a 5200mAh silicon-carbon high density battery with 100W wired and 66W wireless charging. It operates on the latest OS release with enterprise-grade security updates and optimized thermal management.",99999,4.7,"Solid battery endurance paired with rapid charging. Handles demanding mobile titles without thermal throttling. However, the camera bump on the back is quite prominent."
247.0,Electronics,Samsung,Galaxy S24,Starlight Silver,"The Samsung Galaxy S24 is a high-performance flagship smartphone designed for modern mobile users. It is powered by the MediaTek Dimensity 9300 processor paired with LPDDR5X RAM paired with 256GB UFS 4.0 internal storage. The device features a 6.6-inch FHD+ 120Hz Super AMOLED display with Knox Vault security and Vision Booster. For photography and videography, it houses a versatile camera system featuring a 50MP primary sensor with OIS, 50MP ultrawide with macro mode, and 64MP periscope telephoto with 3x optical zoom. The smartphone is powered by a 5500mAh heavy-duty battery with 100W SUPERVOOC charging maintaining health over 4 years. It operates on the latest OS release with enterprise-grade security updates and optimized thermal management.",79999,4.0,"Sleek aesthetic design that turns heads. System software is intuitive, responsive, and packed with practical AI features. Though curved display edges occasionally trigger accidental palm touches."
248.0,Electronics,Apple,iPhone 15 Pro Max,Glacier White,"The Apple iPhone 15 Pro Max is a high-performance flagship smartphone designed for modern mobile users. It is powered by the Qualcomm Snapdragon 8 Gen 3 processor paired with 12GB LPDDR5X ultra-fast RAM and 256GB UFS 4.0 storage. The device features a 6.74-inch 1.5K 120Hz Ultra Clear AMOLED with Aqua Touch wet-finger technology and 2150 nits brightness. For photography and videography, it houses a versatile camera system featuring a Dual 50MP rear camera sensors (Primary OIS + 114-degree Ultrawide) powered by Ultra XDR photography engine. The smartphone is powered by a 5000mAh battery with 90W Turbo Charge support included in the box. It operates on the latest OS release with enterprise-grade security updates and optimized thermal management.",179900,4.3,"Extremely satisfied with the purchase! The camera quality is outstanding, especially in low light, and the battery comfortably lasts over a day. However, the phone is slightly heavy for single-handed use."
249.0,Electronics,Apple,iPhone 15 Pro,Asteroid Black,"The Apple iPhone 15 Pro is a high-performance flagship smartphone designed for modern mobile users. It is powered by the Apple A17 Pro (3nm) processor paired with 12GB LPDDR5X RAM with generous 512GB UFS 4.0 storage. The device features a 6.67-inch 1.5K 3D Curved AMOLED with 120Hz refresh rate, 1800 nits peak brightness and IP68 protection. For photography and videography, it houses a versatile camera system featuring a 200MP Samsung ISOCELL HP3 camera with OIS, 4x in-sensor lossless zoom, 8MP ultrawide, and 2MP macro lens. The smartphone is powered by a 5000mAh battery supporting 33W fast charging and 5W reverse wired charging. It operates on the latest OS release with enterprise-grade security updates and optimized thermal management.",144900,4.7,Blazing fast performance for daily multitasking and heavy gaming. The display is vibrant and easily readable under bright sunlight. Though the secondary ultrawide camera could be slightly better in low light.
250.0,Electronics,Apple,iPhone 15 Plus,Ocean Cyan,"The Apple iPhone 15 Plus is a high-performance flagship smartphone designed for modern mobile users. It is powered by the Google Tensor G3 processor paired with 16GB heavy-multitasking LPDDR5X RAM and 512GB UFS 4.0 storage. The device features a 6.8-inch QHD+ 120Hz Dynamic AMOLED 2X display with 2600 nits peak brightness and Gorilla Armor. For photography and videography, it houses a versatile camera system featuring a 200MP OIS primary sensor, 50MP periscope telephoto with 5x optical zoom, 10MP 3x telephoto, and 12MP ultrawide. The smartphone is powered by a 5000mAh battery with 45W wired fast charging, 15W wireless charging, and reverse wireless support. It operates on the latest OS release with enterprise-grade security updates and optimized thermal management.",99900,4.0,"Great value for money smartphone in this price point. Clean UI experience and fast charging makes daily usage hassle-free. On the downside, charging speed could be slightly faster compared to rivals."
251.0,Electronics,Apple,iPhone 15,Peach Fuzz,"The Apple iPhone 15 is a high-performance flagship smartphone designed for modern mobile users. It is powered by the MediaTek Dimensity 9300 processor paired with 16GB flagship LPDDR5X RAM paired with massive 1TB UFS 4.0 storage. The device features a 6.7-inch Super Retina XDR OLED display with ProMotion 120Hz adaptive refresh rate and outdoor peak 2000 nits. For photography and videography, it houses a versatile camera system featuring a 48MP main sensor with sensor-shift OIS, 12MP 5x tetraprism optical zoom telephoto, and 12MP ultrawide. The smartphone is powered by a 4422mAh battery with MagSafe 15W wireless charging and high efficiency battery optimization. It operates on the latest OS release with enterprise-grade security updates and optimized thermal management.",109900,4.9,"The build quality feels high-end and comfortable to hold. Photos taken with the main lens are sharp with natural color tones. However, a fast wall adapter is not included inside the box."
252.0,Electronics,Google,Pixel 8 Pro,Phantom Black,"The Google Pixel 8 Pro is a high-performance flagship smartphone designed for modern mobile users. It is powered by the Qualcomm Snapdragon 8 Gen 3 processor paired with LPDDR5 RAM and UFS 3.1 high-speed storage. The device features a 6.7-inch Super Actua LTPO OLED display with 1-120Hz variable refresh rate and 2400 nits peak brightness. For photography and videography, it houses a versatile camera system featuring a 50MP primary camera with OIS, 48MP ultrawide with macro focus, and 48MP telephoto with 5x optical zoom. The smartphone is powered by a 5050mAh battery with 30W wired charging and 23W wireless charging capability. It operates on the latest OS release with enterprise-grade security updates and optimized thermal management.",106999,4.4,Incredible display clarity and high refresh rate make scrolling and gaming super smooth. Charging speed is amazingly fast. Though system software comes with a few preinstalled apps that require manual uninstalling.
253.0,Electronics,Google,Pixel 8a,Titanium Gray,"The Google Pixel 8a is a high-performance mid-range smartphone designed for modern mobile users. It is powered by the MediaTek Dimensity 7200 Pro processor paired with LPDDR5X RAM paired with 256GB UFS 4.0 internal storage. The device features a 6.82-inch 2K 120Hz Curved LTPO AMOLED display with 4500 nits peak brightness and Dolby Vision. For photography and videography, it houses a versatile camera system featuring a 50MP Sony LYT-808 primary sensor, 64MP periscope telephoto (3x optical, 120x digital), and 48MP ultrawide with Hasselblad color tuning. The smartphone is powered by a 5400mAh dual-cell battery supported by 100W SUPERVOOC fast charging (0-100% in 26 mins) and 50W AIRVOOC wireless. It operates on the latest OS release with enterprise-grade security updates and optimized thermal management.",59999,4.1,Top-notch camera setup with exceptional portrait modes and zoom capability. Software runs smooth without any stutters. Keep in mind that there is no expandable microSD card slot or 3.5mm headphone jack.
254.0,Electronics,OnePlus,12 5G,Natural Titanium,"The OnePlus 12 5G is a high-performance flagship smartphone designed for modern mobile users. It is powered by the Google Tensor G3 processor paired with 12GB LPDDR5X ultra-fast RAM and 256GB UFS 4.0 storage. The device features a 6.78-inch 1.5K 144Hz 8T LTPO AMOLED display with 3000 nits brightness and 2160Hz PWM dimming. For photography and videography, it houses a versatile camera system featuring a 1-inch 50MP Sony LYT-900 primary camera with stepless variable aperture (f/1.63-f/4.0) co-engineered with Leica. The smartphone is powered by a 5000mAh graphite battery with 120W FlashCharge (0-100% in ~27 mins). It operates on the latest OS release with enterprise-grade security updates and optimized thermal management.",69999,4.2,"Solid battery endurance paired with rapid charging. Handles demanding mobile titles without thermal throttling. However, the camera bump on the back is quite prominent."
255.0,Electronics,OnePlus,12R 5G,Oasis Green,"The OnePlus 12R 5G is a high-performance upper mid-range smartphone designed for modern mobile users. It is powered by the Qualcomm Snapdragon 8s Gen 3 processor paired with 12GB LPDDR5X RAM with generous 512GB UFS 4.0 storage. The device features a 6.67-inch 1.5K 120Hz CrystalRes AMOLED display with Dolby Vision and Gorilla Glass Victus. For photography and videography, it houses a versatile camera system featuring a 50MP 1-inch Sony IMX989 sensor with OIS, 50MP ZEISS APO Floating Telephoto with 4.3x optical zoom and ZEISS T* anti-reflective coating. The smartphone is powered by a 5500mAh dual-cell battery with 120W SUPERVOOC superfast charging. It operates on the latest OS release with enterprise-grade security updates and optimized thermal management.",42999,4.1,"Sleek aesthetic design that turns heads. System software is intuitive, responsive, and packed with practical AI features. Though curved display edges occasionally trigger accidental palm touches."
256.0,Electronics,Xiaomi,14 Ultra 5G,Midnight Blue,"The Xiaomi 14 Ultra 5G is a high-performance flagship smartphone designed for modern mobile users. It is powered by the Qualcomm Snapdragon 8 Gen 3 processor paired with 16GB heavy-multitasking LPDDR5X RAM and 512GB UFS 4.0 storage. The device features a 6.7-inch 120Hz Flexible AMOLED screen with 1300 nits brightness and iconic transparent Glyph LED interface. For photography and videography, it houses a versatile camera system featuring a 50MP Sony LYT-808 main camera with OIS, 50MP telephoto portrait lens (2x optical zoom), and Next AI image processing. The smartphone is powered by a 5200mAh silicon-carbon high density battery with 100W wired and 66W wireless charging. It operates on the latest OS release with enterprise-grade security updates and optimized thermal management.",109999,4.5,"Extremely satisfied with the purchase! The camera quality is outstanding, especially in low light, and the battery comfortably lasts over a day. However, the phone is slightly heavy for single-handed use."
257.0,Electronics,Xiaomi,14 Civi,Sunset Orange,"The Xiaomi 14 Civi is a high-performance upper mid-range smartphone designed for modern mobile users. It is powered by the MediaTek Dimensity 8300 Ultra processor paired with 16GB flagship LPDDR5X RAM paired with massive 1TB UFS 4.0 storage. The device features a 6.6-inch FHD+ 120Hz Super AMOLED display with Knox Vault security and Vision Booster. For photography and videography, it houses a versatile camera system featuring a 50MP primary sensor with OIS, 50MP ultrawide with macro mode, and 64MP periscope telephoto with 3x optical zoom. The smartphone is powered by a 5500mAh heavy-duty battery with 100W SUPERVOOC charging maintaining health over 4 years. It operates on the latest OS release with enterprise-grade security updates and optimized thermal management.",51999,4.5,Blazing fast performance for daily multitasking and heavy gaming. The display is vibrant and easily readable under bright sunlight. Though the secondary ultrawide camera could be slightly better in low light.
258.0,Electronics,Vivo,X100 Pro 5G,Emerald Green,"The Vivo X100 Pro 5G is a high-performance flagship smartphone designed for modern mobile users. It is powered by the Google Tensor G3 processor paired with LPDDR5 RAM and UFS 3.1 high-speed storage. The device features a 6.74-inch 1.5K 120Hz Ultra Clear AMOLED with Aqua Touch wet-finger technology and 2150 nits brightness. For photography and videography, it houses a versatile camera system featuring a Dual 50MP rear camera sensors (Primary OIS + 114-degree Ultrawide) powered by Ultra XDR photography engine. The smartphone is powered by a 5000mAh battery with 90W Turbo Charge support included in the box. It operates on the latest OS release with enterprise-grade security updates and optimized thermal management.",89999,3.9,"Great value for money smartphone in this price point. Clean UI experience and fast charging makes daily usage hassle-free. On the downside, charging speed could be slightly faster compared to rivals."
259.0,Electronics,Vivo,V30 Pro 5G,Starlight Silver,"The Vivo V30 Pro 5G is a high-performance mid-range smartphone designed for modern mobile users. It is powered by the MediaTek Dimensity 7200 Pro processor paired with LPDDR5X RAM paired with 256GB UFS 4.0 internal storage. The device features a 6.67-inch 1.5K 3D Curved AMOLED with 120Hz refresh rate, 1800 nits peak brightness and IP68 protection. For photography and videography, it houses a versatile camera system featuring a 200MP Samsung ISOCELL HP3 camera with OIS, 4x in-sensor lossless zoom, 8MP ultrawide, and 2MP macro lens. The smartphone is powered by a 5000mAh battery supporting 33W fast charging and 5W reverse wired charging. It operates on the latest OS release with enterprise-grade security updates and optimized thermal management.",46999,4.7,"The build quality feels high-end and comfortable to hold. Photos taken with the main lens are sharp with natural color tones. However, a fast wall adapter is not included inside the box."
260.0,Electronics,iQOO,12 5G,Glacier White,"The iQOO 12 5G is a high-performance performance flagship smartphone designed for modern mobile users. It is powered by the MediaTek Dimensity 9300 processor paired with 12GB LPDDR5X ultra-fast RAM and 256GB UFS 4.0 storage. The device features a 6.8-inch QHD+ 120Hz Dynamic AMOLED 2X display with 2600 nits peak brightness and Gorilla Armor. For photography and videography, it houses a versatile camera system featuring a 200MP OIS primary sensor, 50MP periscope telephoto with 5x optical zoom, 10MP 3x telephoto, and 12MP ultrawide. The smartphone is powered by a 5000mAh battery with 45W wired fast charging, 15W wireless charging, and reverse wireless support. It operates on the latest OS release with enterprise-grade security updates and optimized thermal management.",57999,4.9,Incredible display clarity and high refresh rate make scrolling and gaming super smooth. Charging speed is amazingly fast. Though system software comes with a few preinstalled apps that require manual uninstalling.
261.0,Electronics,iQOO,Neo 9 Pro 5G,Asteroid Black,"The iQOO Neo 9 Pro 5G is a high-performance performance mid-range smartphone designed for modern mobile users. It is powered by the Qualcomm Snapdragon 8 Gen 2 processor paired with 12GB LPDDR5X RAM with generous 512GB UFS 4.0 storage. The device features a 6.7-inch Super Retina XDR OLED display with ProMotion 120Hz adaptive refresh rate and outdoor peak 2000 nits. For photography and videography, it houses a versatile camera system featuring a 48MP main sensor with sensor-shift OIS, 12MP 5x tetraprism optical zoom telephoto, and 12MP ultrawide. The smartphone is powered by a 4422mAh battery with MagSafe 15W wireless charging and high efficiency battery optimization. It operates on the latest OS release with enterprise-grade security updates and optimized thermal management.",37999,4.9,Top-notch camera setup with exceptional portrait modes and zoom capability. Software runs smooth without any stutters. Keep in mind that there is no expandable microSD card slot or 3.5mm headphone jack.
262.0,Electronics,Realme,GT 6 5G,Ocean Cyan,"The Realme GT 6 5G is a high-performance upper mid-range smartphone designed for modern mobile users. It is powered by the Qualcomm Snapdragon 7+ Gen 3 processor paired with 16GB heavy-multitasking LPDDR5X RAM and 512GB UFS 4.0 storage. The device features a 6.7-inch Super Actua LTPO OLED display with 1-120Hz variable refresh rate and 2400 nits peak brightness. For photography and videography, it houses a versatile camera system featuring a 50MP primary camera with OIS, 48MP ultrawide with macro focus, and 48MP telephoto with 5x optical zoom. The smartphone is powered by a 5050mAh battery with 30W wired charging and 23W wireless charging capability. It operates on the latest OS release with enterprise-grade security updates and optimized thermal management.",42999,4.3,"Solid battery endurance paired with rapid charging. Handles demanding mobile titles without thermal throttling. However, the camera bump on the back is quite prominent."
263.0,Electronics,Realme,GT 6T 5G,Peach Fuzz,"The Realme GT 6T 5G is a high-performance mid-range smartphone designed for modern mobile users. It is powered by the Exynos 1480 (4nm) processor paired with 16GB flagship LPDDR5X RAM paired with massive 1TB UFS 4.0 storage. The device features a 6.82-inch 2K 120Hz Curved LTPO AMOLED display with 4500 nits peak brightness and Dolby Vision. For photography and videography, it houses a versatile camera system featuring a 50MP Sony LYT-808 primary sensor, 64MP periscope telephoto (3x optical, 120x digital), and 48MP ultrawide with Hasselblad color tuning. The smartphone is powered by a 5400mAh dual-cell battery supported by 100W SUPERVOOC fast charging (0-100% in 26 mins) and 50W AIRVOOC wireless. It operates on the latest OS release with enterprise-grade security updates and optimized thermal management.",35999,4.3,"Sleek aesthetic design that turns heads. System software is intuitive, responsive, and packed with practical AI features. Though curved display edges occasionally trigger accidental palm touches."
264.0,Electronics,Motorola,Edge 50 Ultra,Phantom Black,"The Motorola Edge 50 Ultra is a high-performance flagship smartphone designed for modern mobile users. It is powered by the Qualcomm Snapdragon 8 Gen 3 processor paired with LPDDR5 RAM and UFS 3.1 high-speed storage. The device features a 6.78-inch 1.5K 144Hz 8T LTPO AMOLED display with 3000 nits brightness and 2160Hz PWM dimming. For photography and videography, it houses a versatile camera system featuring a 1-inch 50MP Sony LYT-900 primary camera with stepless variable aperture (f/1.63-f/4.0) co-engineered with Leica. The smartphone is powered by a 5000mAh graphite battery with 120W FlashCharge (0-100% in ~27 mins). It operates on the latest OS release with enterprise-grade security updates and optimized thermal management.",59999,4.3,"Extremely satisfied with the purchase! The camera quality is outstanding, especially in low light, and the battery comfortably lasts over a day. However, the phone is slightly heavy for single-handed use."
265.0,Electronics,Motorola,Edge 50 Pro,Titanium Gray,"The Motorola Edge 50 Pro is a high-performance mid-range smartphone designed for modern mobile users. It is powered by the MediaTek Dimensity 7200 Pro processor paired with LPDDR5X RAM paired with 256GB UFS 4.0 internal storage. The device features a 6.67-inch 1.5K 120Hz CrystalRes AMOLED display with Dolby Vision and Gorilla Glass Victus. For photography and videography, it houses a versatile camera system featuring a 50MP 1-inch Sony IMX989 sensor with OIS, 50MP ZEISS APO Floating Telephoto with 4.3x optical zoom and ZEISS T* anti-reflective coating. The smartphone is powered by a 5500mAh dual-cell battery with 120W SUPERVOOC superfast charging. It operates on the latest OS release with enterprise-grade security updates and optimized thermal management.",35999,4.4,Blazing fast performance for daily multitasking and heavy gaming. The display is vibrant and easily readable under bright sunlight. Though the secondary ultrawide camera could be slightly better in low light.
266.0,Electronics,Motorola,Edge 50 Fusion,Natural Titanium,"The Motorola Edge 50 Fusion is a high-performance budget mid-range smartphone designed for modern mobile users. It is powered by the Snapdragon 7s Gen 2 processor paired with 12GB LPDDR5X ultra-fast RAM and 256GB UFS 4.0 storage. The device features a 6.7-inch 120Hz Flexible AMOLED screen with 1300 nits brightness and iconic transparent Glyph LED interface. For photography and videography, it houses a versatile camera system featuring a 50MP Sony LYT-808 main camera with OIS, 50MP telephoto portrait lens (2x optical zoom), and Next AI image processing. The smartphone is powered by a 5200mAh silicon-carbon high density battery with 100W wired and 66W wireless charging. It operates on the latest OS release with enterprise-grade security updates and optimized thermal management.",24999,4.8,"Great value for money smartphone in this price point. Clean UI experience and fast charging makes daily usage hassle-free. On the downside, charging speed could be slightly faster compared to rivals."
267.0,Electronics,Nothing,Phone,2,"The Nothing Phone (2) is a high-performance upper mid-range smartphone designed for modern mobile users. It is powered by the Qualcomm Snapdragon 8s Gen 3 processor paired with 12GB LPDDR5X RAM with generous 512GB UFS 4.0 storage. The device features a 6.6-inch FHD+ 120Hz Super AMOLED display with Knox Vault security and Vision Booster. For photography and videography, it houses a versatile camera system featuring a 50MP primary sensor with OIS, 50MP ultrawide with macro mode, and 64MP periscope telephoto with 3x optical zoom. The smartphone is powered by a 5500mAh heavy-duty battery with 100W SUPERVOOC charging maintaining health over 4 years. It operates on the latest OS release with enterprise-grade security updates and optimized thermal management.",39999,4.6,"The build quality feels high-end and comfortable to hold. Photos taken with the main lens are sharp with natural color tones. However, a fast wall adapter is not included inside the box."
268.0,Electronics,Nothing,Phone,2a,"The Nothing Phone (2a) is a high-performance budget mid-range smartphone designed for modern mobile users. It is powered by the MediaTek Dimensity 7050 processor paired with 16GB heavy-multitasking LPDDR5X RAM and 512GB UFS 4.0 storage. The device features a 6.74-inch 1.5K 120Hz Ultra Clear AMOLED with Aqua Touch wet-finger technology and 2150 nits brightness. For photography and videography, it houses a versatile camera system featuring a Dual 50MP rear camera sensors (Primary OIS + 114-degree Ultrawide) powered by Ultra XDR photography engine. The smartphone is powered by a 5000mAh battery with 90W Turbo Charge support included in the box. It operates on the latest OS release with enterprise-grade security updates and optimized thermal management.",25999,4.8,Incredible display clarity and high refresh rate make scrolling and gaming super smooth. Charging speed is amazingly fast. Though system software comes with a few preinstalled apps that require manual uninstalling.
269.0,Electronics,POCO,F6 Pro 5G,Sunset Orange,"The Poco F6 Pro 5G is a high-performance performance mid-range smartphone designed for modern mobile users. It is powered by the MediaTek Dimensity 8300 Ultra processor paired with 16GB flagship LPDDR5X RAM paired with massive 1TB UFS 4.0 storage. The device features a 6.67-inch 1.5K 3D Curved AMOLED with 120Hz refresh rate, 1800 nits peak brightness and IP68 protection. For photography and videography, it houses a versatile camera system featuring a 200MP Samsung ISOCELL HP3 camera with OIS, 4x in-sensor lossless zoom, 8MP ultrawide, and 2MP macro lens. The smartphone is powered by a 5000mAh battery supporting 33W fast charging and 5W reverse wired charging. It operates on the latest OS release with enterprise-grade security updates and optimized thermal management.",44999,4.1,Top-notch camera setup with exceptional portrait modes and zoom capability. Software runs smooth without any stutters. Keep in mind that there is no expandable microSD card slot or 3.5mm headphone jack.
270.0,Electronics,POCO,F6 5G,Emerald Green,"The Poco F6 5G is a high-performance performance budget smartphone designed for modern mobile users. It is powered by the Qualcomm Snapdragon 8s Gen 3 processor paired with LPDDR5 RAM and UFS 3.1 high-speed storage. The device features a 6.8-inch QHD+ 120Hz Dynamic AMOLED 2X display with 2600 nits peak brightness and Gorilla Armor. For photography and videography, it houses a versatile camera system featuring a 200MP OIS primary sensor, 50MP periscope telephoto with 5x optical zoom, 10MP 3x telephoto, and 12MP ultrawide. The smartphone is powered by a 5000mAh battery with 45W wired fast charging, 15W wireless charging, and reverse wireless support. It operates on the latest OS release with enterprise-grade security updates and optimized thermal management.",29999,4.8,"Solid battery endurance paired with rapid charging. Handles demanding mobile titles without thermal throttling. However, the camera bump on the back is quite prominent."
271.0,Electronics,POCO,X6 Pro 5G,Starlight Silver,"The Poco X6 Pro 5G is a high-performance performance budget smartphone designed for modern mobile users. It is powered by the MediaTek Dimensity 8300 Ultra processor paired with LPDDR5X RAM paired with 256GB UFS 4.0 internal storage. The device features a 6.7-inch Super Retina XDR OLED display with ProMotion 120Hz adaptive refresh rate and outdoor peak 2000 nits. For photography and videography, it houses a versatile camera system featuring a 48MP main sensor with sensor-shift OIS, 12MP 5x tetraprism optical zoom telephoto, and 12MP ultrawide. The smartphone is powered by a 4422mAh battery with MagSafe 15W wireless charging and high efficiency battery optimization. It operates on the latest OS release with enterprise-grade security updates and optimized thermal management.",26999,4.4,"Sleek aesthetic design that turns heads. System software is intuitive, responsive, and packed with practical AI features. Though curved display edges occasionally trigger accidental palm touches."
272.0,Electronics,Samsung,Galaxy A55 5G,Glacier White,"The Samsung Galaxy A55 5G is a high-performance mid-range smartphone designed for modern mobile users. It is powered by the Exynos 1480 (4nm) processor paired with 12GB LPDDR5X ultra-fast RAM and 256GB UFS 4.0 storage. The device features a 6.7-inch Super Actua LTPO OLED display with 1-120Hz variable refresh rate and 2400 nits peak brightness. For photography and videography, it houses a versatile camera system featuring a 50MP primary camera with OIS, 48MP ultrawide with macro focus, and 48MP telephoto with 5x optical zoom. The smartphone is powered by a 5050mAh battery with 30W wired charging and 23W wireless charging capability. It operates on the latest OS release with enterprise-grade security updates and optimized thermal management.",42999,3.9,"Extremely satisfied with the purchase! The camera quality is outstanding, especially in low light, and the battery comfortably lasts over a day. However, the phone is slightly heavy for single-handed use."
273.0,Electronics,Samsung,Galaxy A35 5G,Asteroid Black,"The Samsung Galaxy A35 5G is a high-performance budget mid-range smartphone designed for modern mobile users. It is powered by the Qualcomm Snapdragon 6 Gen 1 processor paired with 12GB LPDDR5X RAM with generous 512GB UFS 4.0 storage. The device features a 6.82-inch 2K 120Hz Curved LTPO AMOLED display with 4500 nits peak brightness and Dolby Vision. For photography and videography, it houses a versatile camera system featuring a 50MP Sony LYT-808 primary sensor, 64MP periscope telephoto (3x optical, 120x digital), and 48MP ultrawide with Hasselblad color tuning. The smartphone is powered by a 5400mAh dual-cell battery supported by 100W SUPERVOOC fast charging (0-100% in 26 mins) and 50W AIRVOOC wireless. It operates on the latest OS release with enterprise-grade security updates and optimized thermal management.",30999,4.1,Blazing fast performance for daily multitasking and heavy gaming. The display is vibrant and easily readable under bright sunlight. Though the secondary ultrawide camera could be slightly better in low light.
274.0,Electronics,Samsung,Galaxy M55 5G,Ocean Cyan,"The Samsung Galaxy M55 5G is a high-performance budget mid-range smartphone designed for modern mobile users. It is powered by the MediaTek Dimensity 7050 processor paired with 16GB heavy-multitasking LPDDR5X RAM and 512GB UFS 4.0 storage. The device features a 6.78-inch 1.5K 144Hz 8T LTPO AMOLED display with 3000 nits brightness and 2160Hz PWM dimming. For photography and videography, it houses a versatile camera system featuring a 1-inch 50MP Sony LYT-900 primary camera with stepless variable aperture (f/1.63-f/4.0) co-engineered with Leica. The smartphone is powered by a 5000mAh graphite battery with 120W FlashCharge (0-100% in ~27 mins). It operates on the latest OS release with enterprise-grade security updates and optimized thermal management.",26999,4.8,"Great value for money smartphone in this price point. Clean UI experience and fast charging makes daily usage hassle-free. On the downside, charging speed could be slightly faster compared to rivals."
275.0,Electronics,OnePlus,Nord 4 5G,Peach Fuzz,"The OnePlus Nord 4 5G is a high-performance mid-range smartphone designed for modern mobile users. It is powered by the Exynos 1480 (4nm) processor paired with 16GB flagship LPDDR5X RAM paired with massive 1TB UFS 4.0 storage. The device features a 6.67-inch 1.5K 120Hz CrystalRes AMOLED display with Dolby Vision and Gorilla Glass Victus. For photography and videography, it houses a versatile camera system featuring a 50MP 1-inch Sony IMX989 sensor with OIS, 50MP ZEISS APO Floating Telephoto with 4.3x optical zoom and ZEISS T* anti-reflective coating. The smartphone is powered by a 5500mAh dual-cell battery with 120W SUPERVOOC superfast charging. It operates on the latest OS release with enterprise-grade security updates and optimized thermal management.",35999,4.4,"The build quality feels high-end and comfortable to hold. Photos taken with the main lens are sharp with natural color tones. However, a fast wall adapter is not included inside the box."
276.0,Electronics,OnePlus,Nord CE 4 5G,Phantom Black,"The OnePlus Nord CE 4 5G is a high-performance budget mid-range smartphone designed for modern mobile users. It is powered by the Qualcomm Snapdragon 6 Gen 1 processor paired with LPDDR5 RAM and UFS 3.1 high-speed storage. The device features a 6.7-inch 120Hz Flexible AMOLED screen with 1300 nits brightness and iconic transparent Glyph LED interface. For photography and videography, it houses a versatile camera system featuring a 50MP Sony LYT-808 main camera with OIS, 50MP telephoto portrait lens (2x optical zoom), and Next AI image processing. The smartphone is powered by a 5200mAh silicon-carbon high density battery with 100W wired and 66W wireless charging. It operates on the latest OS release with enterprise-grade security updates and optimized thermal management.",24999,4.6,Incredible display clarity and high refresh rate make scrolling and gaming super smooth. Charging speed is amazingly fast. Though system software comes with a few preinstalled apps that require manual uninstalling.
277.0,Electronics,Redmi,Note 13 Pro+ 5G,Titanium Gray,"The Redmi Note 13 Pro+ 5G is a high-performance mid-range smartphone designed for modern mobile users. It is powered by the MediaTek Dimensity 7200 Pro processor paired with LPDDR5X RAM paired with 256GB UFS 4.0 internal storage. The device features a 6.6-inch FHD+ 120Hz Super AMOLED display with Knox Vault security and Vision Booster. For photography and videography, it houses a versatile camera system featuring a 50MP primary sensor with OIS, 50MP ultrawide with macro mode, and 64MP periscope telephoto with 3x optical zoom. The smartphone is powered by a 5500mAh heavy-duty battery with 100W SUPERVOOC charging maintaining health over 4 years. It operates on the latest OS release with enterprise-grade security updates and optimized thermal management.",33999,4.8,Top-notch camera setup with exceptional portrait modes and zoom capability. Software runs smooth without any stutters. Keep in mind that there is no expandable microSD card slot or 3.5mm headphone jack.
278.0,Electronics,Redmi,Note 13 Pro 5G,Natural Titanium,"The Redmi Note 13 Pro 5G is a high-performance budget mid-range smartphone designed for modern mobile users. It is powered by the Snapdragon 7s Gen 2 processor paired with 12GB LPDDR5X ultra-fast RAM and 256GB UFS 4.0 storage. The device features a 6.74-inch 1.5K 120Hz Ultra Clear AMOLED with Aqua Touch wet-finger technology and 2150 nits brightness. For photography and videography, it houses a versatile camera system featuring a Dual 50MP rear camera sensors (Primary OIS + 114-degree Ultrawide) powered by Ultra XDR photography engine. The smartphone is powered by a 5000mAh battery with 90W Turbo Charge support included in the box. It operates on the latest OS release with enterprise-grade security updates and optimized thermal management.",26999,4.4,"Solid battery endurance paired with rapid charging. Handles demanding mobile titles without thermal throttling. However, the camera bump on the back is quite prominent."
279.0,Electronics,Redmi,Note 13 5G,Oasis Green,"The Redmi Note 13 5G is a high-performance budget smartphone designed for modern mobile users. It is powered by the MediaTek Dimensity 7300 5G processor paired with 12GB LPDDR5X RAM with generous 512GB UFS 4.0 storage. The device features a 6.67-inch 1.5K 3D Curved AMOLED with 120Hz refresh rate, 1800 nits peak brightness and IP68 protection. For photography and videography, it houses a versatile camera system featuring a 200MP Samsung ISOCELL HP3 camera with OIS, 4x in-sensor lossless zoom, 8MP ultrawide, and 2MP macro lens. The smartphone is powered by a 5000mAh battery supporting 33W fast charging and 5W reverse wired charging. It operates on the latest OS release with enterprise-grade security updates and optimized thermal management.",18999,4.3,"Sleek aesthetic design that turns heads. System software is intuitive, responsive, and packed with practical AI features. Though curved display edges occasionally trigger accidental palm touches."
280.0,Electronics,Honor,200 Pro 5G,Midnight Blue,"The Honor 200 Pro 5G is a high-performance upper mid-range smartphone designed for modern mobile users. It is powered by the Qualcomm Snapdragon 7+ Gen 3 processor paired with 16GB heavy-multitasking LPDDR5X RAM and 512GB UFS 4.0 storage. The device features a 6.8-inch QHD+ 120Hz Dynamic AMOLED 2X display with 2600 nits peak brightness and Gorilla Armor. For photography and videography, it houses a versatile camera system featuring a 200MP OIS primary sensor, 50MP periscope telephoto with 5x optical zoom, 10MP 3x telephoto, and 12MP ultrawide. The smartphone is powered by a 5000mAh battery with 45W wired fast charging, 15W wireless charging, and reverse wireless support. It operates on the latest OS release with enterprise-grade security updates and optimized thermal management.",61999,4.9,"Extremely satisfied with the purchase! The camera quality is outstanding, especially in low light, and the battery comfortably lasts over a day. However, the phone is slightly heavy for single-handed use."
281.0,Electronics,Honor,200 5G,Sunset Orange,"The Honor 200 5G is a high-performance mid-range smartphone designed for modern mobile users. It is powered by the Exynos 1480 (4nm) processor paired with 16GB flagship LPDDR5X RAM paired with massive 1TB UFS 4.0 storage. The device features a 6.7-inch Super Retina XDR OLED display with ProMotion 120Hz adaptive refresh rate and outdoor peak 2000 nits. For photography and videography, it houses a versatile camera system featuring a 48MP main sensor with sensor-shift OIS, 12MP 5x tetraprism optical zoom telephoto, and 12MP ultrawide. The smartphone is powered by a 4422mAh battery with MagSafe 15W wireless charging and high efficiency battery optimization. It operates on the latest OS release with enterprise-grade security updates and optimized thermal management.",39999,4.3,Blazing fast performance for daily multitasking and heavy gaming. The display is vibrant and easily readable under bright sunlight. Though the secondary ultrawide camera could be slightly better in low light.
282.0,Electronics,Nothing,CMF by  Phone 1,Emerald Green,"The CMF by Nothing Phone 1 is a high-performance budget smartphone designed for modern mobile users. It is powered by the MediaTek Dimensity 7300 5G processor paired with LPDDR5 RAM and UFS 3.1 high-speed storage. The device features a 6.7-inch Super Actua LTPO OLED display with 1-120Hz variable refresh rate and 2400 nits peak brightness. For photography and videography, it houses a versatile camera system featuring a 50MP primary camera with OIS, 48MP ultrawide with macro focus, and 48MP telephoto with 5x optical zoom. The smartphone is powered by a 5050mAh battery with 30W wired charging and 23W wireless charging capability. It operates on the latest OS release with enterprise-grade security updates and optimized thermal management.",15999,4.9,"Great value for money smartphone in this price point. Clean UI experience and fast charging makes daily usage hassle-free. On the downside, charging speed could be slightly faster compared to rivals."
283.0,Electronics,Realme,12 Pro+ 5G,Starlight Silver,"The Realme 12 Pro+ 5G is a high-performance mid-range smartphone designed for modern mobile users. It is powered by the MediaTek Dimensity 7200 Pro processor paired with LPDDR5X RAM paired with 256GB UFS 4.0 internal storage. The device features a 6.82-inch 2K 120Hz Curved LTPO AMOLED display with 4500 nits peak brightness and Dolby Vision. For photography and videography, it houses a versatile camera system featuring a 50MP Sony LYT-808 primary sensor, 64MP periscope telephoto (3x optical, 120x digital), and 48MP ultrawide with Hasselblad color tuning. The smartphone is powered by a 5400mAh dual-cell battery supported by 100W SUPERVOOC fast charging (0-100% in 26 mins) and 50W AIRVOOC wireless. It operates on the latest OS release with enterprise-grade security updates and optimized thermal management.",31999,4.2,"The build quality feels high-end and comfortable to hold. Photos taken with the main lens are sharp with natural color tones. However, a fast wall adapter is not included inside the box."
284.0,Electronics,Realme,P1 Pro 5G,Glacier White,"The Realme P1 Pro 5G is a high-performance budget smartphone designed for modern mobile users. It is powered by the MediaTek Dimensity 6080 processor paired with 12GB LPDDR5X ultra-fast RAM and 256GB UFS 4.0 storage. The device features a 6.78-inch 1.5K 144Hz 8T LTPO AMOLED display with 3000 nits brightness and 2160Hz PWM dimming. For photography and videography, it houses a versatile camera system featuring a 1-inch 50MP Sony LYT-900 primary camera with stepless variable aperture (f/1.63-f/4.0) co-engineered with Leica. The smartphone is powered by a 5000mAh graphite battery with 120W FlashCharge (0-100% in ~27 mins). It operates on the latest OS release with enterprise-grade security updates and optimized thermal management.",21999,4.2,Incredible display clarity and high refresh rate make scrolling and gaming super smooth. Charging speed is amazingly fast. Though system software comes with a few preinstalled apps that require manual uninstalling.
285.0,Electronics,Vivo,T3 Pro 5G,Asteroid Black,"The Vivo T3 Pro 5G is a high-performance budget mid-range smartphone designed for modern mobile users. It is powered by the Qualcomm Snapdragon 6 Gen 1 processor paired with 12GB LPDDR5X RAM with generous 512GB UFS 4.0 storage. The device features a 6.67-inch 1.5K 120Hz CrystalRes AMOLED display with Dolby Vision and Gorilla Glass Victus. For photography and videography, it houses a versatile camera system featuring a 50MP 1-inch Sony IMX989 sensor with OIS, 50MP ZEISS APO Floating Telephoto with 4.3x optical zoom and ZEISS T* anti-reflective coating. The smartphone is powered by a 5500mAh dual-cell battery with 120W SUPERVOOC superfast charging. It operates on the latest OS release with enterprise-grade security updates and optimized thermal management.",26999,4.2,Top-notch camera setup with exceptional portrait modes and zoom capability. Software runs smooth without any stutters. Keep in mind that there is no expandable microSD card slot or 3.5mm headphone jack.
286.0,Electronics,iQOO,Z9 Turbo 5G,Ocean Cyan,"The iQOO Z9 Turbo 5G is a high-performance budget mid-range smartphone designed for modern mobile users. It is powered by the MediaTek Dimensity 7050 processor paired with 16GB heavy-multitasking LPDDR5X RAM and 512GB UFS 4.0 storage. The device features a 6.7-inch 120Hz Flexible AMOLED screen with 1300 nits brightness and iconic transparent Glyph LED interface. For photography and videography, it houses a versatile camera system featuring a 50MP Sony LYT-808 main camera with OIS, 50MP telephoto portrait lens (2x optical zoom), and Next AI image processing. The smartphone is powered by a 5200mAh silicon-carbon high density battery with 100W wired and 66W wireless charging. It operates on the latest OS release with enterprise-grade security updates and optimized thermal management.",23999,4.6,"Solid battery endurance paired with rapid charging. Handles demanding mobile titles without thermal throttling. However, the camera bump on the back is quite prominent."
287.0,Electronics,Samsung,Galaxy Z Fold 5 5G,Peach Fuzz,"The Samsung Galaxy Z Fold 5 5G is a high-performance foldable flagship smartphone designed for modern mobile users. It is powered by the MediaTek Dimensity 9000+ processor paired with 16GB flagship LPDDR5X RAM paired with massive 1TB UFS 4.0 storage. The device features a 6.6-inch FHD+ 120Hz Super AMOLED display with Knox Vault security and Vision Booster. For photography and videography, it houses a versatile camera system featuring a 50MP primary sensor with OIS, 50MP ultrawide with macro mode, and 64MP periscope telephoto with 3x optical zoom. The smartphone is powered by a 5500mAh heavy-duty battery with 100W SUPERVOOC charging maintaining health over 4 years. It operates on the latest OS release with enterprise-grade security updates and optimized thermal management.",184999,4.3,"Sleek aesthetic design that turns heads. System software is intuitive, responsive, and packed with practical AI features. Though curved display edges occasionally trigger accidental palm touches."
288.0,Electronics,Samsung,Galaxy Z Flip 5 5G,Phantom Black,"The Samsung Galaxy Z Flip 5 5G is a high-performance foldable flagship smartphone designed for modern mobile users. It is powered by the Qualcomm Snapdragon 8 Gen 3 processor paired with LPDDR5 RAM and UFS 3.1 high-speed storage. The device features a 6.74-inch 1.5K 120Hz Ultra Clear AMOLED with Aqua Touch wet-finger technology and 2150 nits brightness. For photography and videography, it houses a versatile camera system featuring a Dual 50MP rear camera sensors (Primary OIS + 114-degree Ultrawide) powered by Ultra XDR photography engine. The smartphone is powered by a 5000mAh battery with 90W Turbo Charge support included in the box. It operates on the latest OS release with enterprise-grade security updates and optimized thermal management.",99999,4.9,"Extremely satisfied with the purchase! The camera quality is outstanding, especially in low light, and the battery comfortably lasts over a day. However, the phone is slightly heavy for single-handed use."
289.0,Electronics,Motorola,Razr 50 Ultra 5G,Titanium Gray,"The Motorola Razr 50 Ultra 5G is a high-performance foldable flagship smartphone designed for modern mobile users. It is powered by the Qualcomm Snapdragon 8 Gen 2 processor paired with LPDDR5X RAM paired with 256GB UFS 4.0 internal storage. The device features a 6.67-inch 1.5K 3D Curved AMOLED with 120Hz refresh rate, 1800 nits peak brightness and IP68 protection. For photography and videography, it houses a versatile camera system featuring a 200MP Samsung ISOCELL HP3 camera with OIS, 4x in-sensor lossless zoom, 8MP ultrawide, and 2MP macro lens. The smartphone is powered by a 5000mAh battery supporting 33W fast charging and 5W reverse wired charging. It operates on the latest OS release with enterprise-grade security updates and optimized thermal management.",94999,4.4,Blazing fast performance for daily multitasking and heavy gaming. The display is vibrant and easily readable under bright sunlight. Though the secondary ultrawide camera could be slightly better in low light.
290.0,Electronics,Tecno,Phantom V Fold 5G,Natural Titanium,"The Tecno Phantom V Fold 5G is a high-performance foldable flagship smartphone designed for modern mobile users. It is powered by the MediaTek Dimensity 9000+ processor paired with 12GB LPDDR5X ultra-fast RAM and 256GB UFS 4.0 storage. The device features a 6.8-inch QHD+ 120Hz Dynamic AMOLED 2X display with 2600 nits peak brightness and Gorilla Armor. For photography and videography, it houses a versatile camera system featuring a 200MP OIS primary sensor, 50MP periscope telephoto with 5x optical zoom, 10MP 3x telephoto, and 12MP ultrawide. The smartphone is powered by a 5000mAh battery with 45W wired fast charging, 15W wireless charging, and reverse wireless support. It operates on the latest OS release with enterprise-grade security updates and optimized thermal management.",74999,4.1,"Great value for money smartphone in this price point. Clean UI experience and fast charging makes daily usage hassle-free. On the downside, charging speed could be slightly faster compared to rivals."
291.0,Electronics,Tecno,Phantom V Flip 5G,Oasis Green,"The Tecno Phantom V Flip 5G is a high-performance foldable mid-range smartphone designed for modern mobile users. It is powered by the MediaTek Dimensity 8050 5G processor paired with 12GB LPDDR5X RAM with generous 512GB UFS 4.0 storage. The device features a 6.7-inch Super Retina XDR OLED display with ProMotion 120Hz adaptive refresh rate and outdoor peak 2000 nits. For photography and videography, it houses a versatile camera system featuring a 48MP main sensor with sensor-shift OIS, 12MP 5x tetraprism optical zoom telephoto, and 12MP ultrawide. The smartphone is powered by a 4422mAh battery with MagSafe 15W wireless charging and high efficiency battery optimization. It operates on the latest OS release with enterprise-grade security updates and optimized thermal management.",52999,4.4,"The build quality feels high-end and comfortable to hold. Photos taken with the main lens are sharp with natural color tones. However, a fast wall adapter is not included inside the box."
292.0,Electronics,ASUS,ROG Phone 8 Pro 5G,Midnight Blue,"The Asus ROG Phone 8 Pro 5G is a high-performance gaming flagship smartphone designed for modern mobile users. It is powered by the Qualcomm Snapdragon 8 Gen 3 with dedicated GameCool vapour cooling processor paired with 16GB heavy-multitasking LPDDR5X RAM and 512GB UFS 4.0 storage. The device features a 6.7-inch Super Actua LTPO OLED display with 1-120Hz variable refresh rate and 2400 nits peak brightness. For photography and videography, it houses a versatile camera system featuring a 50MP primary camera with OIS, 48MP ultrawide with macro focus, and 48MP telephoto with 5x optical zoom. The smartphone is powered by a 5050mAh battery with 30W wired charging and 23W wireless charging capability. It operates on the latest OS release with enterprise-grade security updates and optimized thermal management.",99999,4.1,Incredible display clarity and high refresh rate make scrolling and gaming super smooth. Charging speed is amazingly fast. Though system software comes with a few preinstalled apps that require manual uninstalling.
293.0,Electronics,ASUS,ROG Phone 8 5G,Sunset Orange,"The Asus ROG Phone 8 5G is a high-performance gaming flagship smartphone designed for modern mobile users. It is powered by the Qualcomm Snapdragon 8 Gen 3 with dedicated GameCool vapour cooling processor paired with 16GB flagship LPDDR5X RAM paired with massive 1TB UFS 4.0 storage. The device features a 6.82-inch 2K 120Hz Curved LTPO AMOLED display with 4500 nits peak brightness and Dolby Vision. For photography and videography, it houses a versatile camera system featuring a 50MP Sony LYT-808 primary sensor, 64MP periscope telephoto (3x optical, 120x digital), and 48MP ultrawide with Hasselblad color tuning. The smartphone is powered by a 5400mAh dual-cell battery supported by 100W SUPERVOOC fast charging (0-100% in 26 mins) and 50W AIRVOOC wireless. It operates on the latest OS release with enterprise-grade security updates and optimized thermal management.",89999,4.5,Top-notch camera setup with exceptional portrait modes and zoom capability. Software runs smooth without any stutters. Keep in mind that there is no expandable microSD card slot or 3.5mm headphone jack.
294.0,Electronics,Samsung,Galaxy S24 Ultra,Emerald Green,"The Samsung Galaxy S24 Ultra is a high-performance flagship smartphone designed for modern mobile users. It is powered by the Google Tensor G3 processor paired with LPDDR5 RAM and UFS 3.1 high-speed storage. The device features a 6.78-inch 1.5K 144Hz 8T LTPO AMOLED display with 3000 nits brightness and 2160Hz PWM dimming. For photography and videography, it houses a versatile camera system featuring a 1-inch 50MP Sony LYT-900 primary camera with stepless variable aperture (f/1.63-f/4.0) co-engineered with Leica. The smartphone is powered by a 5000mAh graphite battery with 120W FlashCharge (0-100% in ~27 mins). It operates on the latest OS release with enterprise-grade security updates and optimized thermal management.",129999,4.4,"Solid battery endurance paired with rapid charging. Handles demanding mobile titles without thermal throttling. However, the camera bump on the back is quite prominent."
295.0,Electronics,Samsung,Galaxy S24 Plus,Starlight Silver,"The Samsung Galaxy S24 Plus is a high-performance flagship smartphone designed for modern mobile users. It is powered by the MediaTek Dimensity 9300 processor paired with LPDDR5X RAM paired with 256GB UFS 4.0 internal storage. The device features a 6.67-inch 1.5K 120Hz CrystalRes AMOLED display with Dolby Vision and Gorilla Glass Victus. For photography and videography, it houses a versatile camera system featuring a 50MP 1-inch Sony IMX989 sensor with OIS, 50MP ZEISS APO Floating Telephoto with 4.3x optical zoom and ZEISS T* anti-reflective coating. The smartphone is powered by a 5500mAh dual-cell battery with 120W SUPERVOOC superfast charging. It operates on the latest OS release with enterprise-grade security updates and optimized thermal management.",109999,4.8,"Sleek aesthetic design that turns heads. System software is intuitive, responsive, and packed with practical AI features. Though curved display edges occasionally trigger accidental palm touches."
296.0,Electronics,Samsung,Galaxy S24,Glacier White,"The Samsung Galaxy S24 is a high-performance flagship smartphone designed for modern mobile users. It is powered by the Qualcomm Snapdragon 8 Gen 3 processor paired with 12GB LPDDR5X ultra-fast RAM and 256GB UFS 4.0 storage. The device features a 6.7-inch 120Hz Flexible AMOLED screen with 1300 nits brightness and iconic transparent Glyph LED interface. For photography and videography, it houses a versatile camera system featuring a 50MP Sony LYT-808 main camera with OIS, 50MP telephoto portrait lens (2x optical zoom), and Next AI image processing. The smartphone is powered by a 5200mAh silicon-carbon high density battery with 100W wired and 66W wireless charging. It operates on the latest OS release with enterprise-grade security updates and optimized thermal management.",79999,4.8,"Extremely satisfied with the purchase! The camera quality is outstanding, especially in low light, and the battery comfortably lasts over a day. However, the phone is slightly heavy for single-handed use."
297.0,Electronics,Apple,iPhone 15 Pro Max,Asteroid Black,"The Apple iPhone 15 Pro Max is a high-performance flagship smartphone designed for modern mobile users. It is powered by the Apple A17 Pro (3nm) processor paired with 12GB LPDDR5X RAM with generous 512GB UFS 4.0 storage. The device features a 6.6-inch FHD+ 120Hz Super AMOLED display with Knox Vault security and Vision Booster. For photography and videography, it houses a versatile camera system featuring a 50MP primary sensor with OIS, 50MP ultrawide with macro mode, and 64MP periscope telephoto with 3x optical zoom. The smartphone is powered by a 5500mAh heavy-duty battery with 100W SUPERVOOC charging maintaining health over 4 years. It operates on the latest OS release with enterprise-grade security updates and optimized thermal management.",179900,4.7,Blazing fast performance for daily multitasking and heavy gaming. The display is vibrant and easily readable under bright sunlight. Though the secondary ultrawide camera could be slightly better in low light.
298.0,Electronics,Apple,iPhone 15 Pro,Ocean Cyan,"The Apple iPhone 15 Pro is a high-performance flagship smartphone designed for modern mobile users. It is powered by the Google Tensor G3 processor paired with 16GB heavy-multitasking LPDDR5X RAM and 512GB UFS 4.0 storage. The device features a 6.74-inch 1.5K 120Hz Ultra Clear AMOLED with Aqua Touch wet-finger technology and 2150 nits brightness. For photography and videography, it houses a versatile camera system featuring a Dual 50MP rear camera sensors (Primary OIS + 114-degree Ultrawide) powered by Ultra XDR photography engine. The smartphone is powered by a 5000mAh battery with 90W Turbo Charge support included in the box. It operates on the latest OS release with enterprise-grade security updates and optimized thermal management.",144900,4.3,"Great value for money smartphone in this price point. Clean UI experience and fast charging makes daily usage hassle-free. On the downside, charging speed could be slightly faster compared to rivals."
299.0,Electronics,Apple,iPhone 15 Plus,Peach Fuzz,"The Apple iPhone 15 Plus is a high-performance flagship smartphone designed for modern mobile users. It is powered by the MediaTek Dimensity 9300 processor paired with 16GB flagship LPDDR5X RAM paired with massive 1TB UFS 4.0 storage. The device features a 6.67-inch 1.5K 3D Curved AMOLED with 120Hz refresh rate, 1800 nits peak brightness and IP68 protection. For photography and videography, it houses a versatile camera system featuring a 200MP Samsung ISOCELL HP3 camera with OIS, 4x in-sensor lossless zoom, 8MP ultrawide, and 2MP macro lens. The smartphone is powered by a 5000mAh battery supporting 33W fast charging and 5W reverse wired charging. It operates on the latest OS release with enterprise-grade security updates and optimized thermal management.",119900,4.1,"The build quality feels high-end and comfortable to hold. Photos taken with the main lens are sharp with natural color tones. However, a fast wall adapter is not included inside the box."
300.0,Electronics,Apple,iPhone 15,Phantom Black,"The Apple iPhone 15 is a high-performance flagship smartphone designed for modern mobile users. It is powered by the Qualcomm Snapdragon 8 Gen 3 processor paired with LPDDR5 RAM and UFS 3.1 high-speed storage. The device features a 6.8-inch QHD+ 120Hz Dynamic AMOLED 2X display with 2600 nits peak brightness and Gorilla Armor. For photography and videography, it houses a versatile camera system featuring a 200MP OIS primary sensor, 50MP periscope telephoto with 5x optical zoom, 10MP 3x telephoto, and 12MP ultrawide. The smartphone is powered by a 5000mAh battery with 45W wired fast charging, 15W wireless charging, and reverse wireless support. It operates on the latest OS release with enterprise-grade security updates and optimized thermal management.",79900,4.1,Incredible display clarity and high refresh rate make scrolling and gaming super smooth. Charging speed is amazingly fast. Though system software comes with a few preinstalled apps that require manual uninstalling.
301.0,Electronics,Google,Pixel 8 Pro,Titanium Gray,"The Google Pixel 8 Pro is a high-performance flagship smartphone designed for modern mobile users. It is powered by the Apple A17 Pro (3nm) processor paired with LPDDR5X RAM paired with 256GB UFS 4.0 internal storage. The device features a 6.7-inch Super Retina XDR OLED display with ProMotion 120Hz adaptive refresh rate and outdoor peak 2000 nits. For photography and videography, it houses a versatile camera system featuring a 48MP main sensor with sensor-shift OIS, 12MP 5x tetraprism optical zoom telephoto, and 12MP ultrawide. The smartphone is powered by a 4422mAh battery with MagSafe 15W wireless charging and high efficiency battery optimization. It operates on the latest OS release with enterprise-grade security updates and optimized thermal management.",113999,3.9,Top-notch camera setup with exceptional portrait modes and zoom capability. Software runs smooth without any stutters. Keep in mind that there is no expandable microSD card slot or 3.5mm headphone jack.
302.0,Electronics,Google,Pixel 8a,Natural Titanium,"The Google Pixel 8a is a high-performance mid-range smartphone designed for modern mobile users. It is powered by the Exynos 1480 (4nm) processor paired with 12GB LPDDR5X ultra-fast RAM and 256GB UFS 4.0 storage. The device features a 6.7-inch Super Actua LTPO OLED display with 1-120Hz variable refresh rate and 2400 nits peak brightness. For photography and videography, it houses a versatile camera system featuring a 50MP primary camera with OIS, 48MP ultrawide with macro focus, and 48MP telephoto with 5x optical zoom. The smartphone is powered by a 5050mAh battery with 30W wired charging and 23W wireless charging capability. It operates on the latest OS release with enterprise-grade security updates and optimized thermal management.",59999,4.3,"Solid battery endurance paired with rapid charging. Handles demanding mobile titles without thermal throttling. However, the camera bump on the back is quite prominent."
303.0,Electronics,OnePlus,12 5G,Oasis Green,"The OnePlus 12 5G is a high-performance flagship smartphone designed for modern mobile users. It is powered by the MediaTek Dimensity 9300 processor paired with 12GB LPDDR5X RAM with generous 512GB UFS 4.0 storage. The device features a 6.82-inch 2K 120Hz Curved LTPO AMOLED display with 4500 nits peak brightness and Dolby Vision. For photography and videography, it houses a versatile camera system featuring a 50MP Sony LYT-808 primary sensor, 64MP periscope telephoto (3x optical, 120x digital), and 48MP ultrawide with Hasselblad color tuning. The smartphone is powered by a 5400mAh dual-cell battery supported by 100W SUPERVOOC fast charging (0-100% in 26 mins) and 50W AIRVOOC wireless. It operates on the latest OS release with enterprise-grade security updates and optimized thermal management.",69999,4.6,"Sleek aesthetic design that turns heads. System software is intuitive, responsive, and packed with practical AI features. Though curved display edges occasionally trigger accidental palm touches."
304.0,Electronics,OnePlus,12R 5G,Midnight Blue,"The OnePlus 12R 5G is a high-performance upper mid-range smartphone designed for modern mobile users. It is powered by the Qualcomm Snapdragon 7+ Gen 3 processor paired with 16GB heavy-multitasking LPDDR5X RAM and 512GB UFS 4.0 storage. The device features a 6.78-inch 1.5K 144Hz 8T LTPO AMOLED display with 3000 nits brightness and 2160Hz PWM dimming. For photography and videography, it houses a versatile camera system featuring a 1-inch 50MP Sony LYT-900 primary camera with stepless variable aperture (f/1.63-f/4.0) co-engineered with Leica. The smartphone is powered by a 5000mAh graphite battery with 120W FlashCharge (0-100% in ~27 mins). It operates on the latest OS release with enterprise-grade security updates and optimized thermal management.",42999,4.7,"Extremely satisfied with the purchase! The camera quality is outstanding, especially in low light, and the battery comfortably lasts over a day. However, the phone is slightly heavy for single-handed use."
305.0,Electronics,Xiaomi,14 Ultra 5G,Sunset Orange,"The Xiaomi 14 Ultra 5G is a high-performance flagship smartphone designed for modern mobile users. It is powered by the Apple A17 Pro (3nm) processor paired with 16GB flagship LPDDR5X RAM paired with massive 1TB UFS 4.0 storage. The device features a 6.67-inch 1.5K 120Hz CrystalRes AMOLED display with Dolby Vision and Gorilla Glass Victus. For photography and videography, it houses a versatile camera system featuring a 50MP 1-inch Sony IMX989 sensor with OIS, 50MP ZEISS APO Floating Telephoto with 4.3x optical zoom and ZEISS T* anti-reflective coating. The smartphone is powered by a 5500mAh dual-cell battery with 120W SUPERVOOC superfast charging. It operates on the latest OS release with enterprise-grade security updates and optimized thermal management.",119999,4.6,Blazing fast performance for daily multitasking and heavy gaming. The display is vibrant and easily readable under bright sunlight. Though the secondary ultrawide camera could be slightly better in low light.
306.0,Electronics,Xiaomi,14 Civi,Emerald Green,"The Xiaomi 14 Civi is a high-performance upper mid-range smartphone designed for modern mobile users. It is powered by the Qualcomm Snapdragon 8s Gen 3 processor paired with LPDDR5 RAM and UFS 3.1 high-speed storage. The device features a 6.7-inch 120Hz Flexible AMOLED screen with 1300 nits brightness and iconic transparent Glyph LED interface. For photography and videography, it houses a versatile camera system featuring a 50MP Sony LYT-808 main camera with OIS, 50MP telephoto portrait lens (2x optical zoom), and Next AI image processing. The smartphone is powered by a 5200mAh silicon-carbon high density battery with 100W wired and 66W wireless charging. It operates on the latest OS release with enterprise-grade security updates and optimized thermal management.",42999,4.6,"Great value for money smartphone in this price point. Clean UI experience and fast charging makes daily usage hassle-free. On the downside, charging speed could be slightly faster compared to rivals."
307.0,Electronics,Vivo,X100 Pro 5G,Starlight Silver,"The Vivo X100 Pro 5G is a high-performance flagship smartphone designed for modern mobile users. It is powered by the MediaTek Dimensity 9300 processor paired with LPDDR5X RAM paired with 256GB UFS 4.0 internal storage. The device features a 6.6-inch FHD+ 120Hz Super AMOLED display with Knox Vault security and Vision Booster. For photography and videography, it houses a versatile camera system featuring a 50MP primary sensor with OIS, 50MP ultrawide with macro mode, and 64MP periscope telephoto with 3x optical zoom. The smartphone is powered by a 5500mAh heavy-duty battery with 100W SUPERVOOC charging maintaining health over 4 years. It operates on the latest OS release with enterprise-grade security updates and optimized thermal management.",94999,4.6,"The build quality feels high-end and comfortable to hold. Photos taken with the main lens are sharp with natural color tones. However, a fast wall adapter is not included inside the box."
308.0,Electronics,Vivo,V30 Pro 5G,Glacier White,"The Vivo V30 Pro 5G is a high-performance mid-range smartphone designed for modern mobile users. It is powered by the Exynos 1480 (4nm) processor paired with 12GB LPDDR5X ultra-fast RAM and 256GB UFS 4.0 storage. The device features a 6.74-inch 1.5K 120Hz Ultra Clear AMOLED with Aqua Touch wet-finger technology and 2150 nits brightness. For photography and videography, it houses a versatile camera system featuring a Dual 50MP rear camera sensors (Primary OIS + 114-degree Ultrawide) powered by Ultra XDR photography engine. The smartphone is powered by a 5000mAh battery with 90W Turbo Charge support included in the box. It operates on the latest OS release with enterprise-grade security updates and optimized thermal management.",46999,4.3,Incredible display clarity and high refresh rate make scrolling and gaming super smooth. Charging speed is amazingly fast. Though system software comes with a few preinstalled apps that require manual uninstalling.
309.0,Electronics,iQOO,12 5G,Asteroid Black,"The iQOO 12 5G is a high-performance performance flagship smartphone designed for modern mobile users. It is powered by the Qualcomm Snapdragon 8 Gen 3 processor paired with 12GB LPDDR5X RAM with generous 512GB UFS 4.0 storage. The device features a 6.67-inch 1.5K 3D Curved AMOLED with 120Hz refresh rate, 1800 nits peak brightness and IP68 protection. For photography and videography, it houses a versatile camera system featuring a 200MP Samsung ISOCELL HP3 camera with OIS, 4x in-sensor lossless zoom, 8MP ultrawide, and 2MP macro lens. The smartphone is powered by a 5000mAh battery supporting 33W fast charging and 5W reverse wired charging. It operates on the latest OS release with enterprise-grade security updates and optimized thermal management.",57999,4.6,Top-notch camera setup with exceptional portrait modes and zoom capability. Software runs smooth without any stutters. Keep in mind that there is no expandable microSD card slot or 3.5mm headphone jack.
310.0,Electronics,iQOO,Neo 9 Pro 5G,Ocean Cyan,"The iQOO Neo 9 Pro 5G is a high-performance performance mid-range smartphone designed for modern mobile users. It is powered by the Qualcomm Snapdragon 7+ Gen 3 processor paired with 16GB heavy-multitasking LPDDR5X RAM and 512GB UFS 4.0 storage. The device features a 6.8-inch QHD+ 120Hz Dynamic AMOLED 2X display with 2600 nits peak brightness and Gorilla Armor. For photography and videography, it houses a versatile camera system featuring a 200MP OIS primary sensor, 50MP periscope telephoto with 5x optical zoom, 10MP 3x telephoto, and 12MP ultrawide. The smartphone is powered by a 5000mAh battery with 45W wired fast charging, 15W wireless charging, and reverse wireless support. It operates on the latest OS release with enterprise-grade security updates and optimized thermal management.",37999,4.8,"Solid battery endurance paired with rapid charging. Handles demanding mobile titles without thermal throttling. However, the camera bump on the back is quite prominent."
311.0,Electronics,Realme,GT 6 5G,Peach Fuzz,"The Realme GT 6 5G is a high-performance upper mid-range smartphone designed for modern mobile users. It is powered by the MediaTek Dimensity 8300 Ultra processor paired with 16GB flagship LPDDR5X RAM paired with massive 1TB UFS 4.0 storage. The device features a 6.7-inch Super Retina XDR OLED display with ProMotion 120Hz adaptive refresh rate and outdoor peak 2000 nits. For photography and videography, it houses a versatile camera system featuring a 48MP main sensor with sensor-shift OIS, 12MP 5x tetraprism optical zoom telephoto, and 12MP ultrawide. The smartphone is powered by a 4422mAh battery with MagSafe 15W wireless charging and high efficiency battery optimization. It operates on the latest OS release with enterprise-grade security updates and optimized thermal management.",44999,3.9,"Sleek aesthetic design that turns heads. System software is intuitive, responsive, and packed with practical AI features. Though curved display edges occasionally trigger accidental palm touches."
312.0,Electronics,Realme,GT 6T 5G,Phantom Black,"The Realme GT 6T 5G is a high-performance mid-range smartphone designed for modern mobile users. It is powered by the Qualcomm Snapdragon 7 Gen 3 processor paired with LPDDR5 RAM and UFS 3.1 high-speed storage. The device features a 6.7-inch Super Actua LTPO OLED display with 1-120Hz variable refresh rate and 2400 nits peak brightness. For photography and videography, it houses a versatile camera system featuring a 50MP primary camera with OIS, 48MP ultrawide with macro focus, and 48MP telephoto with 5x optical zoom. The smartphone is powered by a 5050mAh battery with 30W wired charging and 23W wireless charging capability. It operates on the latest OS release with enterprise-grade security updates and optimized thermal management.",30999,3.9,"Extremely satisfied with the purchase! The camera quality is outstanding, especially in low light, and the battery comfortably lasts over a day. However, the phone is slightly heavy for single-handed use."
313.0,Electronics,Motorola,Edge 50 Ultra,Titanium Gray,"The Motorola Edge 50 Ultra is a high-performance flagship smartphone designed for modern mobile users. It is powered by the Apple A17 Pro (3nm) processor paired with LPDDR5X RAM paired with 256GB UFS 4.0 internal storage. The device features a 6.82-inch 2K 120Hz Curved LTPO AMOLED display with 4500 nits peak brightness and Dolby Vision. For photography and videography, it houses a versatile camera system featuring a 50MP Sony LYT-808 primary sensor, 64MP periscope telephoto (3x optical, 120x digital), and 48MP ultrawide with Hasselblad color tuning. The smartphone is powered by a 5400mAh dual-cell battery supported by 100W SUPERVOOC fast charging (0-100% in 26 mins) and 50W AIRVOOC wireless. It operates on the latest OS release with enterprise-grade security updates and optimized thermal management.",64999,4.2,Blazing fast performance for daily multitasking and heavy gaming. The display is vibrant and easily readable under bright sunlight. Though the secondary ultrawide camera could be slightly better in low light.
314.0,Electronics,Motorola,Edge 50 Pro,Natural Titanium,"The Motorola Edge 50 Pro is a high-performance mid-range smartphone designed for modern mobile users. It is powered by the Exynos 1480 (4nm) processor paired with 12GB LPDDR5X ultra-fast RAM and 256GB UFS 4.0 storage. The device features a 6.78-inch 1.5K 144Hz 8T LTPO AMOLED display with 3000 nits brightness and 2160Hz PWM dimming. For photography and videography, it houses a versatile camera system featuring a 1-inch 50MP Sony LYT-900 primary camera with stepless variable aperture (f/1.63-f/4.0) co-engineered with Leica. The smartphone is powered by a 5000mAh graphite battery with 120W FlashCharge (0-100% in ~27 mins). It operates on the latest OS release with enterprise-grade security updates and optimized thermal management.",35999,4.5,"Great value for money smartphone in this price point. Clean UI experience and fast charging makes daily usage hassle-free. On the downside, charging speed could be slightly faster compared to rivals."
315.0,Electronics,Motorola,Edge 50 Fusion,Oasis Green,"The Motorola Edge 50 Fusion is a high-performance budget mid-range smartphone designed for modern mobile users. It is powered by the Qualcomm Snapdragon 6 Gen 1 processor paired with 12GB LPDDR5X RAM with generous 512GB UFS 4.0 storage. The device features a 6.67-inch 1.5K 120Hz CrystalRes AMOLED display with Dolby Vision and Gorilla Glass Victus. For photography and videography, it houses a versatile camera system featuring a 50MP 1-inch Sony IMX989 sensor with OIS, 50MP ZEISS APO Floating Telephoto with 4.3x optical zoom and ZEISS T* anti-reflective coating. The smartphone is powered by a 5500mAh dual-cell battery with 120W SUPERVOOC superfast charging. It operates on the latest OS release with enterprise-grade security updates and optimized thermal management.",24999,4.1,"The build quality feels high-end and comfortable to hold. Photos taken with the main lens are sharp with natural color tones. However, a fast wall adapter is not included inside the box."
316.0,Electronics,Nothing,Phone,2,"The Nothing Phone (2) is a high-performance upper mid-range smartphone designed for modern mobile users. It is powered by the Qualcomm Snapdragon 7+ Gen 3 processor paired with 16GB heavy-multitasking LPDDR5X RAM and 512GB UFS 4.0 storage. The device features a 6.7-inch 120Hz Flexible AMOLED screen with 1300 nits brightness and iconic transparent Glyph LED interface. For photography and videography, it houses a versatile camera system featuring a 50MP Sony LYT-808 main camera with OIS, 50MP telephoto portrait lens (2x optical zoom), and Next AI image processing. The smartphone is powered by a 5200mAh silicon-carbon high density battery with 100W wired and 66W wireless charging. It operates on the latest OS release with enterprise-grade security updates and optimized thermal management.",39999,4.1,Incredible display clarity and high refresh rate make scrolling and gaming super smooth. Charging speed is amazingly fast. Though system software comes with a few preinstalled apps that require manual uninstalling.
317.0,Electronics,Nothing,Phone,2a,"The Nothing Phone (2a) is a high-performance budget mid-range smartphone designed for modern mobile users. It is powered by the Snapdragon 7s Gen 2 processor paired with 16GB flagship LPDDR5X RAM paired with massive 1TB UFS 4.0 storage. The device features a 6.6-inch FHD+ 120Hz Super AMOLED display with Knox Vault security and Vision Booster. For photography and videography, it houses a versatile camera system featuring a 50MP primary sensor with OIS, 50MP ultrawide with macro mode, and 64MP periscope telephoto with 3x optical zoom. The smartphone is powered by a 5500mAh heavy-duty battery with 100W SUPERVOOC charging maintaining health over 4 years. It operates on the latest OS release with enterprise-grade security updates and optimized thermal management.",27999,4.5,Top-notch camera setup with exceptional portrait modes and zoom capability. Software runs smooth without any stutters. Keep in mind that there is no expandable microSD card slot or 3.5mm headphone jack.
318.0,Electronics,POCO,F6 Pro 5G,Emerald Green,"The Poco F6 Pro 5G is a high-performance performance mid-range smartphone designed for modern mobile users. It is powered by the Qualcomm Snapdragon 8 Gen 2 processor paired with LPDDR5 RAM and UFS 3.1 high-speed storage. The device features a 6.74-inch 1.5K 120Hz Ultra Clear AMOLED with Aqua Touch wet-finger technology and 2150 nits brightness. For photography and videography, it houses a versatile camera system featuring a Dual 50MP rear camera sensors (Primary OIS + 114-degree Ultrawide) powered by Ultra XDR photography engine. The smartphone is powered by a 5000mAh battery with 90W Turbo Charge support included in the box. It operates on the latest OS release with enterprise-grade security updates and optimized thermal management.",38999,4.3,"Solid battery endurance paired with rapid charging. Handles demanding mobile titles without thermal throttling. However, the camera bump on the back is quite prominent."
319.0,Electronics,POCO,F6 5G,Starlight Silver,"The Poco F6 5G is a high-performance performance budget smartphone designed for modern mobile users. It is powered by the MediaTek Dimensity 8300 Ultra processor paired with LPDDR5X RAM paired with 256GB UFS 4.0 internal storage. The device features a 6.67-inch 1.5K 3D Curved AMOLED with 120Hz refresh rate, 1800 nits peak brightness and IP68 protection. For photography and videography, it houses a versatile camera system featuring a 200MP Samsung ISOCELL HP3 camera with OIS, 4x in-sensor lossless zoom, 8MP ultrawide, and 2MP macro lens. The smartphone is powered by a 5000mAh battery supporting 33W fast charging and 5W reverse wired charging. It operates on the latest OS release with enterprise-grade security updates and optimized thermal management.",31999,4.4,"Sleek aesthetic design that turns heads. System software is intuitive, responsive, and packed with practical AI features. Though curved display edges occasionally trigger accidental palm touches."
320.0,Electronics,POCO,X6 Pro 5G,Glacier White,"The Poco X6 Pro 5G is a high-performance performance budget smartphone designed for modern mobile users. It is powered by the Qualcomm Snapdragon 8s Gen 3 processor paired with 12GB LPDDR5X ultra-fast RAM and 256GB UFS 4.0 storage. The device features a 6.8-inch QHD+ 120Hz Dynamic AMOLED 2X display with 2600 nits peak brightness and Gorilla Armor. For photography and videography, it houses a versatile camera system featuring a 200MP OIS primary sensor, 50MP periscope telephoto with 5x optical zoom, 10MP 3x telephoto, and 12MP ultrawide. The smartphone is powered by a 5000mAh battery with 45W wired fast charging, 15W wireless charging, and reverse wireless support. It operates on the latest OS release with enterprise-grade security updates and optimized thermal management.",26999,4.3,"Extremely satisfied with the purchase! The camera quality is outstanding, especially in low light, and the battery comfortably lasts over a day. However, the phone is slightly heavy for single-handed use."
321.0,Electronics,Samsung,Galaxy A55 5G,Asteroid Black,"The Samsung Galaxy A55 5G is a high-performance mid-range smartphone designed for modern mobile users. It is powered by the Qualcomm Snapdragon 7 Gen 3 processor paired with 12GB LPDDR5X RAM with generous 512GB UFS 4.0 storage. The device features a 6.7-inch Super Retina XDR OLED display with ProMotion 120Hz adaptive refresh rate and outdoor peak 2000 nits. For photography and videography, it houses a versatile camera system featuring a 48MP main sensor with sensor-shift OIS, 12MP 5x tetraprism optical zoom telephoto, and 12MP ultrawide. The smartphone is powered by a 4422mAh battery with MagSafe 15W wireless charging and high efficiency battery optimization. It operates on the latest OS release with enterprise-grade security updates and optimized thermal management.",42999,4.1,Blazing fast performance for daily multitasking and heavy gaming. The display is vibrant and easily readable under bright sunlight. Though the secondary ultrawide camera could be slightly better in low light.
322.0,Electronics,Samsung,Galaxy A35 5G,Ocean Cyan,"The Samsung Galaxy A35 5G is a high-performance budget mid-range smartphone designed for modern mobile users. It is powered by the MediaTek Dimensity 7050 processor paired with 16GB heavy-multitasking LPDDR5X RAM and 512GB UFS 4.0 storage. The device features a 6.7-inch Super Actua LTPO OLED display with 1-120Hz variable refresh rate and 2400 nits peak brightness. For photography and videography, it houses a versatile camera system featuring a 50MP primary camera with OIS, 48MP ultrawide with macro focus, and 48MP telephoto with 5x optical zoom. The smartphone is powered by a 5050mAh battery with 30W wired charging and 23W wireless charging capability. It operates on the latest OS release with enterprise-grade security updates and optimized thermal management.",30999,4.1,"Great value for money smartphone in this price point. Clean UI experience and fast charging makes daily usage hassle-free. On the downside, charging speed could be slightly faster compared to rivals."
323.0,Electronics,Samsung,Galaxy M55 5G,Peach Fuzz,"The Samsung Galaxy M55 5G is a high-performance budget mid-range smartphone designed for modern mobile users. It is powered by the Snapdragon 7s Gen 2 processor paired with 16GB flagship LPDDR5X RAM paired with massive 1TB UFS 4.0 storage. The device features a 6.82-inch 2K 120Hz Curved LTPO AMOLED display with 4500 nits peak brightness and Dolby Vision. For photography and videography, it houses a versatile camera system featuring a 50MP Sony LYT-808 primary sensor, 64MP periscope telephoto (3x optical, 120x digital), and 48MP ultrawide with Hasselblad color tuning. The smartphone is powered by a 5400mAh dual-cell battery supported by 100W SUPERVOOC fast charging (0-100% in 26 mins) and 50W AIRVOOC wireless. It operates on the latest OS release with enterprise-grade security updates and optimized thermal management.",29999,4.5,"The build quality feels high-end and comfortable to hold. Photos taken with the main lens are sharp with natural color tones. However, a fast wall adapter is not included inside the box."
324.0,Electronics,OnePlus,Nord 4 5G,Phantom Black,"The OnePlus Nord 4 5G is a high-performance mid-range smartphone designed for modern mobile users. It is powered by the Qualcomm Snapdragon 7 Gen 3 processor paired with LPDDR5 RAM and UFS 3.1 high-speed storage. The device features a 6.78-inch 1.5K 144Hz 8T LTPO AMOLED display with 3000 nits brightness and 2160Hz PWM dimming. For photography and videography, it houses a versatile camera system featuring a 1-inch 50MP Sony LYT-900 primary camera with stepless variable aperture (f/1.63-f/4.0) co-engineered with Leica. The smartphone is powered by a 5000mAh graphite battery with 120W FlashCharge (0-100% in ~27 mins). It operates on the latest OS release with enterprise-grade security updates and optimized thermal management.",29999,4.6,Incredible display clarity and high refresh rate make scrolling and gaming super smooth. Charging speed is amazingly fast. Though system software comes with a few preinstalled apps that require manual uninstalling.
325.0,Electronics,OnePlus,Nord CE 4 5G,Titanium Gray,"The OnePlus Nord CE 4 5G is a high-performance budget mid-range smartphone designed for modern mobile users. It is powered by the MediaTek Dimensity 7050 processor paired with LPDDR5X RAM paired with 256GB UFS 4.0 internal storage. The device features a 6.67-inch 1.5K 120Hz CrystalRes AMOLED display with Dolby Vision and Gorilla Glass Victus. For photography and videography, it houses a versatile camera system featuring a 50MP 1-inch Sony IMX989 sensor with OIS, 50MP ZEISS APO Floating Telephoto with 4.3x optical zoom and ZEISS T* anti-reflective coating. The smartphone is powered by a 5500mAh dual-cell battery with 120W SUPERVOOC superfast charging. It operates on the latest OS release with enterprise-grade security updates and optimized thermal management.",26999,4.3,Top-notch camera setup with exceptional portrait modes and zoom capability. Software runs smooth without any stutters. Keep in mind that there is no expandable microSD card slot or 3.5mm headphone jack.
326.0,Electronics,Redmi,Note 13 Pro+ 5G,Natural Titanium,"The Redmi Note 13 Pro+ 5G is a high-performance mid-range smartphone designed for modern mobile users. It is powered by the Exynos 1480 (4nm) processor paired with 12GB LPDDR5X ultra-fast RAM and 256GB UFS 4.0 storage. The device features a 6.7-inch 120Hz Flexible AMOLED screen with 1300 nits brightness and iconic transparent Glyph LED interface. For photography and videography, it houses a versatile camera system featuring a 50MP Sony LYT-808 main camera with OIS, 50MP telephoto portrait lens (2x optical zoom), and Next AI image processing. The smartphone is powered by a 5200mAh silicon-carbon high density battery with 100W wired and 66W wireless charging. It operates on the latest OS release with enterprise-grade security updates and optimized thermal management.",33999,4.9,"Solid battery endurance paired with rapid charging. Handles demanding mobile titles without thermal throttling. However, the camera bump on the back is quite prominent."
327.0,Electronics,Redmi,Note 13 Pro 5G,Oasis Green,"The Redmi Note 13 Pro 5G is a high-performance budget mid-range smartphone designed for modern mobile users. It is powered by the Qualcomm Snapdragon 6 Gen 1 processor paired with 12GB LPDDR5X RAM with generous 512GB UFS 4.0 storage. The device features a 6.6-inch FHD+ 120Hz Super AMOLED display with Knox Vault security and Vision Booster. For photography and videography, it houses a versatile camera system featuring a 50MP primary sensor with OIS, 50MP ultrawide with macro mode, and 64MP periscope telephoto with 3x optical zoom. The smartphone is powered by a 5500mAh heavy-duty battery with 100W SUPERVOOC charging maintaining health over 4 years. It operates on the latest OS release with enterprise-grade security updates and optimized thermal management.",26999,4.5,"Sleek aesthetic design that turns heads. System software is intuitive, responsive, and packed with practical AI features. Though curved display edges occasionally trigger accidental palm touches."
328.0,Electronics,Redmi,Note 13 5G,Midnight Blue,"The Redmi Note 13 5G is a high-performance budget smartphone designed for modern mobile users. It is powered by the Qualcomm Snapdragon 695 5G processor paired with 16GB heavy-multitasking LPDDR5X RAM and 512GB UFS 4.0 storage. The device features a 6.74-inch 1.5K 120Hz Ultra Clear AMOLED with Aqua Touch wet-finger technology and 2150 nits brightness. For photography and videography, it houses a versatile camera system featuring a Dual 50MP rear camera sensors (Primary OIS + 114-degree Ultrawide) powered by Ultra XDR photography engine. The smartphone is powered by a 5000mAh battery with 90W Turbo Charge support included in the box. It operates on the latest OS release with enterprise-grade security updates and optimized thermal management.",18999,4.8,"Extremely satisfied with the purchase! The camera quality is outstanding, especially in low light, and the battery comfortably lasts over a day. However, the phone is slightly heavy for single-handed use."
329.0,Electronics,Honor,200 Pro 5G,Sunset Orange,"The Honor 200 Pro 5G is a high-performance upper mid-range smartphone designed for modern mobile users. It is powered by the MediaTek Dimensity 8300 Ultra processor paired with 16GB flagship LPDDR5X RAM paired with massive 1TB UFS 4.0 storage. The device features a 6.67-inch 1.5K 3D Curved AMOLED with 120Hz refresh rate, 1800 nits peak brightness and IP68 protection. For photography and videography, it houses a versatile camera system featuring a 200MP Samsung ISOCELL HP3 camera with OIS, 4x in-sensor lossless zoom, 8MP ultrawide, and 2MP macro lens. The smartphone is powered by a 5000mAh battery supporting 33W fast charging and 5W reverse wired charging. It operates on the latest OS release with enterprise-grade security updates and optimized thermal management.",64999,4.1,Blazing fast performance for daily multitasking and heavy gaming. The display is vibrant and easily readable under bright sunlight. Though the secondary ultrawide camera could be slightly better in low light.
330.0,Electronics,Honor,200 5G,Emerald Green,"The Honor 200 5G is a high-performance mid-range smartphone designed for modern mobile users. It is powered by the Qualcomm Snapdragon 7 Gen 3 processor paired with LPDDR5 RAM and UFS 3.1 high-speed storage. The device features a 6.8-inch QHD+ 120Hz Dynamic AMOLED 2X display with 2600 nits peak brightness and Gorilla Armor. For photography and videography, it houses a versatile camera system featuring a 200MP OIS primary sensor, 50MP periscope telephoto with 5x optical zoom, 10MP 3x telephoto, and 12MP ultrawide. The smartphone is powered by a 5000mAh battery with 45W wired fast charging, 15W wireless charging, and reverse wireless support. It operates on the latest OS release with enterprise-grade security updates and optimized thermal management.",34999,4.5,"Great value for money smartphone in this price point. Clean UI experience and fast charging makes daily usage hassle-free. On the downside, charging speed could be slightly faster compared to rivals."
331.0,Electronics,Nothing,CMF by  Phone 1,Starlight Silver,"The CMF by Nothing Phone 1 is a high-performance budget smartphone designed for modern mobile users. It is powered by the Qualcomm Snapdragon 695 5G processor paired with LPDDR5X RAM paired with 256GB UFS 4.0 internal storage. The device features a 6.7-inch Super Retina XDR OLED display with ProMotion 120Hz adaptive refresh rate and outdoor peak 2000 nits. For photography and videography, it houses a versatile camera system featuring a 48MP main sensor with sensor-shift OIS, 12MP 5x tetraprism optical zoom telephoto, and 12MP ultrawide. The smartphone is powered by a 4422mAh battery with MagSafe 15W wireless charging and high efficiency battery optimization. It operates on the latest OS release with enterprise-grade security updates and optimized thermal management.",17999,4.3,"The build quality feels high-end and comfortable to hold. Photos taken with the main lens are sharp with natural color tones. However, a fast wall adapter is not included inside the box."
332.0,Electronics,Realme,12 Pro+ 5G,Glacier White,"The Realme 12 Pro+ 5G is a high-performance mid-range smartphone designed for modern mobile users. It is powered by the Exynos 1480 (4nm) processor paired with 12GB LPDDR5X ultra-fast RAM and 256GB UFS 4.0 storage. The device features a 6.7-inch Super Actua LTPO OLED display with 1-120Hz variable refresh rate and 2400 nits peak brightness. For photography and videography, it houses a versatile camera system featuring a 50MP primary camera with OIS, 48MP ultrawide with macro focus, and 48MP telephoto with 5x optical zoom. The smartphone is powered by a 5050mAh battery with 30W wired charging and 23W wireless charging capability. It operates on the latest OS release with enterprise-grade security updates and optimized thermal management.",31999,4.1,Incredible display clarity and high refresh rate make scrolling and gaming super smooth. Charging speed is amazingly fast. Though system software comes with a few preinstalled apps that require manual uninstalling.
333.0,Electronics,Realme,P1 Pro 5G,Asteroid Black,"The Realme P1 Pro 5G is a high-performance budget smartphone designed for modern mobile users. It is powered by the MediaTek Dimensity 7300 5G processor paired with 12GB LPDDR5X RAM with generous 512GB UFS 4.0 storage. The device features a 6.82-inch 2K 120Hz Curved LTPO AMOLED display with 4500 nits peak brightness and Dolby Vision. For photography and videography, it houses a versatile camera system featuring a 50MP Sony LYT-808 primary sensor, 64MP periscope telephoto (3x optical, 120x digital), and 48MP ultrawide with Hasselblad color tuning. The smartphone is powered by a 5400mAh dual-cell battery supported by 100W SUPERVOOC fast charging (0-100% in 26 mins) and 50W AIRVOOC wireless. It operates on the latest OS release with enterprise-grade security updates and optimized thermal management.",21999,4.4,Top-notch camera setup with exceptional portrait modes and zoom capability. Software runs smooth without any stutters. Keep in mind that there is no expandable microSD card slot or 3.5mm headphone jack.
334.0,Electronics,Vivo,T3 Pro 5G,Ocean Cyan,"The Vivo T3 Pro 5G is a high-performance budget mid-range smartphone designed for modern mobile users. It is powered by the MediaTek Dimensity 7050 processor paired with 16GB heavy-multitasking LPDDR5X RAM and 512GB UFS 4.0 storage. The device features a 6.78-inch 1.5K 144Hz 8T LTPO AMOLED display with 3000 nits brightness and 2160Hz PWM dimming. For photography and videography, it houses a versatile camera system featuring a 1-inch 50MP Sony LYT-900 primary camera with stepless variable aperture (f/1.63-f/4.0) co-engineered with Leica. The smartphone is powered by a 5000mAh graphite battery with 120W FlashCharge (0-100% in ~27 mins). It operates on the latest OS release with enterprise-grade security updates and optimized thermal management.",26999,4.5,"Solid battery endurance paired with rapid charging. Handles demanding mobile titles without thermal throttling. However, the camera bump on the back is quite prominent."
335.0,Electronics,iQOO,Z9 Turbo 5G,Peach Fuzz,"The iQOO Z9 Turbo 5G is a high-performance budget mid-range smartphone designed for modern mobile users. It is powered by the Snapdragon 7s Gen 2 processor paired with 16GB flagship LPDDR5X RAM paired with massive 1TB UFS 4.0 storage. The device features a 6.67-inch 1.5K 120Hz CrystalRes AMOLED display with Dolby Vision and Gorilla Glass Victus. For photography and videography, it houses a versatile camera system featuring a 50MP 1-inch Sony IMX989 sensor with OIS, 50MP ZEISS APO Floating Telephoto with 4.3x optical zoom and ZEISS T* anti-reflective coating. The smartphone is powered by a 5500mAh dual-cell battery with 120W SUPERVOOC superfast charging. It operates on the latest OS release with enterprise-grade security updates and optimized thermal management.",25999,4.7,"Sleek aesthetic design that turns heads. System software is intuitive, responsive, and packed with practical AI features. Though curved display edges occasionally trigger accidental palm touches."
336.0,Electronics,Samsung,Galaxy Z Fold 5 5G,Phantom Black,"The Samsung Galaxy Z Fold 5 5G is a high-performance foldable flagship smartphone designed for modern mobile users. It is powered by the Qualcomm Snapdragon 8 Gen 3 processor paired with LPDDR5 RAM and UFS 3.1 high-speed storage. The device features a 6.7-inch 120Hz Flexible AMOLED screen with 1300 nits brightness and iconic transparent Glyph LED interface. For photography and videography, it houses a versatile camera system featuring a 50MP Sony LYT-808 main camera with OIS, 50MP telephoto portrait lens (2x optical zoom), and Next AI image processing. The smartphone is powered by a 5200mAh silicon-carbon high density battery with 100W wired and 66W wireless charging. It operates on the latest OS release with enterprise-grade security updates and optimized thermal management.",154999,4.1,"Extremely satisfied with the purchase! The camera quality is outstanding, especially in low light, and the battery comfortably lasts over a day. However, the phone is slightly heavy for single-handed use."
337.0,Electronics,Samsung,Galaxy Z Flip 5 5G,Titanium Gray,"The Samsung Galaxy Z Flip 5 5G is a high-performance foldable flagship smartphone designed for modern mobile users. It is powered by the Qualcomm Snapdragon 8 Gen 2 processor paired with LPDDR5X RAM paired with 256GB UFS 4.0 internal storage. The device features a 6.6-inch FHD+ 120Hz Super AMOLED display with Knox Vault security and Vision Booster. For photography and videography, it houses a versatile camera system featuring a 50MP primary sensor with OIS, 50MP ultrawide with macro mode, and 64MP periscope telephoto with 3x optical zoom. The smartphone is powered by a 5500mAh heavy-duty battery with 100W SUPERVOOC charging maintaining health over 4 years. It operates on the latest OS release with enterprise-grade security updates and optimized thermal management.",109999,4.3,Blazing fast performance for daily multitasking and heavy gaming. The display is vibrant and easily readable under bright sunlight. Though the secondary ultrawide camera could be slightly better in low light.
338.0,Electronics,Motorola,Razr 50 Ultra 5G,Natural Titanium,"The Motorola Razr 50 Ultra 5G is a high-performance foldable flagship smartphone designed for modern mobile users. It is powered by the MediaTek Dimensity 9000+ processor paired with 12GB LPDDR5X ultra-fast RAM and 256GB UFS 4.0 storage. The device features a 6.74-inch 1.5K 120Hz Ultra Clear AMOLED with Aqua Touch wet-finger technology and 2150 nits brightness. For photography and videography, it houses a versatile camera system featuring a Dual 50MP rear camera sensors (Primary OIS + 114-degree Ultrawide) powered by Ultra XDR photography engine. The smartphone is powered by a 5000mAh battery with 90W Turbo Charge support included in the box. It operates on the latest OS release with enterprise-grade security updates and optimized thermal management.",94999,4.2,"Great value for money smartphone in this price point. Clean UI experience and fast charging makes daily usage hassle-free. On the downside, charging speed could be slightly faster compared to rivals."
339.0,Electronics,Tecno,Phantom V Fold 5G,Oasis Green,"The Tecno Phantom V Fold 5G is a high-performance foldable flagship smartphone designed for modern mobile users. It is powered by the Qualcomm Snapdragon 8 Gen 3 processor paired with 12GB LPDDR5X RAM with generous 512GB UFS 4.0 storage. The device features a 6.67-inch 1.5K 3D Curved AMOLED with 120Hz refresh rate, 1800 nits peak brightness and IP68 protection. For photography and videography, it houses a versatile camera system featuring a 200MP Samsung ISOCELL HP3 camera with OIS, 4x in-sensor lossless zoom, 8MP ultrawide, and 2MP macro lens. The smartphone is powered by a 5000mAh battery supporting 33W fast charging and 5W reverse wired charging. It operates on the latest OS release with enterprise-grade security updates and optimized thermal management.",74999,4.9,"The build quality feels high-end and comfortable to hold. Photos taken with the main lens are sharp with natural color tones. However, a fast wall adapter is not included inside the box."
340.0,Electronics,Tecno,Phantom V Flip 5G,Midnight Blue,"The Tecno Phantom V Flip 5G is a high-performance foldable mid-range smartphone designed for modern mobile users. It is powered by the MediaTek Dimensity 8050 5G processor paired with 16GB heavy-multitasking LPDDR5X RAM and 512GB UFS 4.0 storage. The device features a 6.8-inch QHD+ 120Hz Dynamic AMOLED 2X display with 2600 nits peak brightness and Gorilla Armor. For photography and videography, it houses a versatile camera system featuring a 200MP OIS primary sensor, 50MP periscope telephoto with 5x optical zoom, 10MP 3x telephoto, and 12MP ultrawide. The smartphone is powered by a 5000mAh battery with 45W wired fast charging, 15W wireless charging, and reverse wireless support. It operates on the latest OS release with enterprise-grade security updates and optimized thermal management.",52999,4.0,Incredible display clarity and high refresh rate make scrolling and gaming super smooth. Charging speed is amazingly fast. Though system software comes with a few preinstalled apps that require manual uninstalling.
341.0,Electronics,ASUS,ROG Phone 8 Pro 5G,Sunset Orange,"The Asus ROG Phone 8 Pro 5G is a high-performance gaming flagship smartphone designed for modern mobile users. It is powered by the Qualcomm Snapdragon 8 Gen 3 with dedicated GameCool vapour cooling processor paired with 16GB flagship LPDDR5X RAM paired with massive 1TB UFS 4.0 storage. The device features a 6.7-inch Super Retina XDR OLED display with ProMotion 120Hz adaptive refresh rate and outdoor peak 2000 nits. For photography and videography, it houses a versatile camera system featuring a 48MP main sensor with sensor-shift OIS, 12MP 5x tetraprism optical zoom telephoto, and 12MP ultrawide. The smartphone is powered by a 4422mAh battery with MagSafe 15W wireless charging and high efficiency battery optimization. It operates on the latest OS release with enterprise-grade security updates and optimized thermal management.",119999,4.6,Top-notch camera setup with exceptional portrait modes and zoom capability. Software runs smooth without any stutters. Keep in mind that there is no expandable microSD card slot or 3.5mm headphone jack.
342.0,Electronics,ASUS,ROG Phone 8 5G,Emerald Green,"The Asus ROG Phone 8 5G is a high-performance gaming flagship smartphone designed for modern mobile users. It is powered by the Qualcomm Snapdragon 8 Gen 3 with dedicated GameCool vapour cooling processor paired with LPDDR5 RAM and UFS 3.1 high-speed storage. The device features a 6.7-inch Super Actua LTPO OLED display with 1-120Hz variable refresh rate and 2400 nits peak brightness. For photography and videography, it houses a versatile camera system featuring a 50MP primary camera with OIS, 48MP ultrawide with macro focus, and 48MP telephoto with 5x optical zoom. The smartphone is powered by a 5050mAh battery with 30W wired charging and 23W wireless charging capability. It operates on the latest OS release with enterprise-grade security updates and optimized thermal management.",79999,4.0,"Solid battery endurance paired with rapid charging. Handles demanding mobile titles without thermal throttling. However, the camera bump on the back is quite prominent."
343.0,Electronics,Samsung,Galaxy S24 Ultra,Starlight Silver,"The Samsung Galaxy S24 Ultra is a high-performance flagship smartphone designed for modern mobile users. It is powered by the MediaTek Dimensity 9300 processor paired with LPDDR5X RAM paired with 256GB UFS 4.0 internal storage. The device features a 6.82-inch 2K 120Hz Curved LTPO AMOLED display with 4500 nits peak brightness and Dolby Vision. For photography and videography, it houses a versatile camera system featuring a 50MP Sony LYT-808 primary sensor, 64MP periscope telephoto (3x optical, 120x digital), and 48MP ultrawide with Hasselblad color tuning. The smartphone is powered by a 5400mAh dual-cell battery supported by 100W SUPERVOOC fast charging (0-100% in 26 mins) and 50W AIRVOOC wireless. It operates on the latest OS release with enterprise-grade security updates and optimized thermal management.",139999,4.3,"Sleek aesthetic design that turns heads. System software is intuitive, responsive, and packed with practical AI features. Though curved display edges occasionally trigger accidental palm touches."
344.0,Electronics,Samsung,Galaxy S24 Plus,Glacier White,"The Samsung Galaxy S24 Plus is a high-performance flagship smartphone designed for modern mobile users. It is powered by the Qualcomm Snapdragon 8 Gen 3 processor paired with 12GB LPDDR5X ultra-fast RAM and 256GB UFS 4.0 storage. The device features a 6.78-inch 1.5K 144Hz 8T LTPO AMOLED display with 3000 nits brightness and 2160Hz PWM dimming. For photography and videography, it houses a versatile camera system featuring a 1-inch 50MP Sony LYT-900 primary camera with stepless variable aperture (f/1.63-f/4.0) co-engineered with Leica. The smartphone is powered by a 5000mAh graphite battery with 120W FlashCharge (0-100% in ~27 mins). It operates on the latest OS release with enterprise-grade security updates and optimized thermal management.",109999,4.8,"Extremely satisfied with the purchase! The camera quality is outstanding, especially in low light, and the battery comfortably lasts over a day. However, the phone is slightly heavy for single-handed use."
345.0,Electronics,Samsung,Galaxy S24,Asteroid Black,"The Samsung Galaxy S24 is a high-performance flagship smartphone designed for modern mobile users. It is powered by the Apple A17 Pro (3nm) processor paired with 12GB LPDDR5X RAM with generous 512GB UFS 4.0 storage. The device features a 6.67-inch 1.5K 120Hz CrystalRes AMOLED display with Dolby Vision and Gorilla Glass Victus. For photography and videography, it houses a versatile camera system featuring a 50MP 1-inch Sony IMX989 sensor with OIS, 50MP ZEISS APO Floating Telephoto with 4.3x optical zoom and ZEISS T* anti-reflective coating. The smartphone is powered by a 5500mAh dual-cell battery with 120W SUPERVOOC superfast charging. It operates on the latest OS release with enterprise-grade security updates and optimized thermal management.",79999,4.8,Blazing fast performance for daily multitasking and heavy gaming. The display is vibrant and easily readable under bright sunlight. Though the secondary ultrawide camera could be slightly better in low light.
346.0,Electronics,Apple,iPhone 15 Pro Max,Ocean Cyan,"The Apple iPhone 15 Pro Max is a high-performance flagship smartphone designed for modern mobile users. It is powered by the Google Tensor G3 processor paired with 16GB heavy-multitasking LPDDR5X RAM and 512GB UFS 4.0 storage. The device features a 6.7-inch 120Hz Flexible AMOLED screen with 1300 nits brightness and iconic transparent Glyph LED interface. For photography and videography, it houses a versatile camera system featuring a 50MP Sony LYT-808 main camera with OIS, 50MP telephoto portrait lens (2x optical zoom), and Next AI image processing. The smartphone is powered by a 5200mAh silicon-carbon high density battery with 100W wired and 66W wireless charging. It operates on the latest OS release with enterprise-grade security updates and optimized thermal management.",179900,4.2,"Great value for money smartphone in this price point. Clean UI experience and fast charging makes daily usage hassle-free. On the downside, charging speed could be slightly faster compared to rivals."
347.0,Electronics,Apple,iPhone 15 Pro,Peach Fuzz,"The Apple iPhone 15 Pro is a high-performance flagship smartphone designed for modern mobile users. It is powered by the MediaTek Dimensity 9300 processor paired with 16GB flagship LPDDR5X RAM paired with massive 1TB UFS 4.0 storage. The device features a 6.6-inch FHD+ 120Hz Super AMOLED display with Knox Vault security and Vision Booster. For photography and videography, it houses a versatile camera system featuring a 50MP primary sensor with OIS, 50MP ultrawide with macro mode, and 64MP periscope telephoto with 3x optical zoom. The smartphone is powered by a 5500mAh heavy-duty battery with 100W SUPERVOOC charging maintaining health over 4 years. It operates on the latest OS release with enterprise-grade security updates and optimized thermal management.",164900,4.6,"The build quality feels high-end and comfortable to hold. Photos taken with the main lens are sharp with natural color tones. However, a fast wall adapter is not included inside the box."
348.0,Electronics,Apple,iPhone 15 Plus,Phantom Black,"The Apple iPhone 15 Plus is a high-performance flagship smartphone designed for modern mobile users. It is powered by the Qualcomm Snapdragon 8 Gen 3 processor paired with LPDDR5 RAM and UFS 3.1 high-speed storage. The device features a 6.74-inch 1.5K 120Hz Ultra Clear AMOLED with Aqua Touch wet-finger technology and 2150 nits brightness. For photography and videography, it houses a versatile camera system featuring a Dual 50MP rear camera sensors (Primary OIS + 114-degree Ultrawide) powered by Ultra XDR photography engine. The smartphone is powered by a 5000mAh battery with 90W Turbo Charge support included in the box. It operates on the latest OS release with enterprise-grade security updates and optimized thermal management.",89900,4.7,Incredible display clarity and high refresh rate make scrolling and gaming super smooth. Charging speed is amazingly fast. Though system software comes with a few preinstalled apps that require manual uninstalling.
349.0,Electronics,Apple,iPhone 15,Titanium Gray,"The Apple iPhone 15 is a high-performance flagship smartphone designed for modern mobile users. It is powered by the Apple A17 Pro (3nm) processor paired with LPDDR5X RAM paired with 256GB UFS 4.0 internal storage. The device features a 6.67-inch 1.5K 3D Curved AMOLED with 120Hz refresh rate, 1800 nits peak brightness and IP68 protection. For photography and videography, it houses a versatile camera system featuring a 200MP Samsung ISOCELL HP3 camera with OIS, 4x in-sensor lossless zoom, 8MP ultrawide, and 2MP macro lens. The smartphone is powered by a 5000mAh battery supporting 33W fast charging and 5W reverse wired charging. It operates on the latest OS release with enterprise-grade security updates and optimized thermal management.",89900,4.2,Top-notch camera setup with exceptional portrait modes and zoom capability. Software runs smooth without any stutters. Keep in mind that there is no expandable microSD card slot or 3.5mm headphone jack.
350.0,Electronics,Google,Pixel 8 Pro,Natural Titanium,"The Google Pixel 8 Pro is a high-performance flagship smartphone designed for modern mobile users. It is powered by the Google Tensor G3 processor paired with 12GB LPDDR5X ultra-fast RAM and 256GB UFS 4.0 storage. The device features a 6.8-inch QHD+ 120Hz Dynamic AMOLED 2X display with 2600 nits peak brightness and Gorilla Armor. For photography and videography, it houses a versatile camera system featuring a 200MP OIS primary sensor, 50MP periscope telephoto with 5x optical zoom, 10MP 3x telephoto, and 12MP ultrawide. The smartphone is powered by a 5000mAh battery with 45W wired fast charging, 15W wireless charging, and reverse wireless support. It operates on the latest OS release with enterprise-grade security updates and optimized thermal management.",113999,3.9,"Solid battery endurance paired with rapid charging. Handles demanding mobile titles without thermal throttling. However, the camera bump on the back is quite prominent."
351.0,Electronics,Google,Pixel 8a,Oasis Green,"The Google Pixel 8a is a high-performance mid-range smartphone designed for modern mobile users. It is powered by the Qualcomm Snapdragon 7 Gen 3 processor paired with 12GB LPDDR5X RAM with generous 512GB UFS 4.0 storage. The device features a 6.7-inch Super Retina XDR OLED display with ProMotion 120Hz adaptive refresh rate and outdoor peak 2000 nits. For photography and videography, it houses a versatile camera system featuring a 48MP main sensor with sensor-shift OIS, 12MP 5x tetraprism optical zoom telephoto, and 12MP ultrawide. The smartphone is powered by a 4422mAh battery with MagSafe 15W wireless charging and high efficiency battery optimization. It operates on the latest OS release with enterprise-grade security updates and optimized thermal management.",59999,4.0,"Sleek aesthetic design that turns heads. System software is intuitive, responsive, and packed with practical AI features. Though curved display edges occasionally trigger accidental palm touches."
352.0,Electronics,OnePlus,12 5G,Midnight Blue,"The OnePlus 12 5G is a high-performance flagship smartphone designed for modern mobile users. It is powered by the Qualcomm Snapdragon 8 Gen 3 processor paired with 16GB heavy-multitasking LPDDR5X RAM and 512GB UFS 4.0 storage. The device features a 6.7-inch Super Actua LTPO OLED display with 1-120Hz variable refresh rate and 2400 nits peak brightness. For photography and videography, it houses a versatile camera system featuring a 50MP primary camera with OIS, 48MP ultrawide with macro focus, and 48MP telephoto with 5x optical zoom. The smartphone is powered by a 5050mAh battery with 30W wired charging and 23W wireless charging capability. It operates on the latest OS release with enterprise-grade security updates and optimized thermal management.",69999,4.2,"Extremely satisfied with the purchase! The camera quality is outstanding, especially in low light, and the battery comfortably lasts over a day. However, the phone is slightly heavy for single-handed use."
353.0,Electronics,OnePlus,12R 5G,Sunset Orange,"The OnePlus 12R 5G is a high-performance upper mid-range smartphone designed for modern mobile users. It is powered by the MediaTek Dimensity 8300 Ultra processor paired with 16GB flagship LPDDR5X RAM paired with massive 1TB UFS 4.0 storage. The device features a 6.82-inch 2K 120Hz Curved LTPO AMOLED display with 4500 nits peak brightness and Dolby Vision. For photography and videography, it houses a versatile camera system featuring a 50MP Sony LYT-808 primary sensor, 64MP periscope telephoto (3x optical, 120x digital), and 48MP ultrawide with Hasselblad color tuning. The smartphone is powered by a 5400mAh dual-cell battery supported by 100W SUPERVOOC fast charging (0-100% in 26 mins) and 50W AIRVOOC wireless. It operates on the latest OS release with enterprise-grade security updates and optimized thermal management.",45999,4.0,Blazing fast performance for daily multitasking and heavy gaming. The display is vibrant and easily readable under bright sunlight. Though the secondary ultrawide camera could be slightly better in low light.
354.0,Electronics,Xiaomi,14 Ultra 5G,Emerald Green,"The Xiaomi 14 Ultra 5G is a high-performance flagship smartphone designed for modern mobile users. It is powered by the Google Tensor G3 processor paired with LPDDR5 RAM and UFS 3.1 high-speed storage. The device features a 6.78-inch 1.5K 144Hz 8T LTPO AMOLED display with 3000 nits brightness and 2160Hz PWM dimming. For photography and videography, it houses a versatile camera system featuring a 1-inch 50MP Sony LYT-900 primary camera with stepless variable aperture (f/1.63-f/4.0) co-engineered with Leica. The smartphone is powered by a 5000mAh graphite battery with 120W FlashCharge (0-100% in ~27 mins). It operates on the latest OS release with enterprise-grade security updates and optimized thermal management.",99999,4.1,"Great value for money smartphone in this price point. Clean UI experience and fast charging makes daily usage hassle-free. On the downside, charging speed could be slightly faster compared to rivals."
355.0,Electronics,Xiaomi,14 Civi,Starlight Silver,"The Xiaomi 14 Civi is a high-performance upper mid-range smartphone designed for modern mobile users. It is powered by the Qualcomm Snapdragon 7+ Gen 3 processor paired with LPDDR5X RAM paired with 256GB UFS 4.0 internal storage. The device features a 6.67-inch 1.5K 120Hz CrystalRes AMOLED display with Dolby Vision and Gorilla Glass Victus. For photography and videography, it houses a versatile camera system featuring a 50MP 1-inch Sony IMX989 sensor with OIS, 50MP ZEISS APO Floating Telephoto with 4.3x optical zoom and ZEISS T* anti-reflective coating. The smartphone is powered by a 5500mAh dual-cell battery with 120W SUPERVOOC superfast charging. It operates on the latest OS release with enterprise-grade security updates and optimized thermal management.",47999,4.8,"The build quality feels high-end and comfortable to hold. Photos taken with the main lens are sharp with natural color tones. However, a fast wall adapter is not included inside the box."
356.0,Electronics,Vivo,X100 Pro 5G,Glacier White,"The Vivo X100 Pro 5G is a high-performance flagship smartphone designed for modern mobile users. It is powered by the Qualcomm Snapdragon 8 Gen 3 processor paired with 12GB LPDDR5X ultra-fast RAM and 256GB UFS 4.0 storage. The device features a 6.7-inch 120Hz Flexible AMOLED screen with 1300 nits brightness and iconic transparent Glyph LED interface. For photography and videography, it houses a versatile camera system featuring a 50MP Sony LYT-808 main camera with OIS, 50MP telephoto portrait lens (2x optical zoom), and Next AI image processing. The smartphone is powered by a 5200mAh silicon-carbon high density battery with 100W wired and 66W wireless charging. It operates on the latest OS release with enterprise-grade security updates and optimized thermal management.",94999,4.1,Incredible display clarity and high refresh rate make scrolling and gaming super smooth. Charging speed is amazingly fast. Though system software comes with a few preinstalled apps that require manual uninstalling.
357.0,Electronics,Vivo,V30 Pro 5G,Asteroid Black,"The Vivo V30 Pro 5G is a high-performance mid-range smartphone designed for modern mobile users. It is powered by the Qualcomm Snapdragon 7 Gen 3 processor paired with 12GB LPDDR5X RAM with generous 512GB UFS 4.0 storage. The device features a 6.6-inch FHD+ 120Hz Super AMOLED display with Knox Vault security and Vision Booster. For photography and videography, it houses a versatile camera system featuring a 50MP primary sensor with OIS, 50MP ultrawide with macro mode, and 64MP periscope telephoto with 3x optical zoom. The smartphone is powered by a 5500mAh heavy-duty battery with 100W SUPERVOOC charging maintaining health over 4 years. It operates on the latest OS release with enterprise-grade security updates and optimized thermal management.",46999,4.9,Top-notch camera setup with exceptional portrait modes and zoom capability. Software runs smooth without any stutters. Keep in mind that there is no expandable microSD card slot or 3.5mm headphone jack.
358.0,Electronics,iQOO,12 5G,Ocean Cyan,"The iQOO 12 5G is a high-performance performance flagship smartphone designed for modern mobile users. It is powered by the Qualcomm Snapdragon 8s Gen 3 processor paired with 16GB heavy-multitasking LPDDR5X RAM and 512GB UFS 4.0 storage. The device features a 6.74-inch 1.5K 120Hz Ultra Clear AMOLED with Aqua Touch wet-finger technology and 2150 nits brightness. For photography and videography, it houses a versatile camera system featuring a Dual 50MP rear camera sensors (Primary OIS + 114-degree Ultrawide) powered by Ultra XDR photography engine. The smartphone is powered by a 5000mAh battery with 90W Turbo Charge support included in the box. It operates on the latest OS release with enterprise-grade security updates and optimized thermal management.",57999,3.9,"Solid battery endurance paired with rapid charging. Handles demanding mobile titles without thermal throttling. However, the camera bump on the back is quite prominent."
359.0,Electronics,iQOO,Neo 9 Pro 5G,Peach Fuzz,"The iQOO Neo 9 Pro 5G is a high-performance performance mid-range smartphone designed for modern mobile users. It is powered by the MediaTek Dimensity 8300 Ultra processor paired with 16GB flagship LPDDR5X RAM paired with massive 1TB UFS 4.0 storage. The device features a 6.67-inch 1.5K 3D Curved AMOLED with 120Hz refresh rate, 1800 nits peak brightness and IP68 protection. For photography and videography, it houses a versatile camera system featuring a 200MP Samsung ISOCELL HP3 camera with OIS, 4x in-sensor lossless zoom, 8MP ultrawide, and 2MP macro lens. The smartphone is powered by a 5000mAh battery supporting 33W fast charging and 5W reverse wired charging. It operates on the latest OS release with enterprise-grade security updates and optimized thermal management.",39999,4.6,"Sleek aesthetic design that turns heads. System software is intuitive, responsive, and packed with practical AI features. Though curved display edges occasionally trigger accidental palm touches."
360.0,Electronics,Realme,GT 6 5G,Phantom Black,"The Realme GT 6 5G is a high-performance upper mid-range smartphone designed for modern mobile users. It is powered by the Qualcomm Snapdragon 8s Gen 3 processor paired with LPDDR5 RAM and UFS 3.1 high-speed storage. The device features a 6.8-inch QHD+ 120Hz Dynamic AMOLED 2X display with 2600 nits peak brightness and Gorilla Armor. For photography and videography, it houses a versatile camera system featuring a 200MP OIS primary sensor, 50MP periscope telephoto with 5x optical zoom, 10MP 3x telephoto, and 12MP ultrawide. The smartphone is powered by a 5000mAh battery with 45W wired fast charging, 15W wireless charging, and reverse wireless support. It operates on the latest OS release with enterprise-grade security updates and optimized thermal management.",40999,4.7,"Extremely satisfied with the purchase! The camera quality is outstanding, especially in low light, and the battery comfortably lasts over a day. However, the phone is slightly heavy for single-handed use."
361.0,Electronics,Realme,GT 6T 5G,Titanium Gray,"The Realme GT 6T 5G is a high-performance mid-range smartphone designed for modern mobile users. It is powered by the MediaTek Dimensity 7200 Pro processor paired with LPDDR5X RAM paired with 256GB UFS 4.0 internal storage. The device features a 6.7-inch Super Retina XDR OLED display with ProMotion 120Hz adaptive refresh rate and outdoor peak 2000 nits. For photography and videography, it houses a versatile camera system featuring a 48MP main sensor with sensor-shift OIS, 12MP 5x tetraprism optical zoom telephoto, and 12MP ultrawide. The smartphone is powered by a 4422mAh battery with MagSafe 15W wireless charging and high efficiency battery optimization. It operates on the latest OS release with enterprise-grade security updates and optimized thermal management.",32999,4.0,Blazing fast performance for daily multitasking and heavy gaming. The display is vibrant and easily readable under bright sunlight. Though the secondary ultrawide camera could be slightly better in low light.
362.0,Electronics,Motorola,Edge 50 Ultra,Natural Titanium,"The Motorola Edge 50 Ultra is a high-performance flagship smartphone designed for modern mobile users. It is powered by the Google Tensor G3 processor paired with 12GB LPDDR5X ultra-fast RAM and 256GB UFS 4.0 storage. The device features a 6.7-inch Super Actua LTPO OLED display with 1-120Hz variable refresh rate and 2400 nits peak brightness. For photography and videography, it houses a versatile camera system featuring a 50MP primary camera with OIS, 48MP ultrawide with macro focus, and 48MP telephoto with 5x optical zoom. The smartphone is powered by a 5050mAh battery with 30W wired charging and 23W wireless charging capability. It operates on the latest OS release with enterprise-grade security updates and optimized thermal management.",64999,4.7,"Great value for money smartphone in this price point. Clean UI experience and fast charging makes daily usage hassle-free. On the downside, charging speed could be slightly faster compared to rivals."
363.0,Electronics,Motorola,Edge 50 Pro,Oasis Green,"The Motorola Edge 50 Pro is a high-performance mid-range smartphone designed for modern mobile users. It is powered by the Qualcomm Snapdragon 7 Gen 3 processor paired with 12GB LPDDR5X RAM with generous 512GB UFS 4.0 storage. The device features a 6.82-inch 2K 120Hz Curved LTPO AMOLED display with 4500 nits peak brightness and Dolby Vision. For photography and videography, it houses a versatile camera system featuring a 50MP Sony LYT-808 primary sensor, 64MP periscope telephoto (3x optical, 120x digital), and 48MP ultrawide with Hasselblad color tuning. The smartphone is powered by a 5400mAh dual-cell battery supported by 100W SUPERVOOC fast charging (0-100% in 26 mins) and 50W AIRVOOC wireless. It operates on the latest OS release with enterprise-grade security updates and optimized thermal management.",35999,4.0,"The build quality feels high-end and comfortable to hold. Photos taken with the main lens are sharp with natural color tones. However, a fast wall adapter is not included inside the box."
364.0,Electronics,Motorola,Edge 50 Fusion,Midnight Blue,"The Motorola Edge 50 Fusion is a high-performance budget mid-range smartphone designed for modern mobile users. It is powered by the MediaTek Dimensity 7050 processor paired with 16GB heavy-multitasking LPDDR5X RAM and 512GB UFS 4.0 storage. The device features a 6.78-inch 1.5K 144Hz 8T LTPO AMOLED display with 3000 nits brightness and 2160Hz PWM dimming. For photography and videography, it houses a versatile camera system featuring a 1-inch 50MP Sony LYT-900 primary camera with stepless variable aperture (f/1.63-f/4.0) co-engineered with Leica. The smartphone is powered by a 5000mAh graphite battery with 120W FlashCharge (0-100% in ~27 mins). It operates on the latest OS release with enterprise-grade security updates and optimized thermal management.",24999,4.3,Incredible display clarity and high refresh rate make scrolling and gaming super smooth. Charging speed is amazingly fast. Though system software comes with a few preinstalled apps that require manual uninstalling.
365.0,Electronics,Nothing,Phone,2,"The Nothing Phone (2) is a high-performance upper mid-range smartphone designed for modern mobile users. It is powered by the MediaTek Dimensity 8300 Ultra processor paired with 16GB flagship LPDDR5X RAM paired with massive 1TB UFS 4.0 storage. The device features a 6.67-inch 1.5K 120Hz CrystalRes AMOLED display with Dolby Vision and Gorilla Glass Victus. For photography and videography, it houses a versatile camera system featuring a 50MP 1-inch Sony IMX989 sensor with OIS, 50MP ZEISS APO Floating Telephoto with 4.3x optical zoom and ZEISS T* anti-reflective coating. The smartphone is powered by a 5500mAh dual-cell battery with 120W SUPERVOOC superfast charging. It operates on the latest OS release with enterprise-grade security updates and optimized thermal management.",44999,4.2,Top-notch camera setup with exceptional portrait modes and zoom capability. Software runs smooth without any stutters. Keep in mind that there is no expandable microSD card slot or 3.5mm headphone jack.
366.0,Electronics,Nothing,Phone,2a,"The Nothing Phone (2a) is a high-performance budget mid-range smartphone designed for modern mobile users. It is powered by the Qualcomm Snapdragon 6 Gen 1 processor paired with LPDDR5 RAM and UFS 3.1 high-speed storage. The device features a 6.7-inch 120Hz Flexible AMOLED screen with 1300 nits brightness and iconic transparent Glyph LED interface. For photography and videography, it houses a versatile camera system featuring a 50MP Sony LYT-808 main camera with OIS, 50MP telephoto portrait lens (2x optical zoom), and Next AI image processing. The smartphone is powered by a 5200mAh silicon-carbon high density battery with 100W wired and 66W wireless charging. It operates on the latest OS release with enterprise-grade security updates and optimized thermal management.",23999,4.9,"Solid battery endurance paired with rapid charging. Handles demanding mobile titles without thermal throttling. However, the camera bump on the back is quite prominent."
367.0,Electronics,POCO,F6 Pro 5G,Starlight Silver,"The Poco F6 Pro 5G is a high-performance performance mid-range smartphone designed for modern mobile users. It is powered by the Qualcomm Snapdragon 7+ Gen 3 processor paired with LPDDR5X RAM paired with 256GB UFS 4.0 internal storage. The device features a 6.6-inch FHD+ 120Hz Super AMOLED display with Knox Vault security and Vision Booster. For photography and videography, it houses a versatile camera system featuring a 50MP primary sensor with OIS, 50MP ultrawide with macro mode, and 64MP periscope telephoto with 3x optical zoom. The smartphone is powered by a 5500mAh heavy-duty battery with 100W SUPERVOOC charging maintaining health over 4 years. It operates on the latest OS release with enterprise-grade security updates and optimized thermal management.",41999,4.8,"Sleek aesthetic design that turns heads. System software is intuitive, responsive, and packed with practical AI features. Though curved display edges occasionally trigger accidental palm touches."
368.0,Electronics,POCO,F6 5G,Glacier White,"The Poco F6 5G is a high-performance performance budget smartphone designed for modern mobile users. It is powered by the Qualcomm Snapdragon 8s Gen 3 processor paired with 12GB LPDDR5X ultra-fast RAM and 256GB UFS 4.0 storage. The device features a 6.74-inch 1.5K 120Hz Ultra Clear AMOLED with Aqua Touch wet-finger technology and 2150 nits brightness. For photography and videography, it houses a versatile camera system featuring a Dual 50MP rear camera sensors (Primary OIS + 114-degree Ultrawide) powered by Ultra XDR photography engine. The smartphone is powered by a 5000mAh battery with 90W Turbo Charge support included in the box. It operates on the latest OS release with enterprise-grade security updates and optimized thermal management.",31999,4.0,"Extremely satisfied with the purchase! The camera quality is outstanding, especially in low light, and the battery comfortably lasts over a day. However, the phone is slightly heavy for single-handed use."
369.0,Electronics,POCO,X6 Pro 5G,Asteroid Black,"The Poco X6 Pro 5G is a high-performance performance budget smartphone designed for modern mobile users. It is powered by the MediaTek Dimensity 8300 Ultra processor paired with 12GB LPDDR5X RAM with generous 512GB UFS 4.0 storage. The device features a 6.67-inch 1.5K 3D Curved AMOLED with 120Hz refresh rate, 1800 nits peak brightness and IP68 protection. For photography and videography, it houses a versatile camera system featuring a 200MP Samsung ISOCELL HP3 camera with OIS, 4x in-sensor lossless zoom, 8MP ultrawide, and 2MP macro lens. The smartphone is powered by a 5000mAh battery supporting 33W fast charging and 5W reverse wired charging. It operates on the latest OS release with enterprise-grade security updates and optimized thermal management.",26999,4.7,Blazing fast performance for daily multitasking and heavy gaming. The display is vibrant and easily readable under bright sunlight. Though the secondary ultrawide camera could be slightly better in low light.
370.0,Electronics,Samsung,Galaxy A55 5G,Ocean Cyan,"The Samsung Galaxy A55 5G is a high-performance mid-range smartphone designed for modern mobile users. It is powered by the MediaTek Dimensity 7200 Pro processor paired with 16GB heavy-multitasking LPDDR5X RAM and 512GB UFS 4.0 storage. The device features a 6.8-inch QHD+ 120Hz Dynamic AMOLED 2X display with 2600 nits peak brightness and Gorilla Armor. For photography and videography, it houses a versatile camera system featuring a 200MP OIS primary sensor, 50MP periscope telephoto with 5x optical zoom, 10MP 3x telephoto, and 12MP ultrawide. The smartphone is powered by a 5000mAh battery with 45W wired fast charging, 15W wireless charging, and reverse wireless support. It operates on the latest OS release with enterprise-grade security updates and optimized thermal management.",42999,4.9,"Great value for money smartphone in this price point. Clean UI experience and fast charging makes daily usage hassle-free. On the downside, charging speed could be slightly faster compared to rivals."
371.0,Electronics,Samsung,Galaxy A35 5G,Peach Fuzz,"The Samsung Galaxy A35 5G is a high-performance budget mid-range smartphone designed for modern mobile users. It is powered by the Snapdragon 7s Gen 2 processor paired with 16GB flagship LPDDR5X RAM paired with massive 1TB UFS 4.0 storage. The device features a 6.7-inch Super Retina XDR OLED display with ProMotion 120Hz adaptive refresh rate and outdoor peak 2000 nits. For photography and videography, it houses a versatile camera system featuring a 48MP main sensor with sensor-shift OIS, 12MP 5x tetraprism optical zoom telephoto, and 12MP ultrawide. The smartphone is powered by a 4422mAh battery with MagSafe 15W wireless charging and high efficiency battery optimization. It operates on the latest OS release with enterprise-grade security updates and optimized thermal management.",33999,4.4,"The build quality feels high-end and comfortable to hold. Photos taken with the main lens are sharp with natural color tones. However, a fast wall adapter is not included inside the box."
372.0,Electronics,Samsung,Galaxy M55 5G,Phantom Black,"The Samsung Galaxy M55 5G is a high-performance budget mid-range smartphone designed for modern mobile users. It is powered by the Qualcomm Snapdragon 6 Gen 1 processor paired with LPDDR5 RAM and UFS 3.1 high-speed storage. The device features a 6.7-inch Super Actua LTPO OLED display with 1-120Hz variable refresh rate and 2400 nits peak brightness. For photography and videography, it houses a versatile camera system featuring a 50MP primary camera with OIS, 48MP ultrawide with macro focus, and 48MP telephoto with 5x optical zoom. The smartphone is powered by a 5050mAh battery with 30W wired charging and 23W wireless charging capability. It operates on the latest OS release with enterprise-grade security updates and optimized thermal management.",24999,4.4,Incredible display clarity and high refresh rate make scrolling and gaming super smooth. Charging speed is amazingly fast. Though system software comes with a few preinstalled apps that require manual uninstalling.
373.0,Electronics,OnePlus,Nord 4 5G,Titanium Gray,"The OnePlus Nord 4 5G is a high-performance mid-range smartphone designed for modern mobile users. It is powered by the MediaTek Dimensity 7200 Pro processor paired with LPDDR5X RAM paired with 256GB UFS 4.0 internal storage. The device features a 6.82-inch 2K 120Hz Curved LTPO AMOLED display with 4500 nits peak brightness and Dolby Vision. For photography and videography, it houses a versatile camera system featuring a 50MP Sony LYT-808 primary sensor, 64MP periscope telephoto (3x optical, 120x digital), and 48MP ultrawide with Hasselblad color tuning. The smartphone is powered by a 5400mAh dual-cell battery supported by 100W SUPERVOOC fast charging (0-100% in 26 mins) and 50W AIRVOOC wireless. It operates on the latest OS release with enterprise-grade security updates and optimized thermal management.",32999,4.1,Top-notch camera setup with exceptional portrait modes and zoom capability. Software runs smooth without any stutters. Keep in mind that there is no expandable microSD card slot or 3.5mm headphone jack.
374.0,Electronics,OnePlus,Nord CE 4 5G,Natural Titanium,"The OnePlus Nord CE 4 5G is a high-performance budget mid-range smartphone designed for modern mobile users. It is powered by the Snapdragon 7s Gen 2 processor paired with 12GB LPDDR5X ultra-fast RAM and 256GB UFS 4.0 storage. The device features a 6.78-inch 1.5K 144Hz 8T LTPO AMOLED display with 3000 nits brightness and 2160Hz PWM dimming. For photography and videography, it houses a versatile camera system featuring a 1-inch 50MP Sony LYT-900 primary camera with stepless variable aperture (f/1.63-f/4.0) co-engineered with Leica. The smartphone is powered by a 5000mAh graphite battery with 120W FlashCharge (0-100% in ~27 mins). It operates on the latest OS release with enterprise-grade security updates and optimized thermal management.",26999,4.8,"Solid battery endurance paired with rapid charging. Handles demanding mobile titles without thermal throttling. However, the camera bump on the back is quite prominent."
375.0,Electronics,Redmi,Note 13 Pro+ 5G,Oasis Green,"The Redmi Note 13 Pro+ 5G is a high-performance mid-range smartphone designed for modern mobile users. It is powered by the Qualcomm Snapdragon 7 Gen 3 processor paired with 12GB LPDDR5X RAM with generous 512GB UFS 4.0 storage. The device features a 6.67-inch 1.5K 120Hz CrystalRes AMOLED display with Dolby Vision and Gorilla Glass Victus. For photography and videography, it houses a versatile camera system featuring a 50MP 1-inch Sony IMX989 sensor with OIS, 50MP ZEISS APO Floating Telephoto with 4.3x optical zoom and ZEISS T* anti-reflective coating. The smartphone is powered by a 5500mAh dual-cell battery with 120W SUPERVOOC superfast charging. It operates on the latest OS release with enterprise-grade security updates and optimized thermal management.",33999,4.3,"Sleek aesthetic design that turns heads. System software is intuitive, responsive, and packed with practical AI features. Though curved display edges occasionally trigger accidental palm touches."
376.0,Electronics,Redmi,Note 13 Pro 5G,Midnight Blue,"The Redmi Note 13 Pro 5G is a high-performance budget mid-range smartphone designed for modern mobile users. It is powered by the MediaTek Dimensity 7050 processor paired with 16GB heavy-multitasking LPDDR5X RAM and 512GB UFS 4.0 storage. The device features a 6.7-inch 120Hz Flexible AMOLED screen with 1300 nits brightness and iconic transparent Glyph LED interface. For photography and videography, it houses a versatile camera system featuring a 50MP Sony LYT-808 main camera with OIS, 50MP telephoto portrait lens (2x optical zoom), and Next AI image processing. The smartphone is powered by a 5200mAh silicon-carbon high density battery with 100W wired and 66W wireless charging. It operates on the latest OS release with enterprise-grade security updates and optimized thermal management.",26999,4.7,"Extremely satisfied with the purchase! The camera quality is outstanding, especially in low light, and the battery comfortably lasts over a day. However, the phone is slightly heavy for single-handed use."
377.0,Electronics,Redmi,Note 13 5G,Sunset Orange,"The Redmi Note 13 5G is a high-performance budget smartphone designed for modern mobile users. It is powered by the MediaTek Dimensity 6080 processor paired with 16GB flagship LPDDR5X RAM paired with massive 1TB UFS 4.0 storage. The device features a 6.6-inch FHD+ 120Hz Super AMOLED display with Knox Vault security and Vision Booster. For photography and videography, it houses a versatile camera system featuring a 50MP primary sensor with OIS, 50MP ultrawide with macro mode, and 64MP periscope telephoto with 3x optical zoom. The smartphone is powered by a 5500mAh heavy-duty battery with 100W SUPERVOOC charging maintaining health over 4 years. It operates on the latest OS release with enterprise-grade security updates and optimized thermal management.",20999,4.2,Blazing fast performance for daily multitasking and heavy gaming. The display is vibrant and easily readable under bright sunlight. Though the secondary ultrawide camera could be slightly better in low light.
378.0,Electronics,Honor,200 Pro 5G,Emerald Green,"The Honor 200 Pro 5G is a high-performance upper mid-range smartphone designed for modern mobile users. It is powered by the Qualcomm Snapdragon 8s Gen 3 processor paired with LPDDR5 RAM and UFS 3.1 high-speed storage. The device features a 6.74-inch 1.5K 120Hz Ultra Clear AMOLED with Aqua Touch wet-finger technology and 2150 nits brightness. For photography and videography, it houses a versatile camera system featuring a Dual 50MP rear camera sensors (Primary OIS + 114-degree Ultrawide) powered by Ultra XDR photography engine. The smartphone is powered by a 5000mAh battery with 90W Turbo Charge support included in the box. It operates on the latest OS release with enterprise-grade security updates and optimized thermal management.",57999,4.2,"Great value for money smartphone in this price point. Clean UI experience and fast charging makes daily usage hassle-free. On the downside, charging speed could be slightly faster compared to rivals."
379.0,Electronics,Honor,200 5G,Starlight Silver,"The Honor 200 5G is a high-performance mid-range smartphone designed for modern mobile users. It is powered by the MediaTek Dimensity 7200 Pro processor paired with LPDDR5X RAM paired with 256GB UFS 4.0 internal storage. The device features a 6.67-inch 1.5K 3D Curved AMOLED with 120Hz refresh rate, 1800 nits peak brightness and IP68 protection. For photography and videography, it houses a versatile camera system featuring a 200MP Samsung ISOCELL HP3 camera with OIS, 4x in-sensor lossless zoom, 8MP ultrawide, and 2MP macro lens. The smartphone is powered by a 5000mAh battery supporting 33W fast charging and 5W reverse wired charging. It operates on the latest OS release with enterprise-grade security updates and optimized thermal management.",37999,4.7,"The build quality feels high-end and comfortable to hold. Photos taken with the main lens are sharp with natural color tones. However, a fast wall adapter is not included inside the box."
380.0,Electronics,Nothing,CMF by  Phone 1,Glacier White,"The CMF by Nothing Phone 1 is a high-performance budget smartphone designed for modern mobile users. It is powered by the MediaTek Dimensity 6080 processor paired with 12GB LPDDR5X ultra-fast RAM and 256GB UFS 4.0 storage. The device features a 6.8-inch QHD+ 120Hz Dynamic AMOLED 2X display with 2600 nits peak brightness and Gorilla Armor. For photography and videography, it houses a versatile camera system featuring a 200MP OIS primary sensor, 50MP periscope telephoto with 5x optical zoom, 10MP 3x telephoto, and 12MP ultrawide. The smartphone is powered by a 5000mAh battery with 45W wired fast charging, 15W wireless charging, and reverse wireless support. It operates on the latest OS release with enterprise-grade security updates and optimized thermal management.",17999,4.6,Incredible display clarity and high refresh rate make scrolling and gaming super smooth. Charging speed is amazingly fast. Though system software comes with a few preinstalled apps that require manual uninstalling.
381.0,Electronics,Realme,12 Pro+ 5G,Asteroid Black,"The Realme 12 Pro+ 5G is a high-performance mid-range smartphone designed for modern mobile users. It is powered by the Qualcomm Snapdragon 7 Gen 3 processor paired with 12GB LPDDR5X RAM with generous 512GB UFS 4.0 storage. The device features a 6.7-inch Super Retina XDR OLED display with ProMotion 120Hz adaptive refresh rate and outdoor peak 2000 nits. For photography and videography, it houses a versatile camera system featuring a 48MP main sensor with sensor-shift OIS, 12MP 5x tetraprism optical zoom telephoto, and 12MP ultrawide. The smartphone is powered by a 4422mAh battery with MagSafe 15W wireless charging and high efficiency battery optimization. It operates on the latest OS release with enterprise-grade security updates and optimized thermal management.",31999,4.3,Top-notch camera setup with exceptional portrait modes and zoom capability. Software runs smooth without any stutters. Keep in mind that there is no expandable microSD card slot or 3.5mm headphone jack.
382.0,Electronics,Realme,P1 Pro 5G,Ocean Cyan,"The Realme P1 Pro 5G is a high-performance budget smartphone designed for modern mobile users. It is powered by the Qualcomm Snapdragon 695 5G processor paired with 16GB heavy-multitasking LPDDR5X RAM and 512GB UFS 4.0 storage. The device features a 6.7-inch Super Actua LTPO OLED display with 1-120Hz variable refresh rate and 2400 nits peak brightness. For photography and videography, it houses a versatile camera system featuring a 50MP primary camera with OIS, 48MP ultrawide with macro focus, and 48MP telephoto with 5x optical zoom. The smartphone is powered by a 5050mAh battery with 30W wired charging and 23W wireless charging capability. It operates on the latest OS release with enterprise-grade security updates and optimized thermal management.",21999,4.9,"Solid battery endurance paired with rapid charging. Handles demanding mobile titles without thermal throttling. However, the camera bump on the back is quite prominent."
383.0,Electronics,Vivo,T3 Pro 5G,Peach Fuzz,"The Vivo T3 Pro 5G is a high-performance budget mid-range smartphone designed for modern mobile users. It is powered by the Snapdragon 7s Gen 2 processor paired with 16GB flagship LPDDR5X RAM paired with massive 1TB UFS 4.0 storage. The device features a 6.82-inch 2K 120Hz Curved LTPO AMOLED display with 4500 nits peak brightness and Dolby Vision. For photography and videography, it houses a versatile camera system featuring a 50MP Sony LYT-808 primary sensor, 64MP periscope telephoto (3x optical, 120x digital), and 48MP ultrawide with Hasselblad color tuning. The smartphone is powered by a 5400mAh dual-cell battery supported by 100W SUPERVOOC fast charging (0-100% in 26 mins) and 50W AIRVOOC wireless. It operates on the latest OS release with enterprise-grade security updates and optimized thermal management.",28999,4.0,"Sleek aesthetic design that turns heads. System software is intuitive, responsive, and packed with practical AI features. Though curved display edges occasionally trigger accidental palm touches."
384.0,Electronics,iQOO,Z9 Turbo 5G,Phantom Black,"The iQOO Z9 Turbo 5G is a high-performance budget mid-range smartphone designed for modern mobile users. It is powered by the Qualcomm Snapdragon 6 Gen 1 processor paired with LPDDR5 RAM and UFS 3.1 high-speed storage. The device features a 6.78-inch 1.5K 144Hz 8T LTPO AMOLED display with 3000 nits brightness and 2160Hz PWM dimming. For photography and videography, it houses a versatile camera system featuring a 1-inch 50MP Sony LYT-900 primary camera with stepless variable aperture (f/1.63-f/4.0) co-engineered with Leica. The smartphone is powered by a 5000mAh graphite battery with 120W FlashCharge (0-100% in ~27 mins). It operates on the latest OS release with enterprise-grade security updates and optimized thermal management.",21999,4.6,"Extremely satisfied with the purchase! The camera quality is outstanding, especially in low light, and the battery comfortably lasts over a day. However, the phone is slightly heavy for single-handed use."
385.0,Electronics,Samsung,Galaxy Z Fold 5 5G,Titanium Gray,"The Samsung Galaxy Z Fold 5 5G is a high-performance foldable flagship smartphone designed for modern mobile users. It is powered by the Qualcomm Snapdragon 8 Gen 2 processor paired with LPDDR5X RAM paired with 256GB UFS 4.0 internal storage. The device features a 6.67-inch 1.5K 120Hz CrystalRes AMOLED display with Dolby Vision and Gorilla Glass Victus. For photography and videography, it houses a versatile camera system featuring a 50MP 1-inch Sony IMX989 sensor with OIS, 50MP ZEISS APO Floating Telephoto with 4.3x optical zoom and ZEISS T* anti-reflective coating. The smartphone is powered by a 5500mAh dual-cell battery with 120W SUPERVOOC superfast charging. It operates on the latest OS release with enterprise-grade security updates and optimized thermal management.",164999,4.0,Blazing fast performance for daily multitasking and heavy gaming. The display is vibrant and easily readable under bright sunlight. Though the secondary ultrawide camera could be slightly better in low light.
386.0,Electronics,Samsung,Galaxy Z Flip 5 5G,Natural Titanium,"The Samsung Galaxy Z Flip 5 5G is a high-performance foldable flagship smartphone designed for modern mobile users. It is powered by the MediaTek Dimensity 9000+ processor paired with 12GB LPDDR5X ultra-fast RAM and 256GB UFS 4.0 storage. The device features a 6.7-inch 120Hz Flexible AMOLED screen with 1300 nits brightness and iconic transparent Glyph LED interface. For photography and videography, it houses a versatile camera system featuring a 50MP Sony LYT-808 main camera with OIS, 50MP telephoto portrait lens (2x optical zoom), and Next AI image processing. The smartphone is powered by a 5200mAh silicon-carbon high density battery with 100W wired and 66W wireless charging. It operates on the latest OS release with enterprise-grade security updates and optimized thermal management.",109999,4.0,"Great value for money smartphone in this price point. Clean UI experience and fast charging makes daily usage hassle-free. On the downside, charging speed could be slightly faster compared to rivals."
387.0,Electronics,Motorola,Razr 50 Ultra 5G,Oasis Green,"The Motorola Razr 50 Ultra 5G is a high-performance foldable flagship smartphone designed for modern mobile users. It is powered by the Qualcomm Snapdragon 8 Gen 3 processor paired with 12GB LPDDR5X RAM with generous 512GB UFS 4.0 storage. The device features a 6.6-inch FHD+ 120Hz Super AMOLED display with Knox Vault security and Vision Booster. For photography and videography, it houses a versatile camera system featuring a 50MP primary sensor with OIS, 50MP ultrawide with macro mode, and 64MP periscope telephoto with 3x optical zoom. The smartphone is powered by a 5500mAh heavy-duty battery with 100W SUPERVOOC charging maintaining health over 4 years. It operates on the latest OS release with enterprise-grade security updates and optimized thermal management.",94999,4.6,"The build quality feels high-end and comfortable to hold. Photos taken with the main lens are sharp with natural color tones. However, a fast wall adapter is not included inside the box."
388.0,Electronics,Tecno,Phantom V Fold 5G,Midnight Blue,"The Tecno Phantom V Fold 5G is a high-performance foldable flagship smartphone designed for modern mobile users. It is powered by the Qualcomm Snapdragon 8 Gen 2 processor paired with 16GB heavy-multitasking LPDDR5X RAM and 512GB UFS 4.0 storage. The device features a 6.74-inch 1.5K 120Hz Ultra Clear AMOLED with Aqua Touch wet-finger technology and 2150 nits brightness. For photography and videography, it houses a versatile camera system featuring a Dual 50MP rear camera sensors (Primary OIS + 114-degree Ultrawide) powered by Ultra XDR photography engine. The smartphone is powered by a 5000mAh battery with 90W Turbo Charge support included in the box. It operates on the latest OS release with enterprise-grade security updates and optimized thermal management.",74999,4.1,Incredible display clarity and high refresh rate make scrolling and gaming super smooth. Charging speed is amazingly fast. Though system software comes with a few preinstalled apps that require manual uninstalling.
389.0,Electronics,Tecno,Phantom V Flip 5G,Sunset Orange,"The Tecno Phantom V Flip 5G is a high-performance foldable mid-range smartphone designed for modern mobile users. It is powered by the MediaTek Dimensity 8050 5G processor paired with 16GB flagship LPDDR5X RAM paired with massive 1TB UFS 4.0 storage. The device features a 6.67-inch 1.5K 3D Curved AMOLED with 120Hz refresh rate, 1800 nits peak brightness and IP68 protection. For photography and videography, it houses a versatile camera system featuring a 200MP Samsung ISOCELL HP3 camera with OIS, 4x in-sensor lossless zoom, 8MP ultrawide, and 2MP macro lens. The smartphone is powered by a 5000mAh battery supporting 33W fast charging and 5W reverse wired charging. It operates on the latest OS release with enterprise-grade security updates and optimized thermal management.",54999,4.4,Top-notch camera setup with exceptional portrait modes and zoom capability. Software runs smooth without any stutters. Keep in mind that there is no expandable microSD card slot or 3.5mm headphone jack.
390.0,Electronics,ASUS,ROG Phone 8 Pro 5G,Emerald Green,"The Asus ROG Phone 8 Pro 5G is a high-performance gaming flagship smartphone designed for modern mobile users. It is powered by the Qualcomm Snapdragon 8 Gen 3 with dedicated GameCool vapour cooling processor paired with LPDDR5 RAM and UFS 3.1 high-speed storage. The device features a 6.8-inch QHD+ 120Hz Dynamic AMOLED 2X display with 2600 nits peak brightness and Gorilla Armor. For photography and videography, it houses a versatile camera system featuring a 200MP OIS primary sensor, 50MP periscope telephoto with 5x optical zoom, 10MP 3x telephoto, and 12MP ultrawide. The smartphone is powered by a 5000mAh battery with 45W wired fast charging, 15W wireless charging, and reverse wireless support. It operates on the latest OS release with enterprise-grade security updates and optimized thermal management.",94999,4.0,"Solid battery endurance paired with rapid charging. Handles demanding mobile titles without thermal throttling. However, the camera bump on the back is quite prominent."
391.0,Electronics,ASUS,ROG Phone 8 5G,Starlight Silver,"The Asus ROG Phone 8 5G is a high-performance gaming flagship smartphone designed for modern mobile users. It is powered by the Qualcomm Snapdragon 8 Gen 3 with dedicated GameCool vapour cooling processor paired with LPDDR5X RAM paired with 256GB UFS 4.0 internal storage. The device features a 6.7-inch Super Retina XDR OLED display with ProMotion 120Hz adaptive refresh rate and outdoor peak 2000 nits. For photography and videography, it houses a versatile camera system featuring a 48MP main sensor with sensor-shift OIS, 12MP 5x tetraprism optical zoom telephoto, and 12MP ultrawide. The smartphone is powered by a 4422mAh battery with MagSafe 15W wireless charging and high efficiency battery optimization. It operates on the latest OS release with enterprise-grade security updates and optimized thermal management.",84999,4.6,"Sleek aesthetic design that turns heads. System software is intuitive, responsive, and packed with practical AI features. Though curved display edges occasionally trigger accidental palm touches."
392.0,Electronics,Samsung,Galaxy S24 Ultra,Glacier White,"The Samsung Galaxy S24 Ultra is a high-performance flagship smartphone designed for modern mobile users. It is powered by the Qualcomm Snapdragon 8 Gen 3 processor paired with 12GB LPDDR5X ultra-fast RAM and 256GB UFS 4.0 storage. The device features a 6.7-inch Super Actua LTPO OLED display with 1-120Hz variable refresh rate and 2400 nits peak brightness. For photography and videography, it houses a versatile camera system featuring a 50MP primary camera with OIS, 48MP ultrawide with macro focus, and 48MP telephoto with 5x optical zoom. The smartphone is powered by a 5050mAh battery with 30W wired charging and 23W wireless charging capability. It operates on the latest OS release with enterprise-grade security updates and optimized thermal management.",139999,4.6,"Extremely satisfied with the purchase! The camera quality is outstanding, especially in low light, and the battery comfortably lasts over a day. However, the phone is slightly heavy for single-handed use."
393.0,Electronics,Samsung,Galaxy S24 Plus,Asteroid Black,"The Samsung Galaxy S24 Plus is a high-performance flagship smartphone designed for modern mobile users. It is powered by the Apple A17 Pro (3nm) processor paired with 12GB LPDDR5X RAM with generous 512GB UFS 4.0 storage. The device features a 6.82-inch 2K 120Hz Curved LTPO AMOLED display with 4500 nits peak brightness and Dolby Vision. For photography and videography, it houses a versatile camera system featuring a 50MP Sony LYT-808 primary sensor, 64MP periscope telephoto (3x optical, 120x digital), and 48MP ultrawide with Hasselblad color tuning. The smartphone is powered by a 5400mAh dual-cell battery supported by 100W SUPERVOOC fast charging (0-100% in 26 mins) and 50W AIRVOOC wireless. It operates on the latest OS release with enterprise-grade security updates and optimized thermal management.",109999,3.9,Blazing fast performance for daily multitasking and heavy gaming. The display is vibrant and easily readable under bright sunlight. Though the secondary ultrawide camera could be slightly better in low light.
394.0,Electronics,Samsung,Galaxy S24,Ocean Cyan,"The Samsung Galaxy S24 is a high-performance flagship smartphone designed for modern mobile users. It is powered by the Google Tensor G3 processor paired with 16GB heavy-multitasking LPDDR5X RAM and 512GB UFS 4.0 storage. The device features a 6.78-inch 1.5K 144Hz 8T LTPO AMOLED display with 3000 nits brightness and 2160Hz PWM dimming. For photography and videography, it houses a versatile camera system featuring a 1-inch 50MP Sony LYT-900 primary camera with stepless variable aperture (f/1.63-f/4.0) co-engineered with Leica. The smartphone is powered by a 5000mAh graphite battery with 120W FlashCharge (0-100% in ~27 mins). It operates on the latest OS release with enterprise-grade security updates and optimized thermal management.",79999,4.5,"Great value for money smartphone in this price point. Clean UI experience and fast charging makes daily usage hassle-free. On the downside, charging speed could be slightly faster compared to rivals."
395.0,Electronics,Apple,iPhone 15 Pro Max,Peach Fuzz,"The Apple iPhone 15 Pro Max is a high-performance flagship smartphone designed for modern mobile users. It is powered by the MediaTek Dimensity 9300 processor paired with 16GB flagship LPDDR5X RAM paired with massive 1TB UFS 4.0 storage. The device features a 6.67-inch 1.5K 120Hz CrystalRes AMOLED display with Dolby Vision and Gorilla Glass Victus. For photography and videography, it houses a versatile camera system featuring a 50MP 1-inch Sony IMX989 sensor with OIS, 50MP ZEISS APO Floating Telephoto with 4.3x optical zoom and ZEISS T* anti-reflective coating. The smartphone is powered by a 5500mAh dual-cell battery with 120W SUPERVOOC superfast charging. It operates on the latest OS release with enterprise-grade security updates and optimized thermal management.",199900,4.1,"The build quality feels high-end and comfortable to hold. Photos taken with the main lens are sharp with natural color tones. However, a fast wall adapter is not included inside the box."
396.0,Electronics,Apple,iPhone 15 Pro,Phantom Black,"The Apple iPhone 15 Pro is a high-performance flagship smartphone designed for modern mobile users. It is powered by the Qualcomm Snapdragon 8 Gen 3 processor paired with LPDDR5 RAM and UFS 3.1 high-speed storage. The device features a 6.7-inch 120Hz Flexible AMOLED screen with 1300 nits brightness and iconic transparent Glyph LED interface. For photography and videography, it houses a versatile camera system featuring a 50MP Sony LYT-808 main camera with OIS, 50MP telephoto portrait lens (2x optical zoom), and Next AI image processing. The smartphone is powered by a 5200mAh silicon-carbon high density battery with 100W wired and 66W wireless charging. It operates on the latest OS release with enterprise-grade security updates and optimized thermal management.",134900,4.8,Incredible display clarity and high refresh rate make scrolling and gaming super smooth. Charging speed is amazingly fast. Though system software comes with a few preinstalled apps that require manual uninstalling.
397.0,Electronics,Apple,iPhone 15 Plus,Titanium Gray,"The Apple iPhone 15 Plus is a high-performance flagship smartphone designed for modern mobile users. It is powered by the Apple A17 Pro (3nm) processor paired with LPDDR5X RAM paired with 256GB UFS 4.0 internal storage. The device features a 6.6-inch FHD+ 120Hz Super AMOLED display with Knox Vault security and Vision Booster. For photography and videography, it houses a versatile camera system featuring a 50MP primary sensor with OIS, 50MP ultrawide with macro mode, and 64MP periscope telephoto with 3x optical zoom. The smartphone is powered by a 5500mAh heavy-duty battery with 100W SUPERVOOC charging maintaining health over 4 years. It operates on the latest OS release with enterprise-grade security updates and optimized thermal management.",99900,4.5,Top-notch camera setup with exceptional portrait modes and zoom capability. Software runs smooth without any stutters. Keep in mind that there is no expandable microSD card slot or 3.5mm headphone jack.
398.0,Electronics,Apple,iPhone 15,Natural Titanium,"The Apple iPhone 15 is a high-performance flagship smartphone designed for modern mobile users. It is powered by the Google Tensor G3 processor paired with 12GB LPDDR5X ultra-fast RAM and 256GB UFS 4.0 storage. The device features a 6.74-inch 1.5K 120Hz Ultra Clear AMOLED with Aqua Touch wet-finger technology and 2150 nits brightness. For photography and videography, it houses a versatile camera system featuring a Dual 50MP rear camera sensors (Primary OIS + 114-degree Ultrawide) powered by Ultra XDR photography engine. The smartphone is powered by a 5000mAh battery with 90W Turbo Charge support included in the box. It operates on the latest OS release with enterprise-grade security updates and optimized thermal management.",89900,4.5,"Solid battery endurance paired with rapid charging. Handles demanding mobile titles without thermal throttling. However, the camera bump on the back is quite prominent."
399.0,Electronics,Google,Pixel 8 Pro,Oasis Green,"The Google Pixel 8 Pro is a high-performance flagship smartphone designed for modern mobile users. It is powered by the MediaTek Dimensity 9300 processor paired with 12GB LPDDR5X RAM with generous 512GB UFS 4.0 storage. The device features a 6.67-inch 1.5K 3D Curved AMOLED with 120Hz refresh rate, 1800 nits peak brightness and IP68 protection. For photography and videography, it houses a versatile camera system featuring a 200MP Samsung ISOCELL HP3 camera with OIS, 4x in-sensor lossless zoom, 8MP ultrawide, and 2MP macro lens. The smartphone is powered by a 5000mAh battery supporting 33W fast charging and 5W reverse wired charging. It operates on the latest OS release with enterprise-grade security updates and optimized thermal management.",113999,4.7,"Sleek aesthetic design that turns heads. System software is intuitive, responsive, and packed with practical AI features. Though curved display edges occasionally trigger accidental palm touches."
400.0,Electronics,Google,Pixel 8a,Midnight Blue,"The Google Pixel 8a is a high-performance mid-range smartphone designed for modern mobile users. It is powered by the MediaTek Dimensity 7200 Pro processor paired with 16GB heavy-multitasking LPDDR5X RAM and 512GB UFS 4.0 storage. The device features a 6.8-inch QHD+ 120Hz Dynamic AMOLED 2X display with 2600 nits peak brightness and Gorilla Armor. For photography and videography, it houses a versatile camera system featuring a 200MP OIS primary sensor, 50MP periscope telephoto with 5x optical zoom, 10MP 3x telephoto, and 12MP ultrawide. The smartphone is powered by a 5000mAh battery with 45W wired fast charging, 15W wireless charging, and reverse wireless support. It operates on the latest OS release with enterprise-grade security updates and optimized thermal management.",59999,4.4,"Extremely satisfied with the purchase! The camera quality is outstanding, especially in low light, and the battery comfortably lasts over a day. However, the phone is slightly heavy for single-handed use."
401.0,Electronics,OnePlus,12 5G,Sunset Orange,"The OnePlus 12 5G is a high-performance flagship smartphone designed for modern mobile users. It is powered by the Apple A17 Pro (3nm) processor paired with 16GB flagship LPDDR5X RAM paired with massive 1TB UFS 4.0 storage. The device features a 6.7-inch Super Retina XDR OLED display with ProMotion 120Hz adaptive refresh rate and outdoor peak 2000 nits. For photography and videography, it houses a versatile camera system featuring a 48MP main sensor with sensor-shift OIS, 12MP 5x tetraprism optical zoom telephoto, and 12MP ultrawide. The smartphone is powered by a 4422mAh battery with MagSafe 15W wireless charging and high efficiency battery optimization. It operates on the latest OS release with enterprise-grade security updates and optimized thermal management.",79999,4.6,Blazing fast performance for daily multitasking and heavy gaming. The display is vibrant and easily readable under bright sunlight. Though the secondary ultrawide camera could be slightly better in low light.
402.0,Electronics,OnePlus,12R 5G,Emerald Green,"The OnePlus 12R 5G is a high-performance upper mid-range smartphone designed for modern mobile users. It is powered by the Qualcomm Snapdragon 8s Gen 3 processor paired with LPDDR5 RAM and UFS 3.1 high-speed storage. The device features a 6.7-inch Super Actua LTPO OLED display with 1-120Hz variable refresh rate and 2400 nits peak brightness. For photography and videography, it houses a versatile camera system featuring a 50MP primary camera with OIS, 48MP ultrawide with macro focus, and 48MP telephoto with 5x optical zoom. The smartphone is powered by a 5050mAh battery with 30W wired charging and 23W wireless charging capability. It operates on the latest OS release with enterprise-grade security updates and optimized thermal management.",39999,4.4,"Great value for money smartphone in this price point. Clean UI experience and fast charging makes daily usage hassle-free. On the downside, charging speed could be slightly faster compared to rivals."
403.0,Electronics,Xiaomi,14 Ultra 5G,Starlight Silver,"The Xiaomi 14 Ultra 5G is a high-performance flagship smartphone designed for modern mobile users. It is powered by the MediaTek Dimensity 9300 processor paired with LPDDR5X RAM paired with 256GB UFS 4.0 internal storage. The device features a 6.82-inch 2K 120Hz Curved LTPO AMOLED display with 4500 nits peak brightness and Dolby Vision. For photography and videography, it houses a versatile camera system featuring a 50MP Sony LYT-808 primary sensor, 64MP periscope telephoto (3x optical, 120x digital), and 48MP ultrawide with Hasselblad color tuning. The smartphone is powered by a 5400mAh dual-cell battery supported by 100W SUPERVOOC fast charging (0-100% in 26 mins) and 50W AIRVOOC wireless. It operates on the latest OS release with enterprise-grade security updates and optimized thermal management.",109999,4.3,"The build quality feels high-end and comfortable to hold. Photos taken with the main lens are sharp with natural color tones. However, a fast wall adapter is not included inside the box."
404.0,Electronics,Xiaomi,14 Civi,Glacier White,"The Xiaomi 14 Civi is a high-performance upper mid-range smartphone designed for modern mobile users. It is powered by the MediaTek Dimensity 8300 Ultra processor paired with 12GB LPDDR5X ultra-fast RAM and 256GB UFS 4.0 storage. The device features a 6.78-inch 1.5K 144Hz 8T LTPO AMOLED display with 3000 nits brightness and 2160Hz PWM dimming. For photography and videography, it houses a versatile camera system featuring a 1-inch 50MP Sony LYT-900 primary camera with stepless variable aperture (f/1.63-f/4.0) co-engineered with Leica. The smartphone is powered by a 5000mAh graphite battery with 120W FlashCharge (0-100% in ~27 mins). It operates on the latest OS release with enterprise-grade security updates and optimized thermal management.",47999,4.7,Incredible display clarity and high refresh rate make scrolling and gaming super smooth. Charging speed is amazingly fast. Though system software comes with a few preinstalled apps that require manual uninstalling.
405.0,Electronics,Vivo,X100 Pro 5G,Asteroid Black,"The Vivo X100 Pro 5G is a high-performance flagship smartphone designed for modern mobile users. It is powered by the Apple A17 Pro (3nm) processor paired with 12GB LPDDR5X RAM with generous 512GB UFS 4.0 storage. The device features a 6.67-inch 1.5K 120Hz CrystalRes AMOLED display with Dolby Vision and Gorilla Glass Victus. For photography and videography, it houses a versatile camera system featuring a 50MP 1-inch Sony IMX989 sensor with OIS, 50MP ZEISS APO Floating Telephoto with 4.3x optical zoom and ZEISS T* anti-reflective coating. The smartphone is powered by a 5500mAh dual-cell battery with 120W SUPERVOOC superfast charging. It operates on the latest OS release with enterprise-grade security updates and optimized thermal management.",94999,4.8,Top-notch camera setup with exceptional portrait modes and zoom capability. Software runs smooth without any stutters. Keep in mind that there is no expandable microSD card slot or 3.5mm headphone jack.
406.0,Electronics,Vivo,V30 Pro 5G,Ocean Cyan,"The Vivo V30 Pro 5G is a high-performance mid-range smartphone designed for modern mobile users. It is powered by the MediaTek Dimensity 7200 Pro processor paired with 16GB heavy-multitasking LPDDR5X RAM and 512GB UFS 4.0 storage. The device features a 6.7-inch 120Hz Flexible AMOLED screen with 1300 nits brightness and iconic transparent Glyph LED interface. For photography and videography, it houses a versatile camera system featuring a 50MP Sony LYT-808 main camera with OIS, 50MP telephoto portrait lens (2x optical zoom), and Next AI image processing. The smartphone is powered by a 5200mAh silicon-carbon high density battery with 100W wired and 66W wireless charging. It operates on the latest OS release with enterprise-grade security updates and optimized thermal management.",46999,4.4,"Solid battery endurance paired with rapid charging. Handles demanding mobile titles without thermal throttling. However, the camera bump on the back is quite prominent."
407.0,Electronics,iQOO,12 5G,Peach Fuzz,"The iQOO 12 5G is a high-performance performance flagship smartphone designed for modern mobile users. It is powered by the MediaTek Dimensity 9300 processor paired with 16GB flagship LPDDR5X RAM paired with massive 1TB UFS 4.0 storage. The device features a 6.6-inch FHD+ 120Hz Super AMOLED display with Knox Vault security and Vision Booster. For photography and videography, it houses a versatile camera system featuring a 50MP primary sensor with OIS, 50MP ultrawide with macro mode, and 64MP periscope telephoto with 3x optical zoom. The smartphone is powered by a 5500mAh heavy-duty battery with 100W SUPERVOOC charging maintaining health over 4 years. It operates on the latest OS release with enterprise-grade security updates and optimized thermal management.",64999,4.2,"Sleek aesthetic design that turns heads. System software is intuitive, responsive, and packed with practical AI features. Though curved display edges occasionally trigger accidental palm touches."
408.0,Electronics,iQOO,Neo 9 Pro 5G,Phantom Black,"The iQOO Neo 9 Pro 5G is a high-performance performance mid-range smartphone designed for modern mobile users. It is powered by the Qualcomm Snapdragon 8 Gen 2 processor paired with LPDDR5 RAM and UFS 3.1 high-speed storage. The device features a 6.74-inch 1.5K 120Hz Ultra Clear AMOLED with Aqua Touch wet-finger technology and 2150 nits brightness. For photography and videography, it houses a versatile camera system featuring a Dual 50MP rear camera sensors (Primary OIS + 114-degree Ultrawide) powered by Ultra XDR photography engine. The smartphone is powered by a 5000mAh battery with 90W Turbo Charge support included in the box. It operates on the latest OS release with enterprise-grade security updates and optimized thermal management.",34999,4.0,"Extremely satisfied with the purchase! The camera quality is outstanding, especially in low light, and the battery comfortably lasts over a day. However, the phone is slightly heavy for single-handed use."
409.0,Electronics,Realme,GT 6 5G,Titanium Gray,"The Realme GT 6 5G is a high-performance upper mid-range smartphone designed for modern mobile users. It is powered by the Qualcomm Snapdragon 7+ Gen 3 processor paired with LPDDR5X RAM paired with 256GB UFS 4.0 internal storage. The device features a 6.67-inch 1.5K 3D Curved AMOLED with 120Hz refresh rate, 1800 nits peak brightness and IP68 protection. For photography and videography, it houses a versatile camera system featuring a 200MP Samsung ISOCELL HP3 camera with OIS, 4x in-sensor lossless zoom, 8MP ultrawide, and 2MP macro lens. The smartphone is powered by a 5000mAh battery supporting 33W fast charging and 5W reverse wired charging. It operates on the latest OS release with enterprise-grade security updates and optimized thermal management.",42999,4.3,Blazing fast performance for daily multitasking and heavy gaming. The display is vibrant and easily readable under bright sunlight. Though the secondary ultrawide camera could be slightly better in low light.
410.0,Electronics,Realme,GT 6T 5G,Natural Titanium,"The Realme GT 6T 5G is a high-performance mid-range smartphone designed for modern mobile users. It is powered by the Exynos 1480 (4nm) processor paired with 12GB LPDDR5X ultra-fast RAM and 256GB UFS 4.0 storage. The device features a 6.8-inch QHD+ 120Hz Dynamic AMOLED 2X display with 2600 nits peak brightness and Gorilla Armor. For photography and videography, it houses a versatile camera system featuring a 200MP OIS primary sensor, 50MP periscope telephoto with 5x optical zoom, 10MP 3x telephoto, and 12MP ultrawide. The smartphone is powered by a 5000mAh battery with 45W wired fast charging, 15W wireless charging, and reverse wireless support. It operates on the latest OS release with enterprise-grade security updates and optimized thermal management.",32999,4.1,"Great value for money smartphone in this price point. Clean UI experience and fast charging makes daily usage hassle-free. On the downside, charging speed could be slightly faster compared to rivals."
411.0,Electronics,Motorola,Edge 50 Ultra,Oasis Green,"The Motorola Edge 50 Ultra is a high-performance flagship smartphone designed for modern mobile users. It is powered by the MediaTek Dimensity 9300 processor paired with 12GB LPDDR5X RAM with generous 512GB UFS 4.0 storage. The device features a 6.7-inch Super Retina XDR OLED display with ProMotion 120Hz adaptive refresh rate and outdoor peak 2000 nits. For photography and videography, it houses a versatile camera system featuring a 48MP main sensor with sensor-shift OIS, 12MP 5x tetraprism optical zoom telephoto, and 12MP ultrawide. The smartphone is powered by a 4422mAh battery with MagSafe 15W wireless charging and high efficiency battery optimization. It operates on the latest OS release with enterprise-grade security updates and optimized thermal management.",64999,4.8,"The build quality feels high-end and comfortable to hold. Photos taken with the main lens are sharp with natural color tones. However, a fast wall adapter is not included inside the box."
412.0,Electronics,Motorola,Edge 50 Pro,Midnight Blue,"The Motorola Edge 50 Pro is a high-performance mid-range smartphone designed for modern mobile users. It is powered by the MediaTek Dimensity 7200 Pro processor paired with 16GB heavy-multitasking LPDDR5X RAM and 512GB UFS 4.0 storage. The device features a 6.7-inch Super Actua LTPO OLED display with 1-120Hz variable refresh rate and 2400 nits peak brightness. For photography and videography, it houses a versatile camera system featuring a 50MP primary camera with OIS, 48MP ultrawide with macro focus, and 48MP telephoto with 5x optical zoom. The smartphone is powered by a 5050mAh battery with 30W wired charging and 23W wireless charging capability. It operates on the latest OS release with enterprise-grade security updates and optimized thermal management.",35999,4.3,Incredible display clarity and high refresh rate make scrolling and gaming super smooth. Charging speed is amazingly fast. Though system software comes with a few preinstalled apps that require manual uninstalling.
413.0,Electronics,Motorola,Edge 50 Fusion,Sunset Orange,"The Motorola Edge 50 Fusion is a high-performance budget mid-range smartphone designed for modern mobile users. It is powered by the Snapdragon 7s Gen 2 processor paired with 16GB flagship LPDDR5X RAM paired with massive 1TB UFS 4.0 storage. The device features a 6.82-inch 2K 120Hz Curved LTPO AMOLED display with 4500 nits peak brightness and Dolby Vision. For photography and videography, it houses a versatile camera system featuring a 50MP Sony LYT-808 primary sensor, 64MP periscope telephoto (3x optical, 120x digital), and 48MP ultrawide with Hasselblad color tuning. The smartphone is powered by a 5400mAh dual-cell battery supported by 100W SUPERVOOC fast charging (0-100% in 26 mins) and 50W AIRVOOC wireless. It operates on the latest OS release with enterprise-grade security updates and optimized thermal management.",26999,4.0,Top-notch camera setup with exceptional portrait modes and zoom capability. Software runs smooth without any stutters. Keep in mind that there is no expandable microSD card slot or 3.5mm headphone jack.
414.0,Electronics,Nothing,Phone,2,"The Nothing Phone (2) is a high-performance upper mid-range smartphone designed for modern mobile users. It is powered by the Qualcomm Snapdragon 8s Gen 3 processor paired with LPDDR5 RAM and UFS 3.1 high-speed storage. The device features a 6.78-inch 1.5K 144Hz 8T LTPO AMOLED display with 3000 nits brightness and 2160Hz PWM dimming. For photography and videography, it houses a versatile camera system featuring a 1-inch 50MP Sony LYT-900 primary camera with stepless variable aperture (f/1.63-f/4.0) co-engineered with Leica. The smartphone is powered by a 5000mAh graphite battery with 120W FlashCharge (0-100% in ~27 mins). It operates on the latest OS release with enterprise-grade security updates and optimized thermal management.",36999,4.7,"Solid battery endurance paired with rapid charging. Handles demanding mobile titles without thermal throttling. However, the camera bump on the back is quite prominent."
415.0,Electronics,Nothing,Phone,2a,"The Nothing Phone (2a) is a high-performance budget mid-range smartphone designed for modern mobile users. It is powered by the MediaTek Dimensity 7050 processor paired with LPDDR5X RAM paired with 256GB UFS 4.0 internal storage. The device features a 6.67-inch 1.5K 120Hz CrystalRes AMOLED display with Dolby Vision and Gorilla Glass Victus. For photography and videography, it houses a versatile camera system featuring a 50MP 1-inch Sony IMX989 sensor with OIS, 50MP ZEISS APO Floating Telephoto with 4.3x optical zoom and ZEISS T* anti-reflective coating. The smartphone is powered by a 5500mAh dual-cell battery with 120W SUPERVOOC superfast charging. It operates on the latest OS release with enterprise-grade security updates and optimized thermal management.",25999,4.0,"Sleek aesthetic design that turns heads. System software is intuitive, responsive, and packed with practical AI features. Though curved display edges occasionally trigger accidental palm touches."
416.0,Electronics,POCO,F6 Pro 5G,Glacier White,"The Poco F6 Pro 5G is a high-performance performance mid-range smartphone designed for modern mobile users. It is powered by the MediaTek Dimensity 8300 Ultra processor paired with 12GB LPDDR5X ultra-fast RAM and 256GB UFS 4.0 storage. The device features a 6.7-inch 120Hz Flexible AMOLED screen with 1300 nits brightness and iconic transparent Glyph LED interface. For photography and videography, it houses a versatile camera system featuring a 50MP Sony LYT-808 main camera with OIS, 50MP telephoto portrait lens (2x optical zoom), and Next AI image processing. The smartphone is powered by a 5200mAh silicon-carbon high density battery with 100W wired and 66W wireless charging. It operates on the latest OS release with enterprise-grade security updates and optimized thermal management.",41999,4.5,"Extremely satisfied with the purchase! The camera quality is outstanding, especially in low light, and the battery comfortably lasts over a day. However, the phone is slightly heavy for single-handed use."
417.0,Electronics,POCO,F6 5G,Asteroid Black,"The Poco F6 5G is a high-performance performance budget smartphone designed for modern mobile users. It is powered by the MediaTek Dimensity 8300 Ultra processor paired with 12GB LPDDR5X RAM with generous 512GB UFS 4.0 storage. The device features a 6.6-inch FHD+ 120Hz Super AMOLED display with Knox Vault security and Vision Booster. For photography and videography, it houses a versatile camera system featuring a 50MP primary sensor with OIS, 50MP ultrawide with macro mode, and 64MP periscope telephoto with 3x optical zoom. The smartphone is powered by a 5500mAh heavy-duty battery with 100W SUPERVOOC charging maintaining health over 4 years. It operates on the latest OS release with enterprise-grade security updates and optimized thermal management.",31999,4.0,Blazing fast performance for daily multitasking and heavy gaming. The display is vibrant and easily readable under bright sunlight. Though the secondary ultrawide camera could be slightly better in low light.
418.0,Electronics,POCO,X6 Pro 5G,Ocean Cyan,"The Poco X6 Pro 5G is a high-performance performance budget smartphone designed for modern mobile users. It is powered by the Qualcomm Snapdragon 8s Gen 3 processor paired with 16GB heavy-multitasking LPDDR5X RAM and 512GB UFS 4.0 storage. The device features a 6.74-inch 1.5K 120Hz Ultra Clear AMOLED with Aqua Touch wet-finger technology and 2150 nits brightness. For photography and videography, it houses a versatile camera system featuring a Dual 50MP rear camera sensors (Primary OIS + 114-degree Ultrawide) powered by Ultra XDR photography engine. The smartphone is powered by a 5000mAh battery with 90W Turbo Charge support included in the box. It operates on the latest OS release with enterprise-grade security updates and optimized thermal management.",26999,4.5,"Great value for money smartphone in this price point. Clean UI experience and fast charging makes daily usage hassle-free. On the downside, charging speed could be slightly faster compared to rivals."
419.0,Electronics,Samsung,Galaxy A55 5G,Peach Fuzz,"The Samsung Galaxy A55 5G is a high-performance mid-range smartphone designed for modern mobile users. It is powered by the Exynos 1480 (4nm) processor paired with 16GB flagship LPDDR5X RAM paired with massive 1TB UFS 4.0 storage. The device features a 6.67-inch 1.5K 3D Curved AMOLED with 120Hz refresh rate, 1800 nits peak brightness and IP68 protection. For photography and videography, it houses a versatile camera system featuring a 200MP Samsung ISOCELL HP3 camera with OIS, 4x in-sensor lossless zoom, 8MP ultrawide, and 2MP macro lens. The smartphone is powered by a 5000mAh battery supporting 33W fast charging and 5W reverse wired charging. It operates on the latest OS release with enterprise-grade security updates and optimized thermal management.",45999,4.7,"The build quality feels high-end and comfortable to hold. Photos taken with the main lens are sharp with natural color tones. However, a fast wall adapter is not included inside the box."
420.0,Electronics,Samsung,Galaxy A35 5G,Phantom Black,"The Samsung Galaxy A35 5G is a high-performance budget mid-range smartphone designed for modern mobile users. It is powered by the Qualcomm Snapdragon 6 Gen 1 processor paired with LPDDR5 RAM and UFS 3.1 high-speed storage. The device features a 6.8-inch QHD+ 120Hz Dynamic AMOLED 2X display with 2600 nits peak brightness and Gorilla Armor. For photography and videography, it houses a versatile camera system featuring a 200MP OIS primary sensor, 50MP periscope telephoto with 5x optical zoom, 10MP 3x telephoto, and 12MP ultrawide. The smartphone is powered by a 5000mAh battery with 45W wired fast charging, 15W wireless charging, and reverse wireless support. It operates on the latest OS release with enterprise-grade security updates and optimized thermal management.",27999,4.9,Incredible display clarity and high refresh rate make scrolling and gaming super smooth. Charging speed is amazingly fast. Though system software comes with a few preinstalled apps that require manual uninstalling.
421.0,Electronics,Samsung,Galaxy M55 5G,Titanium Gray,"The Samsung Galaxy M55 5G is a high-performance budget mid-range smartphone designed for modern mobile users. It is powered by the MediaTek Dimensity 7050 processor paired with LPDDR5X RAM paired with 256GB UFS 4.0 internal storage. The device features a 6.7-inch Super Retina XDR OLED display with ProMotion 120Hz adaptive refresh rate and outdoor peak 2000 nits. For photography and videography, it houses a versatile camera system featuring a 48MP main sensor with sensor-shift OIS, 12MP 5x tetraprism optical zoom telephoto, and 12MP ultrawide. The smartphone is powered by a 4422mAh battery with MagSafe 15W wireless charging and high efficiency battery optimization. It operates on the latest OS release with enterprise-grade security updates and optimized thermal management.",26999,4.5,Top-notch camera setup with exceptional portrait modes and zoom capability. Software runs smooth without any stutters. Keep in mind that there is no expandable microSD card slot or 3.5mm headphone jack.
422.0,Electronics,OnePlus,Nord 4 5G,Natural Titanium,"The OnePlus Nord 4 5G is a high-performance mid-range smartphone designed for modern mobile users. It is powered by the Exynos 1480 (4nm) processor paired with 12GB LPDDR5X ultra-fast RAM and 256GB UFS 4.0 storage. The device features a 6.7-inch Super Actua LTPO OLED display with 1-120Hz variable refresh rate and 2400 nits peak brightness. For photography and videography, it houses a versatile camera system featuring a 50MP primary camera with OIS, 48MP ultrawide with macro focus, and 48MP telephoto with 5x optical zoom. The smartphone is powered by a 5050mAh battery with 30W wired charging and 23W wireless charging capability. It operates on the latest OS release with enterprise-grade security updates and optimized thermal management.",32999,4.1,"Solid battery endurance paired with rapid charging. Handles demanding mobile titles without thermal throttling. However, the camera bump on the back is quite prominent."
423.0,Electronics,OnePlus,Nord CE 4 5G,Oasis Green,"The OnePlus Nord CE 4 5G is a high-performance budget mid-range smartphone designed for modern mobile users. It is powered by the Qualcomm Snapdragon 6 Gen 1 processor paired with 12GB LPDDR5X RAM with generous 512GB UFS 4.0 storage. The device features a 6.82-inch 2K 120Hz Curved LTPO AMOLED display with 4500 nits peak brightness and Dolby Vision. For photography and videography, it houses a versatile camera system featuring a 50MP Sony LYT-808 primary sensor, 64MP periscope telephoto (3x optical, 120x digital), and 48MP ultrawide with Hasselblad color tuning. The smartphone is powered by a 5400mAh dual-cell battery supported by 100W SUPERVOOC fast charging (0-100% in 26 mins) and 50W AIRVOOC wireless. It operates on the latest OS release with enterprise-grade security updates and optimized thermal management.",26999,4.0,"Sleek aesthetic design that turns heads. System software is intuitive, responsive, and packed with practical AI features. Though curved display edges occasionally trigger accidental palm touches."
424.0,Electronics,Redmi,Note 13 Pro+ 5G,Midnight Blue,"The Redmi Note 13 Pro+ 5G is a high-performance mid-range smartphone designed for modern mobile users. It is powered by the MediaTek Dimensity 7200 Pro processor paired with 16GB heavy-multitasking LPDDR5X RAM and 512GB UFS 4.0 storage. The device features a 6.78-inch 1.5K 144Hz 8T LTPO AMOLED display with 3000 nits brightness and 2160Hz PWM dimming. For photography and videography, it houses a versatile camera system featuring a 1-inch 50MP Sony LYT-900 primary camera with stepless variable aperture (f/1.63-f/4.0) co-engineered with Leica. The smartphone is powered by a 5000mAh graphite battery with 120W FlashCharge (0-100% in ~27 mins). It operates on the latest OS release with enterprise-grade security updates and optimized thermal management.",33999,4.0,"Extremely satisfied with the purchase! The camera quality is outstanding, especially in low light, and the battery comfortably lasts over a day. However, the phone is slightly heavy for single-handed use."
425.0,Electronics,Redmi,Note 13 Pro 5G,Sunset Orange,"The Redmi Note 13 Pro 5G is a high-performance budget mid-range smartphone designed for modern mobile users. It is powered by the Snapdragon 7s Gen 2 processor paired with 16GB flagship LPDDR5X RAM paired with massive 1TB UFS 4.0 storage. The device features a 6.67-inch 1.5K 120Hz CrystalRes AMOLED display with Dolby Vision and Gorilla Glass Victus. For photography and videography, it houses a versatile camera system featuring a 50MP 1-inch Sony IMX989 sensor with OIS, 50MP ZEISS APO Floating Telephoto with 4.3x optical zoom and ZEISS T* anti-reflective coating. The smartphone is powered by a 5500mAh dual-cell battery with 120W SUPERVOOC superfast charging. It operates on the latest OS release with enterprise-grade security updates and optimized thermal management.",28999,4.1,Blazing fast performance for daily multitasking and heavy gaming. The display is vibrant and easily readable under bright sunlight. Though the secondary ultrawide camera could be slightly better in low light.
426.0,Electronics,Redmi,Note 13 5G,Emerald Green,"The Redmi Note 13 5G is a high-performance budget smartphone designed for modern mobile users. It is powered by the MediaTek Dimensity 7300 5G processor paired with LPDDR5 RAM and UFS 3.1 high-speed storage. The device features a 6.7-inch 120Hz Flexible AMOLED screen with 1300 nits brightness and iconic transparent Glyph LED interface. For photography and videography, it houses a versatile camera system featuring a 50MP Sony LYT-808 main camera with OIS, 50MP telephoto portrait lens (2x optical zoom), and Next AI image processing. The smartphone is powered by a 5200mAh silicon-carbon high density battery with 100W wired and 66W wireless charging. It operates on the latest OS release with enterprise-grade security updates and optimized thermal management.",16999,4.2,"Great value for money smartphone in this price point. Clean UI experience and fast charging makes daily usage hassle-free. On the downside, charging speed could be slightly faster compared to rivals."
427.0,Electronics,Honor,200 Pro 5G,Starlight Silver,"The Honor 200 Pro 5G is a high-performance upper mid-range smartphone designed for modern mobile users. It is powered by the Qualcomm Snapdragon 7+ Gen 3 processor paired with LPDDR5X RAM paired with 256GB UFS 4.0 internal storage. The device features a 6.6-inch FHD+ 120Hz Super AMOLED display with Knox Vault security and Vision Booster. For photography and videography, it houses a versatile camera system featuring a 50MP primary sensor with OIS, 50MP ultrawide with macro mode, and 64MP periscope telephoto with 3x optical zoom. The smartphone is powered by a 5500mAh heavy-duty battery with 100W SUPERVOOC charging maintaining health over 4 years. It operates on the latest OS release with enterprise-grade security updates and optimized thermal management.",61999,4.6,"The build quality feels high-end and comfortable to hold. Photos taken with the main lens are sharp with natural color tones. However, a fast wall adapter is not included inside the box."
428.0,Electronics,Honor,200 5G,Glacier White,"The Honor 200 5G is a high-performance mid-range smartphone designed for modern mobile users. It is powered by the Exynos 1480 (4nm) processor paired with 12GB LPDDR5X ultra-fast RAM and 256GB UFS 4.0 storage. The device features a 6.74-inch 1.5K 120Hz Ultra Clear AMOLED with Aqua Touch wet-finger technology and 2150 nits brightness. For photography and videography, it houses a versatile camera system featuring a Dual 50MP rear camera sensors (Primary OIS + 114-degree Ultrawide) powered by Ultra XDR photography engine. The smartphone is powered by a 5000mAh battery with 90W Turbo Charge support included in the box. It operates on the latest OS release with enterprise-grade security updates and optimized thermal management.",37999,4.9,Incredible display clarity and high refresh rate make scrolling and gaming super smooth. Charging speed is amazingly fast. Though system software comes with a few preinstalled apps that require manual uninstalling.
429.0,Electronics,Nothing,CMF by  Phone 1,Asteroid Black,"The CMF by Nothing Phone 1 is a high-performance budget smartphone designed for modern mobile users. It is powered by the MediaTek Dimensity 7300 5G processor paired with 12GB LPDDR5X RAM with generous 512GB UFS 4.0 storage. The device features a 6.67-inch 1.5K 3D Curved AMOLED with 120Hz refresh rate, 1800 nits peak brightness and IP68 protection. For photography and videography, it houses a versatile camera system featuring a 200MP Samsung ISOCELL HP3 camera with OIS, 4x in-sensor lossless zoom, 8MP ultrawide, and 2MP macro lens. The smartphone is powered by a 5000mAh battery supporting 33W fast charging and 5W reverse wired charging. It operates on the latest OS release with enterprise-grade security updates and optimized thermal management.",17999,4.8,Top-notch camera setup with exceptional portrait modes and zoom capability. Software runs smooth without any stutters. Keep in mind that there is no expandable microSD card slot or 3.5mm headphone jack.
430.0,Electronics,Realme,12 Pro+ 5G,Ocean Cyan,"The Realme 12 Pro+ 5G is a high-performance mid-range smartphone designed for modern mobile users. It is powered by the MediaTek Dimensity 7200 Pro processor paired with 16GB heavy-multitasking LPDDR5X RAM and 512GB UFS 4.0 storage. The device features a 6.8-inch QHD+ 120Hz Dynamic AMOLED 2X display with 2600 nits peak brightness and Gorilla Armor. For photography and videography, it houses a versatile camera system featuring a 200MP OIS primary sensor, 50MP periscope telephoto with 5x optical zoom, 10MP 3x telephoto, and 12MP ultrawide. The smartphone is powered by a 5000mAh battery with 45W wired fast charging, 15W wireless charging, and reverse wireless support. It operates on the latest OS release with enterprise-grade security updates and optimized thermal management.",31999,4.5,"Solid battery endurance paired with rapid charging. Handles demanding mobile titles without thermal throttling. However, the camera bump on the back is quite prominent."
431.0,Electronics,Realme,P1 Pro 5G,Peach Fuzz,"The Realme P1 Pro 5G is a high-performance budget smartphone designed for modern mobile users. It is powered by the MediaTek Dimensity 6080 processor paired with 16GB flagship LPDDR5X RAM paired with massive 1TB UFS 4.0 storage. The device features a 6.7-inch Super Retina XDR OLED display with ProMotion 120Hz adaptive refresh rate and outdoor peak 2000 nits. For photography and videography, it houses a versatile camera system featuring a 48MP main sensor with sensor-shift OIS, 12MP 5x tetraprism optical zoom telephoto, and 12MP ultrawide. The smartphone is powered by a 4422mAh battery with MagSafe 15W wireless charging and high efficiency battery optimization. It operates on the latest OS release with enterprise-grade security updates and optimized thermal management.",22999,4.1,"Sleek aesthetic design that turns heads. System software is intuitive, responsive, and packed with practical AI features. Though curved display edges occasionally trigger accidental palm touches."
432.0,Electronics,Vivo,T3 Pro 5G,Phantom Black,"The Vivo T3 Pro 5G is a high-performance budget mid-range smartphone designed for modern mobile users. It is powered by the Qualcomm Snapdragon 6 Gen 1 processor paired with LPDDR5 RAM and UFS 3.1 high-speed storage. The device features a 6.7-inch Super Actua LTPO OLED display with 1-120Hz variable refresh rate and 2400 nits peak brightness. For photography and videography, it houses a versatile camera system featuring a 50MP primary camera with OIS, 48MP ultrawide with macro focus, and 48MP telephoto with 5x optical zoom. The smartphone is powered by a 5050mAh battery with 30W wired charging and 23W wireless charging capability. It operates on the latest OS release with enterprise-grade security updates and optimized thermal management.",24999,4.7,"Extremely satisfied with the purchase! The camera quality is outstanding, especially in low light, and the battery comfortably lasts over a day. However, the phone is slightly heavy for single-handed use."
433.0,Electronics,iQOO,Z9 Turbo 5G,Titanium Gray,"The iQOO Z9 Turbo 5G is a high-performance budget mid-range smartphone designed for modern mobile users. It is powered by the MediaTek Dimensity 7050 processor paired with LPDDR5X RAM paired with 256GB UFS 4.0 internal storage. The device features a 6.82-inch 2K 120Hz Curved LTPO AMOLED display with 4500 nits peak brightness and Dolby Vision. For photography and videography, it houses a versatile camera system featuring a 50MP Sony LYT-808 primary sensor, 64MP periscope telephoto (3x optical, 120x digital), and 48MP ultrawide with Hasselblad color tuning. The smartphone is powered by a 5400mAh dual-cell battery supported by 100W SUPERVOOC fast charging (0-100% in 26 mins) and 50W AIRVOOC wireless. It operates on the latest OS release with enterprise-grade security updates and optimized thermal management.",23999,4.5,Blazing fast performance for daily multitasking and heavy gaming. The display is vibrant and easily readable under bright sunlight. Though the secondary ultrawide camera could be slightly better in low light.
434.0,Electronics,Samsung,Galaxy Z Fold 5 5G,Natural Titanium,"The Samsung Galaxy Z Fold 5 5G is a high-performance foldable flagship smartphone designed for modern mobile users. It is powered by the MediaTek Dimensity 9000+ processor paired with 12GB LPDDR5X ultra-fast RAM and 256GB UFS 4.0 storage. The device features a 6.78-inch 1.5K 144Hz 8T LTPO AMOLED display with 3000 nits brightness and 2160Hz PWM dimming. For photography and videography, it houses a versatile camera system featuring a 1-inch 50MP Sony LYT-900 primary camera with stepless variable aperture (f/1.63-f/4.0) co-engineered with Leica. The smartphone is powered by a 5000mAh graphite battery with 120W FlashCharge (0-100% in ~27 mins). It operates on the latest OS release with enterprise-grade security updates and optimized thermal management.",164999,4.6,"Great value for money smartphone in this price point. Clean UI experience and fast charging makes daily usage hassle-free. On the downside, charging speed could be slightly faster compared to rivals."
435.0,Electronics,Samsung,Galaxy Z Flip 5 5G,Oasis Green,"The Samsung Galaxy Z Flip 5 5G is a high-performance foldable flagship smartphone designed for modern mobile users. It is powered by the Qualcomm Snapdragon 8 Gen 3 processor paired with 12GB LPDDR5X RAM with generous 512GB UFS 4.0 storage. The device features a 6.67-inch 1.5K 120Hz CrystalRes AMOLED display with Dolby Vision and Gorilla Glass Victus. For photography and videography, it houses a versatile camera system featuring a 50MP 1-inch Sony IMX989 sensor with OIS, 50MP ZEISS APO Floating Telephoto with 4.3x optical zoom and ZEISS T* anti-reflective coating. The smartphone is powered by a 5500mAh dual-cell battery with 120W SUPERVOOC superfast charging. It operates on the latest OS release with enterprise-grade security updates and optimized thermal management.",109999,4.7,"The build quality feels high-end and comfortable to hold. Photos taken with the main lens are sharp with natural color tones. However, a fast wall adapter is not included inside the box."
436.0,Electronics,Motorola,Razr 50 Ultra 5G,Midnight Blue,"The Motorola Razr 50 Ultra 5G is a high-performance foldable flagship smartphone designed for modern mobile users. It is powered by the Qualcomm Snapdragon 8 Gen 2 processor paired with 16GB heavy-multitasking LPDDR5X RAM and 512GB UFS 4.0 storage. The device features a 6.7-inch 120Hz Flexible AMOLED screen with 1300 nits brightness and iconic transparent Glyph LED interface. For photography and videography, it houses a versatile camera system featuring a 50MP Sony LYT-808 main camera with OIS, 50MP telephoto portrait lens (2x optical zoom), and Next AI image processing. The smartphone is powered by a 5200mAh silicon-carbon high density battery with 100W wired and 66W wireless charging. It operates on the latest OS release with enterprise-grade security updates and optimized thermal management.",94999,4.3,Incredible display clarity and high refresh rate make scrolling and gaming super smooth. Charging speed is amazingly fast. Though system software comes with a few preinstalled apps that require manual uninstalling.
437.0,Electronics,Tecno,Phantom V Fold 5G,Sunset Orange,"The Tecno Phantom V Fold 5G is a high-performance foldable flagship smartphone designed for modern mobile users. It is powered by the MediaTek Dimensity 9000+ processor paired with 16GB flagship LPDDR5X RAM paired with massive 1TB UFS 4.0 storage. The device features a 6.6-inch FHD+ 120Hz Super AMOLED display with Knox Vault security and Vision Booster. For photography and videography, it houses a versatile camera system featuring a 50MP primary sensor with OIS, 50MP ultrawide with macro mode, and 64MP periscope telephoto with 3x optical zoom. The smartphone is powered by a 5500mAh heavy-duty battery with 100W SUPERVOOC charging maintaining health over 4 years. It operates on the latest OS release with enterprise-grade security updates and optimized thermal management.",79999,4.0,Top-notch camera setup with exceptional portrait modes and zoom capability. Software runs smooth without any stutters. Keep in mind that there is no expandable microSD card slot or 3.5mm headphone jack.
438.0,Electronics,Tecno,Phantom V Flip 5G,Emerald Green,"The Tecno Phantom V Flip 5G is a high-performance foldable mid-range smartphone designed for modern mobile users. It is powered by the MediaTek Dimensity 8050 5G processor paired with LPDDR5 RAM and UFS 3.1 high-speed storage. The device features a 6.74-inch 1.5K 120Hz Ultra Clear AMOLED with Aqua Touch wet-finger technology and 2150 nits brightness. For photography and videography, it houses a versatile camera system featuring a Dual 50MP rear camera sensors (Primary OIS + 114-degree Ultrawide) powered by Ultra XDR photography engine. The smartphone is powered by a 5000mAh battery with 90W Turbo Charge support included in the box. It operates on the latest OS release with enterprise-grade security updates and optimized thermal management.",49999,4.3,"Solid battery endurance paired with rapid charging. Handles demanding mobile titles without thermal throttling. However, the camera bump on the back is quite prominent."
439.0,Electronics,ASUS,ROG Phone 8 Pro 5G,Starlight Silver,"The Asus ROG Phone 8 Pro 5G is a high-performance gaming flagship smartphone designed for modern mobile users. It is powered by the Qualcomm Snapdragon 8 Gen 3 with dedicated GameCool vapour cooling processor paired with LPDDR5X RAM paired with 256GB UFS 4.0 internal storage. The device features a 6.67-inch 1.5K 3D Curved AMOLED with 120Hz refresh rate, 1800 nits peak brightness and IP68 protection. For photography and videography, it houses a versatile camera system featuring a 200MP Samsung ISOCELL HP3 camera with OIS, 4x in-sensor lossless zoom, 8MP ultrawide, and 2MP macro lens. The smartphone is powered by a 5000mAh battery supporting 33W fast charging and 5W reverse wired charging. It operates on the latest OS release with enterprise-grade security updates and optimized thermal management.",99999,4.5,"Sleek aesthetic design that turns heads. System software is intuitive, responsive, and packed with practical AI features. Though curved display edges occasionally trigger accidental palm touches."
440.0,Electronics,ASUS,ROG Phone 8 5G,Glacier White,"The Asus ROG Phone 8 5G is a high-performance gaming flagship smartphone designed for modern mobile users. It is powered by the Qualcomm Snapdragon 8 Gen 3 with dedicated GameCool vapour cooling processor paired with 12GB LPDDR5X ultra-fast RAM and 256GB UFS 4.0 storage. The device features a 6.8-inch QHD+ 120Hz Dynamic AMOLED 2X display with 2600 nits peak brightness and Gorilla Armor. For photography and videography, it houses a versatile camera system featuring a 200MP OIS primary sensor, 50MP periscope telephoto with 5x optical zoom, 10MP 3x telephoto, and 12MP ultrawide. The smartphone is powered by a 5000mAh battery with 45W wired fast charging, 15W wireless charging, and reverse wireless support. It operates on the latest OS release with enterprise-grade security updates and optimized thermal management.",84999,4.6,"Extremely satisfied with the purchase! The camera quality is outstanding, especially in low light, and the battery comfortably lasts over a day. However, the phone is slightly heavy for single-handed use."
441.0,Electronics,Samsung,Galaxy S24 Ultra,Asteroid Black,"The Samsung Galaxy S24 Ultra is a high-performance flagship smartphone designed for modern mobile users. It is powered by the Apple A17 Pro (3nm) processor paired with 12GB LPDDR5X RAM with generous 512GB UFS 4.0 storage. The device features a 6.7-inch Super Retina XDR OLED display with ProMotion 120Hz adaptive refresh rate and outdoor peak 2000 nits. For photography and videography, it houses a versatile camera system featuring a 48MP main sensor with sensor-shift OIS, 12MP 5x tetraprism optical zoom telephoto, and 12MP ultrawide. The smartphone is powered by a 4422mAh battery with MagSafe 15W wireless charging and high efficiency battery optimization. It operates on the latest OS release with enterprise-grade security updates and optimized thermal management.",139999,4.9,Blazing fast performance for daily multitasking and heavy gaming. The display is vibrant and easily readable under bright sunlight. Though the secondary ultrawide camera could be slightly better in low light.
442.0,Electronics,Samsung,Galaxy S24 Plus,Ocean Cyan,"The Samsung Galaxy S24 Plus is a high-performance flagship smartphone designed for modern mobile users. It is powered by the Google Tensor G3 processor paired with 16GB heavy-multitasking LPDDR5X RAM and 512GB UFS 4.0 storage. The device features a 6.7-inch Super Actua LTPO OLED display with 1-120Hz variable refresh rate and 2400 nits peak brightness. For photography and videography, it houses a versatile camera system featuring a 50MP primary camera with OIS, 48MP ultrawide with macro focus, and 48MP telephoto with 5x optical zoom. The smartphone is powered by a 5050mAh battery with 30W wired charging and 23W wireless charging capability. It operates on the latest OS release with enterprise-grade security updates and optimized thermal management.",109999,4.5,"Great value for money smartphone in this price point. Clean UI experience and fast charging makes daily usage hassle-free. On the downside, charging speed could be slightly faster compared to rivals."
443.0,Electronics,Samsung,Galaxy S24,Peach Fuzz,"The Samsung Galaxy S24 is a high-performance flagship smartphone designed for modern mobile users. It is powered by the MediaTek Dimensity 9300 processor paired with 16GB flagship LPDDR5X RAM paired with massive 1TB UFS 4.0 storage. The device features a 6.82-inch 2K 120Hz Curved LTPO AMOLED display with 4500 nits peak brightness and Dolby Vision. For photography and videography, it houses a versatile camera system featuring a 50MP Sony LYT-808 primary sensor, 64MP periscope telephoto (3x optical, 120x digital), and 48MP ultrawide with Hasselblad color tuning. The smartphone is powered by a 5400mAh dual-cell battery supported by 100W SUPERVOOC fast charging (0-100% in 26 mins) and 50W AIRVOOC wireless. It operates on the latest OS release with enterprise-grade security updates and optimized thermal management.",89999,4.1,"The build quality feels high-end and comfortable to hold. Photos taken with the main lens are sharp with natural color tones. However, a fast wall adapter is not included inside the box."
444.0,Electronics,Apple,iPhone 15 Pro Max,Phantom Black,"The Apple iPhone 15 Pro Max is a high-performance flagship smartphone designed for modern mobile users. It is powered by the Qualcomm Snapdragon 8 Gen 3 processor paired with LPDDR5 RAM and UFS 3.1 high-speed storage. The device features a 6.78-inch 1.5K 144Hz 8T LTPO AMOLED display with 3000 nits brightness and 2160Hz PWM dimming. For photography and videography, it houses a versatile camera system featuring a 1-inch 50MP Sony LYT-900 primary camera with stepless variable aperture (f/1.63-f/4.0) co-engineered with Leica. The smartphone is powered by a 5000mAh graphite battery with 120W FlashCharge (0-100% in ~27 mins). It operates on the latest OS release with enterprise-grade security updates and optimized thermal management.",159900,4.4,Incredible display clarity and high refresh rate make scrolling and gaming super smooth. Charging speed is amazingly fast. Though system software comes with a few preinstalled apps that require manual uninstalling.
445.0,Electronics,Apple,iPhone 15 Pro,Titanium Gray,"The Apple iPhone 15 Pro is a high-performance flagship smartphone designed for modern mobile users. It is powered by the Apple A17 Pro (3nm) processor paired with LPDDR5X RAM paired with 256GB UFS 4.0 internal storage. The device features a 6.67-inch 1.5K 120Hz CrystalRes AMOLED display with Dolby Vision and Gorilla Glass Victus. For photography and videography, it houses a versatile camera system featuring a 50MP 1-inch Sony IMX989 sensor with OIS, 50MP ZEISS APO Floating Telephoto with 4.3x optical zoom and ZEISS T* anti-reflective coating. The smartphone is powered by a 5500mAh dual-cell battery with 120W SUPERVOOC superfast charging. It operates on the latest OS release with enterprise-grade security updates and optimized thermal management.",144900,4.5,Top-notch camera setup with exceptional portrait modes and zoom capability. Software runs smooth without any stutters. Keep in mind that there is no expandable microSD card slot or 3.5mm headphone jack.
446.0,Electronics,Apple,iPhone 15 Plus,Natural Titanium,"The Apple iPhone 15 Plus is a high-performance flagship smartphone designed for modern mobile users. It is powered by the Google Tensor G3 processor paired with 12GB LPDDR5X ultra-fast RAM and 256GB UFS 4.0 storage. The device features a 6.7-inch 120Hz Flexible AMOLED screen with 1300 nits brightness and iconic transparent Glyph LED interface. For photography and videography, it houses a versatile camera system featuring a 50MP Sony LYT-808 main camera with OIS, 50MP telephoto portrait lens (2x optical zoom), and Next AI image processing. The smartphone is powered by a 5200mAh silicon-carbon high density battery with 100W wired and 66W wireless charging. It operates on the latest OS release with enterprise-grade security updates and optimized thermal management.",99900,4.0,"Solid battery endurance paired with rapid charging. Handles demanding mobile titles without thermal throttling. However, the camera bump on the back is quite prominent."
447.0,Electronics,Apple,iPhone 15,Oasis Green,"The Apple iPhone 15 is a high-performance flagship smartphone designed for modern mobile users. It is powered by the MediaTek Dimensity 9300 processor paired with 12GB LPDDR5X RAM with generous 512GB UFS 4.0 storage. The device features a 6.6-inch FHD+ 120Hz Super AMOLED display with Knox Vault security and Vision Booster. For photography and videography, it houses a versatile camera system featuring a 50MP primary sensor with OIS, 50MP ultrawide with macro mode, and 64MP periscope telephoto with 3x optical zoom. The smartphone is powered by a 5500mAh heavy-duty battery with 100W SUPERVOOC charging maintaining health over 4 years. It operates on the latest OS release with enterprise-grade security updates and optimized thermal management.",89900,4.0,"Sleek aesthetic design that turns heads. System software is intuitive, responsive, and packed with practical AI features. Though curved display edges occasionally trigger accidental palm touches."
448.0,Electronics,Google,Pixel 8 Pro,Midnight Blue,"The Google Pixel 8 Pro is a high-performance flagship smartphone designed for modern mobile users. It is powered by the Qualcomm Snapdragon 8 Gen 3 processor paired with 16GB heavy-multitasking LPDDR5X RAM and 512GB UFS 4.0 storage. The device features a 6.74-inch 1.5K 120Hz Ultra Clear AMOLED with Aqua Touch wet-finger technology and 2150 nits brightness. For photography and videography, it houses a versatile camera system featuring a Dual 50MP rear camera sensors (Primary OIS + 114-degree Ultrawide) powered by Ultra XDR photography engine. The smartphone is powered by a 5000mAh battery with 90W Turbo Charge support included in the box. It operates on the latest OS release with enterprise-grade security updates and optimized thermal management.",113999,4.5,"Extremely satisfied with the purchase! The camera quality is outstanding, especially in low light, and the battery comfortably lasts over a day. However, the phone is slightly heavy for single-handed use."
449.0,Electronics,Google,Pixel 8a,Sunset Orange,"The Google Pixel 8a is a high-performance mid-range smartphone designed for modern mobile users. It is powered by the Exynos 1480 (4nm) processor paired with 16GB flagship LPDDR5X RAM paired with massive 1TB UFS 4.0 storage. The device features a 6.67-inch 1.5K 3D Curved AMOLED with 120Hz refresh rate, 1800 nits peak brightness and IP68 protection. For photography and videography, it houses a versatile camera system featuring a 200MP Samsung ISOCELL HP3 camera with OIS, 4x in-sensor lossless zoom, 8MP ultrawide, and 2MP macro lens. The smartphone is powered by a 5000mAh battery supporting 33W fast charging and 5W reverse wired charging. It operates on the latest OS release with enterprise-grade security updates and optimized thermal management.",64999,4.7,Blazing fast performance for daily multitasking and heavy gaming. The display is vibrant and easily readable under bright sunlight. Though the secondary ultrawide camera could be slightly better in low light.
450.0,Electronics,OnePlus,12 5G,Emerald Green,"The OnePlus 12 5G is a high-performance flagship smartphone designed for modern mobile users. It is powered by the Google Tensor G3 processor paired with LPDDR5 RAM and UFS 3.1 high-speed storage. The device features a 6.8-inch QHD+ 120Hz Dynamic AMOLED 2X display with 2600 nits peak brightness and Gorilla Armor. For photography and videography, it houses a versatile camera system featuring a 200MP OIS primary sensor, 50MP periscope telephoto with 5x optical zoom, 10MP 3x telephoto, and 12MP ultrawide. The smartphone is powered by a 5000mAh battery with 45W wired fast charging, 15W wireless charging, and reverse wireless support. It operates on the latest OS release with enterprise-grade security updates and optimized thermal management.",64999,4.4,"Great value for money smartphone in this price point. Clean UI experience and fast charging makes daily usage hassle-free. On the downside, charging speed could be slightly faster compared to rivals."
451.0,Electronics,OnePlus,12R 5G,Starlight Silver,"The OnePlus 12R 5G is a high-performance upper mid-range smartphone designed for modern mobile users. It is powered by the Qualcomm Snapdragon 7+ Gen 3 processor paired with LPDDR5X RAM paired with 256GB UFS 4.0 internal storage. The device features a 6.7-inch Super Retina XDR OLED display with ProMotion 120Hz adaptive refresh rate and outdoor peak 2000 nits. For photography and videography, it houses a versatile camera system featuring a 48MP main sensor with sensor-shift OIS, 12MP 5x tetraprism optical zoom telephoto, and 12MP ultrawide. The smartphone is powered by a 4422mAh battery with MagSafe 15W wireless charging and high efficiency battery optimization. It operates on the latest OS release with enterprise-grade security updates and optimized thermal management.",42999,4.1,"The build quality feels high-end and comfortable to hold. Photos taken with the main lens are sharp with natural color tones. However, a fast wall adapter is not included inside the box."
452.0,Electronics,Xiaomi,14 Ultra 5G,Glacier White,"The Xiaomi 14 Ultra 5G is a high-performance flagship smartphone designed for modern mobile users. It is powered by the Qualcomm Snapdragon 8 Gen 3 processor paired with 12GB LPDDR5X ultra-fast RAM and 256GB UFS 4.0 storage. The device features a 6.7-inch Super Actua LTPO OLED display with 1-120Hz variable refresh rate and 2400 nits peak brightness. For photography and videography, it houses a versatile camera system featuring a 50MP primary camera with OIS, 48MP ultrawide with macro focus, and 48MP telephoto with 5x optical zoom. The smartphone is powered by a 5050mAh battery with 30W wired charging and 23W wireless charging capability. It operates on the latest OS release with enterprise-grade security updates and optimized thermal management.",109999,4.5,Incredible display clarity and high refresh rate make scrolling and gaming super smooth. Charging speed is amazingly fast. Though system software comes with a few preinstalled apps that require manual uninstalling.
453.0,Electronics,Xiaomi,14 Civi,Asteroid Black,"The Xiaomi 14 Civi is a high-performance upper mid-range smartphone designed for modern mobile users. It is powered by the Qualcomm Snapdragon 8s Gen 3 processor paired with 12GB LPDDR5X RAM with generous 512GB UFS 4.0 storage. The device features a 6.82-inch 2K 120Hz Curved LTPO AMOLED display with 4500 nits peak brightness and Dolby Vision. For photography and videography, it houses a versatile camera system featuring a 50MP Sony LYT-808 primary sensor, 64MP periscope telephoto (3x optical, 120x digital), and 48MP ultrawide with Hasselblad color tuning. The smartphone is powered by a 5400mAh dual-cell battery supported by 100W SUPERVOOC fast charging (0-100% in 26 mins) and 50W AIRVOOC wireless. It operates on the latest OS release with enterprise-grade security updates and optimized thermal management.",47999,4.7,Top-notch camera setup with exceptional portrait modes and zoom capability. Software runs smooth without any stutters. Keep in mind that there is no expandable microSD card slot or 3.5mm headphone jack.
454.0,Electronics,Vivo,X100 Pro 5G,Ocean Cyan,"The Vivo X100 Pro 5G is a high-performance flagship smartphone designed for modern mobile users. It is powered by the Google Tensor G3 processor paired with 16GB heavy-multitasking LPDDR5X RAM and 512GB UFS 4.0 storage. The device features a 6.78-inch 1.5K 144Hz 8T LTPO AMOLED display with 3000 nits brightness and 2160Hz PWM dimming. For photography and videography, it houses a versatile camera system featuring a 1-inch 50MP Sony LYT-900 primary camera with stepless variable aperture (f/1.63-f/4.0) co-engineered with Leica. The smartphone is powered by a 5000mAh graphite battery with 120W FlashCharge (0-100% in ~27 mins). It operates on the latest OS release with enterprise-grade security updates and optimized thermal management.",94999,4.0,"Solid battery endurance paired with rapid charging. Handles demanding mobile titles without thermal throttling. However, the camera bump on the back is quite prominent."
455.0,Electronics,Vivo,V30 Pro 5G,Peach Fuzz,"The Vivo V30 Pro 5G is a high-performance mid-range smartphone designed for modern mobile users. It is powered by the Exynos 1480 (4nm) processor paired with 16GB flagship LPDDR5X RAM paired with massive 1TB UFS 4.0 storage. The device features a 6.67-inch 1.5K 120Hz CrystalRes AMOLED display with Dolby Vision and Gorilla Glass Victus. For photography and videography, it houses a versatile camera system featuring a 50MP 1-inch Sony IMX989 sensor with OIS, 50MP ZEISS APO Floating Telephoto with 4.3x optical zoom and ZEISS T* anti-reflective coating. The smartphone is powered by a 5500mAh dual-cell battery with 120W SUPERVOOC superfast charging. It operates on the latest OS release with enterprise-grade security updates and optimized thermal management.",49999,4.0,"Sleek aesthetic design that turns heads. System software is intuitive, responsive, and packed with practical AI features. Though curved display edges occasionally trigger accidental palm touches."
456.0,Electronics,iQOO,12 5G,Phantom Black,"The iQOO 12 5G is a high-performance performance flagship smartphone designed for modern mobile users. It is powered by the Qualcomm Snapdragon 8 Gen 3 processor paired with LPDDR5 RAM and UFS 3.1 high-speed storage. The device features a 6.7-inch 120Hz Flexible AMOLED screen with 1300 nits brightness and iconic transparent Glyph LED interface. For photography and videography, it houses a versatile camera system featuring a 50MP Sony LYT-808 main camera with OIS, 50MP telephoto portrait lens (2x optical zoom), and Next AI image processing. The smartphone is powered by a 5200mAh silicon-carbon high density battery with 100W wired and 66W wireless charging. It operates on the latest OS release with enterprise-grade security updates and optimized thermal management.",52999,4.6,"Extremely satisfied with the purchase! The camera quality is outstanding, especially in low light, and the battery comfortably lasts over a day. However, the phone is slightly heavy for single-handed use."
457.0,Electronics,iQOO,Neo 9 Pro 5G,Titanium Gray,"The iQOO Neo 9 Pro 5G is a high-performance performance mid-range smartphone designed for modern mobile users. It is powered by the Qualcomm Snapdragon 7+ Gen 3 processor paired with LPDDR5X RAM paired with 256GB UFS 4.0 internal storage. The device features a 6.6-inch FHD+ 120Hz Super AMOLED display with Knox Vault security and Vision Booster. For photography and videography, it houses a versatile camera system featuring a 50MP primary sensor with OIS, 50MP ultrawide with macro mode, and 64MP periscope telephoto with 3x optical zoom. The smartphone is powered by a 5500mAh heavy-duty battery with 100W SUPERVOOC charging maintaining health over 4 years. It operates on the latest OS release with enterprise-grade security updates and optimized thermal management.",37999,4.5,Blazing fast performance for daily multitasking and heavy gaming. The display is vibrant and easily readable under bright sunlight. Though the secondary ultrawide camera could be slightly better in low light.
458.0,Electronics,Realme,GT 6 5G,Natural Titanium,"The Realme GT 6 5G is a high-performance upper mid-range smartphone designed for modern mobile users. It is powered by the MediaTek Dimensity 8300 Ultra processor paired with 12GB LPDDR5X ultra-fast RAM and 256GB UFS 4.0 storage. The device features a 6.74-inch 1.5K 120Hz Ultra Clear AMOLED with Aqua Touch wet-finger technology and 2150 nits brightness. For photography and videography, it houses a versatile camera system featuring a Dual 50MP rear camera sensors (Primary OIS + 114-degree Ultrawide) powered by Ultra XDR photography engine. The smartphone is powered by a 5000mAh battery with 90W Turbo Charge support included in the box. It operates on the latest OS release with enterprise-grade security updates and optimized thermal management.",42999,4.4,"Great value for money smartphone in this price point. Clean UI experience and fast charging makes daily usage hassle-free. On the downside, charging speed could be slightly faster compared to rivals."
459.0,Electronics,Realme,GT 6T 5G,Oasis Green,"The Realme GT 6T 5G is a high-performance mid-range smartphone designed for modern mobile users. It is powered by the Qualcomm Snapdragon 7 Gen 3 processor paired with 12GB LPDDR5X RAM with generous 512GB UFS 4.0 storage. The device features a 6.67-inch 1.5K 3D Curved AMOLED with 120Hz refresh rate, 1800 nits peak brightness and IP68 protection. For photography and videography, it houses a versatile camera system featuring a 200MP Samsung ISOCELL HP3 camera with OIS, 4x in-sensor lossless zoom, 8MP ultrawide, and 2MP macro lens. The smartphone is powered by a 5000mAh battery supporting 33W fast charging and 5W reverse wired charging. It operates on the latest OS release with enterprise-grade security updates and optimized thermal management.",32999,4.2,"The build quality feels high-end and comfortable to hold. Photos taken with the main lens are sharp with natural color tones. However, a fast wall adapter is not included inside the box."
460.0,Electronics,Motorola,Edge 50 Ultra,Midnight Blue,"The Motorola Edge 50 Ultra is a high-performance flagship smartphone designed for modern mobile users. It is powered by the Qualcomm Snapdragon 8 Gen 3 processor paired with 16GB heavy-multitasking LPDDR5X RAM and 512GB UFS 4.0 storage. The device features a 6.8-inch QHD+ 120Hz Dynamic AMOLED 2X display with 2600 nits peak brightness and Gorilla Armor. For photography and videography, it houses a versatile camera system featuring a 200MP OIS primary sensor, 50MP periscope telephoto with 5x optical zoom, 10MP 3x telephoto, and 12MP ultrawide. The smartphone is powered by a 5000mAh battery with 45W wired fast charging, 15W wireless charging, and reverse wireless support. It operates on the latest OS release with enterprise-grade security updates and optimized thermal management.",64999,4.4,Incredible display clarity and high refresh rate make scrolling and gaming super smooth. Charging speed is amazingly fast. Though system software comes with a few preinstalled apps that require manual uninstalling.
461.0,Electronics,Motorola,Edge 50 Pro,Sunset Orange,"The Motorola Edge 50 Pro is a high-performance mid-range smartphone designed for modern mobile users. It is powered by the Exynos 1480 (4nm) processor paired with 16GB flagship LPDDR5X RAM paired with massive 1TB UFS 4.0 storage. The device features a 6.7-inch Super Retina XDR OLED display with ProMotion 120Hz adaptive refresh rate and outdoor peak 2000 nits. For photography and videography, it houses a versatile camera system featuring a 48MP main sensor with sensor-shift OIS, 12MP 5x tetraprism optical zoom telephoto, and 12MP ultrawide. The smartphone is powered by a 4422mAh battery with MagSafe 15W wireless charging and high efficiency battery optimization. It operates on the latest OS release with enterprise-grade security updates and optimized thermal management.",38999,4.0,Top-notch camera setup with exceptional portrait modes and zoom capability. Software runs smooth without any stutters. Keep in mind that there is no expandable microSD card slot or 3.5mm headphone jack.
462.0,Electronics,Motorola,Edge 50 Fusion,Emerald Green,"The Motorola Edge 50 Fusion is a high-performance budget mid-range smartphone designed for modern mobile users. It is powered by the Qualcomm Snapdragon 6 Gen 1 processor paired with LPDDR5 RAM and UFS 3.1 high-speed storage. The device features a 6.7-inch Super Actua LTPO OLED display with 1-120Hz variable refresh rate and 2400 nits peak brightness. For photography and videography, it houses a versatile camera system featuring a 50MP primary camera with OIS, 48MP ultrawide with macro focus, and 48MP telephoto with 5x optical zoom. The smartphone is powered by a 5050mAh battery with 30W wired charging and 23W wireless charging capability. It operates on the latest OS release with enterprise-grade security updates and optimized thermal management.",22999,4.0,"Solid battery endurance paired with rapid charging. Handles demanding mobile titles without thermal throttling. However, the camera bump on the back is quite prominent."
463.0,Electronics,Nothing,Phone,2,"The Nothing Phone (2) is a high-performance upper mid-range smartphone designed for modern mobile users. It is powered by the Qualcomm Snapdragon 7+ Gen 3 processor paired with LPDDR5X RAM paired with 256GB UFS 4.0 internal storage. The device features a 6.82-inch 2K 120Hz Curved LTPO AMOLED display with 4500 nits peak brightness and Dolby Vision. For photography and videography, it houses a versatile camera system featuring a 50MP Sony LYT-808 primary sensor, 64MP periscope telephoto (3x optical, 120x digital), and 48MP ultrawide with Hasselblad color tuning. The smartphone is powered by a 5400mAh dual-cell battery supported by 100W SUPERVOOC fast charging (0-100% in 26 mins) and 50W AIRVOOC wireless. It operates on the latest OS release with enterprise-grade security updates and optimized thermal management.",39999,4.3,"Sleek aesthetic design that turns heads. System software is intuitive, responsive, and packed with practical AI features. Though curved display edges occasionally trigger accidental palm touches."
464.0,Electronics,Nothing,Phone,2a,"The Nothing Phone (2a) is a high-performance budget mid-range smartphone designed for modern mobile users. It is powered by the Snapdragon 7s Gen 2 processor paired with 12GB LPDDR5X ultra-fast RAM and 256GB UFS 4.0 storage. The device features a 6.78-inch 1.5K 144Hz 8T LTPO AMOLED display with 3000 nits brightness and 2160Hz PWM dimming. For photography and videography, it houses a versatile camera system featuring a 1-inch 50MP Sony LYT-900 primary camera with stepless variable aperture (f/1.63-f/4.0) co-engineered with Leica. The smartphone is powered by a 5000mAh graphite battery with 120W FlashCharge (0-100% in ~27 mins). It operates on the latest OS release with enterprise-grade security updates and optimized thermal management.",25999,4.0,"Extremely satisfied with the purchase! The camera quality is outstanding, especially in low light, and the battery comfortably lasts over a day. However, the phone is slightly heavy for single-handed use."
465.0,Electronics,POCO,F6 Pro 5G,Asteroid Black,"The Poco F6 Pro 5G is a high-performance performance mid-range smartphone designed for modern mobile users. It is powered by the Qualcomm Snapdragon 8 Gen 2 processor paired with 12GB LPDDR5X RAM with generous 512GB UFS 4.0 storage. The device features a 6.67-inch 1.5K 120Hz CrystalRes AMOLED display with Dolby Vision and Gorilla Glass Victus. For photography and videography, it houses a versatile camera system featuring a 50MP 1-inch Sony IMX989 sensor with OIS, 50MP ZEISS APO Floating Telephoto with 4.3x optical zoom and ZEISS T* anti-reflective coating. The smartphone is powered by a 5500mAh dual-cell battery with 120W SUPERVOOC superfast charging. It operates on the latest OS release with enterprise-grade security updates and optimized thermal management.",41999,4.1,Blazing fast performance for daily multitasking and heavy gaming. The display is vibrant and easily readable under bright sunlight. Though the secondary ultrawide camera could be slightly better in low light.
466.0,Electronics,POCO,F6 5G,Ocean Cyan,"The Poco F6 5G is a high-performance performance budget smartphone designed for modern mobile users. It is powered by the Qualcomm Snapdragon 8s Gen 3 processor paired with 16GB heavy-multitasking LPDDR5X RAM and 512GB UFS 4.0 storage. The device features a 6.7-inch 120Hz Flexible AMOLED screen with 1300 nits brightness and iconic transparent Glyph LED interface. For photography and videography, it houses a versatile camera system featuring a 50MP Sony LYT-808 main camera with OIS, 50MP telephoto portrait lens (2x optical zoom), and Next AI image processing. The smartphone is powered by a 5200mAh silicon-carbon high density battery with 100W wired and 66W wireless charging. It operates on the latest OS release with enterprise-grade security updates and optimized thermal management.",31999,4.8,"Great value for money smartphone in this price point. Clean UI experience and fast charging makes daily usage hassle-free. On the downside, charging speed could be slightly faster compared to rivals."
467.0,Electronics,POCO,X6 Pro 5G,Peach Fuzz,"The Poco X6 Pro 5G is a high-performance performance budget smartphone designed for modern mobile users. It is powered by the MediaTek Dimensity 8300 Ultra processor paired with 16GB flagship LPDDR5X RAM paired with massive 1TB UFS 4.0 storage. The device features a 6.6-inch FHD+ 120Hz Super AMOLED display with Knox Vault security and Vision Booster. For photography and videography, it houses a versatile camera system featuring a 50MP primary sensor with OIS, 50MP ultrawide with macro mode, and 64MP periscope telephoto with 3x optical zoom. The smartphone is powered by a 5500mAh heavy-duty battery with 100W SUPERVOOC charging maintaining health over 4 years. It operates on the latest OS release with enterprise-grade security updates and optimized thermal management.",28999,4.5,"The build quality feels high-end and comfortable to hold. Photos taken with the main lens are sharp with natural color tones. However, a fast wall adapter is not included inside the box."
468.0,Electronics,Samsung,Galaxy A55 5G,Phantom Black,"The Samsung Galaxy A55 5G is a high-performance mid-range smartphone designed for modern mobile users. It is powered by the Qualcomm Snapdragon 7 Gen 3 processor paired with LPDDR5 RAM and UFS 3.1 high-speed storage. The device features a 6.74-inch 1.5K 120Hz Ultra Clear AMOLED with Aqua Touch wet-finger technology and 2150 nits brightness. For photography and videography, it houses a versatile camera system featuring a Dual 50MP rear camera sensors (Primary OIS + 114-degree Ultrawide) powered by Ultra XDR photography engine. The smartphone is powered by a 5000mAh battery with 90W Turbo Charge support included in the box. It operates on the latest OS release with enterprise-grade security updates and optimized thermal management.",39999,4.4,Incredible display clarity and high refresh rate make scrolling and gaming super smooth. Charging speed is amazingly fast. Though system software comes with a few preinstalled apps that require manual uninstalling.
469.0,Electronics,Samsung,Galaxy A35 5G,Titanium Gray,"The Samsung Galaxy A35 5G is a high-performance budget mid-range smartphone designed for modern mobile users. It is powered by the MediaTek Dimensity 7050 processor paired with LPDDR5X RAM paired with 256GB UFS 4.0 internal storage. The device features a 6.67-inch 1.5K 3D Curved AMOLED with 120Hz refresh rate, 1800 nits peak brightness and IP68 protection. For photography and videography, it houses a versatile camera system featuring a 200MP Samsung ISOCELL HP3 camera with OIS, 4x in-sensor lossless zoom, 8MP ultrawide, and 2MP macro lens. The smartphone is powered by a 5000mAh battery supporting 33W fast charging and 5W reverse wired charging. It operates on the latest OS release with enterprise-grade security updates and optimized thermal management.",30999,4.8,Top-notch camera setup with exceptional portrait modes and zoom capability. Software runs smooth without any stutters. Keep in mind that there is no expandable microSD card slot or 3.5mm headphone jack.
470.0,Electronics,Samsung,Galaxy M55 5G,Natural Titanium,"The Samsung Galaxy M55 5G is a high-performance budget mid-range smartphone designed for modern mobile users. It is powered by the Snapdragon 7s Gen 2 processor paired with 12GB LPDDR5X ultra-fast RAM and 256GB UFS 4.0 storage. The device features a 6.8-inch QHD+ 120Hz Dynamic AMOLED 2X display with 2600 nits peak brightness and Gorilla Armor. For photography and videography, it houses a versatile camera system featuring a 200MP OIS primary sensor, 50MP periscope telephoto with 5x optical zoom, 10MP 3x telephoto, and 12MP ultrawide. The smartphone is powered by a 5000mAh battery with 45W wired fast charging, 15W wireless charging, and reverse wireless support. It operates on the latest OS release with enterprise-grade security updates and optimized thermal management.",26999,4.7,"Solid battery endurance paired with rapid charging. Handles demanding mobile titles without thermal throttling. However, the camera bump on the back is quite prominent."
471.0,Electronics,OnePlus,Nord 4 5G,Oasis Green,"The OnePlus Nord 4 5G is a high-performance mid-range smartphone designed for modern mobile users. It is powered by the Qualcomm Snapdragon 7 Gen 3 processor paired with 12GB LPDDR5X RAM with generous 512GB UFS 4.0 storage. The device features a 6.7-inch Super Retina XDR OLED display with ProMotion 120Hz adaptive refresh rate and outdoor peak 2000 nits. For photography and videography, it houses a versatile camera system featuring a 48MP main sensor with sensor-shift OIS, 12MP 5x tetraprism optical zoom telephoto, and 12MP ultrawide. The smartphone is powered by a 4422mAh battery with MagSafe 15W wireless charging and high efficiency battery optimization. It operates on the latest OS release with enterprise-grade security updates and optimized thermal management.",32999,4.2,"Sleek aesthetic design that turns heads. System software is intuitive, responsive, and packed with practical AI features. Though curved display edges occasionally trigger accidental palm touches."
472.0,Electronics,OnePlus,Nord CE 4 5G,Midnight Blue,"The OnePlus Nord CE 4 5G is a high-performance budget mid-range smartphone designed for modern mobile users. It is powered by the MediaTek Dimensity 7050 processor paired with 16GB heavy-multitasking LPDDR5X RAM and 512GB UFS 4.0 storage. The device features a 6.7-inch Super Actua LTPO OLED display with 1-120Hz variable refresh rate and 2400 nits peak brightness. For photography and videography, it houses a versatile camera system featuring a 50MP primary camera with OIS, 48MP ultrawide with macro focus, and 48MP telephoto with 5x optical zoom. The smartphone is powered by a 5050mAh battery with 30W wired charging and 23W wireless charging capability. It operates on the latest OS release with enterprise-grade security updates and optimized thermal management.",26999,4.1,"Extremely satisfied with the purchase! The camera quality is outstanding, especially in low light, and the battery comfortably lasts over a day. However, the phone is slightly heavy for single-handed use."
473.0,Electronics,Redmi,Note 13 Pro+ 5G,Sunset Orange,"The Redmi Note 13 Pro+ 5G is a high-performance mid-range smartphone designed for modern mobile users. It is powered by the Exynos 1480 (4nm) processor paired with 16GB flagship LPDDR5X RAM paired with massive 1TB UFS 4.0 storage. The device features a 6.82-inch 2K 120Hz Curved LTPO AMOLED display with 4500 nits peak brightness and Dolby Vision. For photography and videography, it houses a versatile camera system featuring a 50MP Sony LYT-808 primary sensor, 64MP periscope telephoto (3x optical, 120x digital), and 48MP ultrawide with Hasselblad color tuning. The smartphone is powered by a 5400mAh dual-cell battery supported by 100W SUPERVOOC fast charging (0-100% in 26 mins) and 50W AIRVOOC wireless. It operates on the latest OS release with enterprise-grade security updates and optimized thermal management.",35999,3.9,Blazing fast performance for daily multitasking and heavy gaming. The display is vibrant and easily readable under bright sunlight. Though the secondary ultrawide camera could be slightly better in low light.
474.0,Electronics,Redmi,Note 13 Pro 5G,Emerald Green,"The Redmi Note 13 Pro 5G is a high-performance budget mid-range smartphone designed for modern mobile users. It is powered by the Qualcomm Snapdragon 6 Gen 1 processor paired with LPDDR5 RAM and UFS 3.1 high-speed storage. The device features a 6.78-inch 1.5K 144Hz 8T LTPO AMOLED display with 3000 nits brightness and 2160Hz PWM dimming. For photography and videography, it houses a versatile camera system featuring a 1-inch 50MP Sony LYT-900 primary camera with stepless variable aperture (f/1.63-f/4.0) co-engineered with Leica. The smartphone is powered by a 5000mAh graphite battery with 120W FlashCharge (0-100% in ~27 mins). It operates on the latest OS release with enterprise-grade security updates and optimized thermal management.",24999,4.4,"Great value for money smartphone in this price point. Clean UI experience and fast charging makes daily usage hassle-free. On the downside, charging speed could be slightly faster compared to rivals."
475.0,Electronics,Redmi,Note 13 5G,Starlight Silver,"The Redmi Note 13 5G is a high-performance budget smartphone designed for modern mobile users. It is powered by the Qualcomm Snapdragon 695 5G processor paired with LPDDR5X RAM paired with 256GB UFS 4.0 internal storage. The device features a 6.67-inch 1.5K 120Hz CrystalRes AMOLED display with Dolby Vision and Gorilla Glass Victus. For photography and videography, it houses a versatile camera system featuring a 50MP 1-inch Sony IMX989 sensor with OIS, 50MP ZEISS APO Floating Telephoto with 4.3x optical zoom and ZEISS T* anti-reflective coating. The smartphone is powered by a 5500mAh dual-cell battery with 120W SUPERVOOC superfast charging. It operates on the latest OS release with enterprise-grade security updates and optimized thermal management.",18999,4.8,"The build quality feels high-end and comfortable to hold. Photos taken with the main lens are sharp with natural color tones. However, a fast wall adapter is not included inside the box."
476.0,Electronics,Honor,200 Pro 5G,Glacier White,"The Honor 200 Pro 5G is a high-performance upper mid-range smartphone designed for modern mobile users. It is powered by the MediaTek Dimensity 8300 Ultra processor paired with 12GB LPDDR5X ultra-fast RAM and 256GB UFS 4.0 storage. The device features a 6.7-inch 120Hz Flexible AMOLED screen with 1300 nits brightness and iconic transparent Glyph LED interface. For photography and videography, it houses a versatile camera system featuring a 50MP Sony LYT-808 main camera with OIS, 50MP telephoto portrait lens (2x optical zoom), and Next AI image processing. The smartphone is powered by a 5200mAh silicon-carbon high density battery with 100W wired and 66W wireless charging. It operates on the latest OS release with enterprise-grade security updates and optimized thermal management.",61999,4.2,Incredible display clarity and high refresh rate make scrolling and gaming super smooth. Charging speed is amazingly fast. Though system software comes with a few preinstalled apps that require manual uninstalling.
477.0,Electronics,Honor,200 5G,Asteroid Black,"The Honor 200 5G is a high-performance mid-range smartphone designed for modern mobile users. It is powered by the Qualcomm Snapdragon 7 Gen 3 processor paired with 12GB LPDDR5X RAM with generous 512GB UFS 4.0 storage. The device features a 6.6-inch FHD+ 120Hz Super AMOLED display with Knox Vault security and Vision Booster. For photography and videography, it houses a versatile camera system featuring a 50MP primary sensor with OIS, 50MP ultrawide with macro mode, and 64MP periscope telephoto with 3x optical zoom. The smartphone is powered by a 5500mAh heavy-duty battery with 100W SUPERVOOC charging maintaining health over 4 years. It operates on the latest OS release with enterprise-grade security updates and optimized thermal management.",37999,4.3,Top-notch camera setup with exceptional portrait modes and zoom capability. Software runs smooth without any stutters. Keep in mind that there is no expandable microSD card slot or 3.5mm headphone jack.
478.0,Electronics,Nothing,CMF by  Phone 1,Ocean Cyan,"The CMF by Nothing Phone 1 is a high-performance budget smartphone designed for modern mobile users. It is powered by the Qualcomm Snapdragon 695 5G processor paired with 16GB heavy-multitasking LPDDR5X RAM and 512GB UFS 4.0 storage. The device features a 6.74-inch 1.5K 120Hz Ultra Clear AMOLED with Aqua Touch wet-finger technology and 2150 nits brightness. For photography and videography, it houses a versatile camera system featuring a Dual 50MP rear camera sensors (Primary OIS + 114-degree Ultrawide) powered by Ultra XDR photography engine. The smartphone is powered by a 5000mAh battery with 90W Turbo Charge support included in the box. It operates on the latest OS release with enterprise-grade security updates and optimized thermal management.",17999,4.1,"Solid battery endurance paired with rapid charging. Handles demanding mobile titles without thermal throttling. However, the camera bump on the back is quite prominent."
479.0,Electronics,Realme,12 Pro+ 5G,Peach Fuzz,"The Realme 12 Pro+ 5G is a high-performance mid-range smartphone designed for modern mobile users. It is powered by the Exynos 1480 (4nm) processor paired with 16GB flagship LPDDR5X RAM paired with massive 1TB UFS 4.0 storage. The device features a 6.67-inch 1.5K 3D Curved AMOLED with 120Hz refresh rate, 1800 nits peak brightness and IP68 protection. For photography and videography, it houses a versatile camera system featuring a 200MP Samsung ISOCELL HP3 camera with OIS, 4x in-sensor lossless zoom, 8MP ultrawide, and 2MP macro lens. The smartphone is powered by a 5000mAh battery supporting 33W fast charging and 5W reverse wired charging. It operates on the latest OS release with enterprise-grade security updates and optimized thermal management.",33999,4.1,"Sleek aesthetic design that turns heads. System software is intuitive, responsive, and packed with practical AI features. Though curved display edges occasionally trigger accidental palm touches."
480.0,Electronics,Realme,P1 Pro 5G,Phantom Black,"The Realme P1 Pro 5G is a high-performance budget smartphone designed for modern mobile users. It is powered by the MediaTek Dimensity 7300 5G processor paired with LPDDR5 RAM and UFS 3.1 high-speed storage. The device features a 6.8-inch QHD+ 120Hz Dynamic AMOLED 2X display with 2600 nits peak brightness and Gorilla Armor. For photography and videography, it houses a versatile camera system featuring a 200MP OIS primary sensor, 50MP periscope telephoto with 5x optical zoom, 10MP 3x telephoto, and 12MP ultrawide. The smartphone is powered by a 5000mAh battery with 45W wired fast charging, 15W wireless charging, and reverse wireless support. It operates on the latest OS release with enterprise-grade security updates and optimized thermal management.",19999,4.3,"Extremely satisfied with the purchase! The camera quality is outstanding, especially in low light, and the battery comfortably lasts over a day. However, the phone is slightly heavy for single-handed use."
481.0,Electronics,Vivo,T3 Pro 5G,Titanium Gray,"The Vivo T3 Pro 5G is a high-performance budget mid-range smartphone designed for modern mobile users. It is powered by the MediaTek Dimensity 7050 processor paired with LPDDR5X RAM paired with 256GB UFS 4.0 internal storage. The device features a 6.7-inch Super Retina XDR OLED display with ProMotion 120Hz adaptive refresh rate and outdoor peak 2000 nits. For photography and videography, it houses a versatile camera system featuring a 48MP main sensor with sensor-shift OIS, 12MP 5x tetraprism optical zoom telephoto, and 12MP ultrawide. The smartphone is powered by a 4422mAh battery with MagSafe 15W wireless charging and high efficiency battery optimization. It operates on the latest OS release with enterprise-grade security updates and optimized thermal management.",26999,3.9,Blazing fast performance for daily multitasking and heavy gaming. The display is vibrant and easily readable under bright sunlight. Though the secondary ultrawide camera could be slightly better in low light.
482.0,Electronics,iQOO,Z9 Turbo 5G,Natural Titanium,"The iQOO Z9 Turbo 5G is a high-performance budget mid-range smartphone designed for modern mobile users. It is powered by the Snapdragon 7s Gen 2 processor paired with 12GB LPDDR5X ultra-fast RAM and 256GB UFS 4.0 storage. The device features a 6.7-inch Super Actua LTPO OLED display with 1-120Hz variable refresh rate and 2400 nits peak brightness. For photography and videography, it houses a versatile camera system featuring a 50MP primary camera with OIS, 48MP ultrawide with macro focus, and 48MP telephoto with 5x optical zoom. The smartphone is powered by a 5050mAh battery with 30W wired charging and 23W wireless charging capability. It operates on the latest OS release with enterprise-grade security updates and optimized thermal management.",23999,4.5,"Great value for money smartphone in this price point. Clean UI experience and fast charging makes daily usage hassle-free. On the downside, charging speed could be slightly faster compared to rivals."
483.0,Electronics,Samsung,Galaxy Z Fold 5 5G,Oasis Green,"The Samsung Galaxy Z Fold 5 5G is a high-performance foldable flagship smartphone designed for modern mobile users. It is powered by the Qualcomm Snapdragon 8 Gen 3 processor paired with 12GB LPDDR5X RAM with generous 512GB UFS 4.0 storage. The device features a 6.82-inch 2K 120Hz Curved LTPO AMOLED display with 4500 nits peak brightness and Dolby Vision. For photography and videography, it houses a versatile camera system featuring a 50MP Sony LYT-808 primary sensor, 64MP periscope telephoto (3x optical, 120x digital), and 48MP ultrawide with Hasselblad color tuning. The smartphone is powered by a 5400mAh dual-cell battery supported by 100W SUPERVOOC fast charging (0-100% in 26 mins) and 50W AIRVOOC wireless. It operates on the latest OS release with enterprise-grade security updates and optimized thermal management.",164999,4.3,"The build quality feels high-end and comfortable to hold. Photos taken with the main lens are sharp with natural color tones. However, a fast wall adapter is not included inside the box."
484.0,Electronics,Samsung,Galaxy Z Flip 5 5G,Midnight Blue,"The Samsung Galaxy Z Flip 5 5G is a high-performance foldable flagship smartphone designed for modern mobile users. It is powered by the Qualcomm Snapdragon 8 Gen 2 processor paired with 16GB heavy-multitasking LPDDR5X RAM and 512GB UFS 4.0 storage. The device features a 6.78-inch 1.5K 144Hz 8T LTPO AMOLED display with 3000 nits brightness and 2160Hz PWM dimming. For photography and videography, it houses a versatile camera system featuring a 1-inch 50MP Sony LYT-900 primary camera with stepless variable aperture (f/1.63-f/4.0) co-engineered with Leica. The smartphone is powered by a 5000mAh graphite battery with 120W FlashCharge (0-100% in ~27 mins). It operates on the latest OS release with enterprise-grade security updates and optimized thermal management.",109999,4.1,Incredible display clarity and high refresh rate make scrolling and gaming super smooth. Charging speed is amazingly fast. Though system software comes with a few preinstalled apps that require manual uninstalling.
485.0,Electronics,Motorola,Razr 50 Ultra 5G,Sunset Orange,"The Motorola Razr 50 Ultra 5G is a high-performance foldable flagship smartphone designed for modern mobile users. It is powered by the MediaTek Dimensity 9000+ processor paired with 16GB flagship LPDDR5X RAM paired with massive 1TB UFS 4.0 storage. The device features a 6.67-inch 1.5K 120Hz CrystalRes AMOLED display with Dolby Vision and Gorilla Glass Victus. For photography and videography, it houses a versatile camera system featuring a 50MP 1-inch Sony IMX989 sensor with OIS, 50MP ZEISS APO Floating Telephoto with 4.3x optical zoom and ZEISS T* anti-reflective coating. The smartphone is powered by a 5500mAh dual-cell battery with 120W SUPERVOOC superfast charging. It operates on the latest OS release with enterprise-grade security updates and optimized thermal management.",99999,4.1,Top-notch camera setup with exceptional portrait modes and zoom capability. Software runs smooth without any stutters. Keep in mind that there is no expandable microSD card slot or 3.5mm headphone jack.
486.0,Electronics,Tecno,Phantom V Fold 5G,Emerald Green,"The Tecno Phantom V Fold 5G is a high-performance foldable flagship smartphone designed for modern mobile users. It is powered by the Qualcomm Snapdragon 8 Gen 3 processor paired with LPDDR5 RAM and UFS 3.1 high-speed storage. The device features a 6.7-inch 120Hz Flexible AMOLED screen with 1300 nits brightness and iconic transparent Glyph LED interface. For photography and videography, it houses a versatile camera system featuring a 50MP Sony LYT-808 main camera with OIS, 50MP telephoto portrait lens (2x optical zoom), and Next AI image processing. The smartphone is powered by a 5200mAh silicon-carbon high density battery with 100W wired and 66W wireless charging. It operates on the latest OS release with enterprise-grade security updates and optimized thermal management.",69999,4.8,"Solid battery endurance paired with rapid charging. Handles demanding mobile titles without thermal throttling. However, the camera bump on the back is quite prominent."
487.0,Electronics,Tecno,Phantom V Flip 5G,Starlight Silver,"The Tecno Phantom V Flip 5G is a high-performance foldable mid-range smartphone designed for modern mobile users. It is powered by the MediaTek Dimensity 8050 5G processor paired with LPDDR5X RAM paired with 256GB UFS 4.0 internal storage. The device features a 6.6-inch FHD+ 120Hz Super AMOLED display with Knox Vault security and Vision Booster. For photography and videography, it houses a versatile camera system featuring a 50MP primary sensor with OIS, 50MP ultrawide with macro mode, and 64MP periscope telephoto with 3x optical zoom. The smartphone is powered by a 5500mAh heavy-duty battery with 100W SUPERVOOC charging maintaining health over 4 years. It operates on the latest OS release with enterprise-grade security updates and optimized thermal management.",52999,4.0,"Sleek aesthetic design that turns heads. System software is intuitive, responsive, and packed with practical AI features. Though curved display edges occasionally trigger accidental palm touches."
488.0,Electronics,ASUS,ROG Phone 8 Pro 5G,Glacier White,"The Asus ROG Phone 8 Pro 5G is a high-performance gaming flagship smartphone designed for modern mobile users. It is powered by the Qualcomm Snapdragon 8 Gen 3 with dedicated GameCool vapour cooling processor paired with 12GB LPDDR5X ultra-fast RAM and 256GB UFS 4.0 storage. The device features a 6.74-inch 1.5K 120Hz Ultra Clear AMOLED with Aqua Touch wet-finger technology and 2150 nits brightness. For photography and videography, it houses a versatile camera system featuring a Dual 50MP rear camera sensors (Primary OIS + 114-degree Ultrawide) powered by Ultra XDR photography engine. The smartphone is powered by a 5000mAh battery with 90W Turbo Charge support included in the box. It operates on the latest OS release with enterprise-grade security updates and optimized thermal management.",99999,3.9,"Extremely satisfied with the purchase! The camera quality is outstanding, especially in low light, and the battery comfortably lasts over a day. However, the phone is slightly heavy for single-handed use."
489.0,Electronics,ASUS,ROG Phone 8 5G,Asteroid Black,"The Asus ROG Phone 8 5G is a high-performance gaming flagship smartphone designed for modern mobile users. It is powered by the Qualcomm Snapdragon 8 Gen 3 with dedicated GameCool vapour cooling processor paired with 12GB LPDDR5X RAM with generous 512GB UFS 4.0 storage. The device features a 6.67-inch 1.5K 3D Curved AMOLED with 120Hz refresh rate, 1800 nits peak brightness and IP68 protection. For photography and videography, it houses a versatile camera system featuring a 200MP Samsung ISOCELL HP3 camera with OIS, 4x in-sensor lossless zoom, 8MP ultrawide, and 2MP macro lens. The smartphone is powered by a 5000mAh battery supporting 33W fast charging and 5W reverse wired charging. It operates on the latest OS release with enterprise-grade security updates and optimized thermal management.",84999,4.2,Blazing fast performance for daily multitasking and heavy gaming. The display is vibrant and easily readable under bright sunlight. Though the secondary ultrawide camera could be slightly better in low light.
490.0,Electronics,Samsung,Galaxy S24 Ultra,Ocean Cyan,"The Samsung Galaxy S24 Ultra is a high-performance flagship smartphone designed for modern mobile users. It is powered by the Google Tensor G3 processor paired with 16GB heavy-multitasking LPDDR5X RAM and 512GB UFS 4.0 storage. The device features a 6.8-inch QHD+ 120Hz Dynamic AMOLED 2X display with 2600 nits peak brightness and Gorilla Armor. For photography and videography, it houses a versatile camera system featuring a 200MP OIS primary sensor, 50MP periscope telephoto with 5x optical zoom, 10MP 3x telephoto, and 12MP ultrawide. The smartphone is powered by a 5000mAh battery with 45W wired fast charging, 15W wireless charging, and reverse wireless support. It operates on the latest OS release with enterprise-grade security updates and optimized thermal management.",139999,4.3,"Great value for money smartphone in this price point. Clean UI experience and fast charging makes daily usage hassle-free. On the downside, charging speed could be slightly faster compared to rivals."
491.0,Electronics,Samsung,Galaxy S24 Plus,Peach Fuzz,"The Samsung Galaxy S24 Plus is a high-performance flagship smartphone designed for modern mobile users. It is powered by the MediaTek Dimensity 9300 processor paired with 16GB flagship LPDDR5X RAM paired with massive 1TB UFS 4.0 storage. The device features a 6.7-inch Super Retina XDR OLED display with ProMotion 120Hz adaptive refresh rate and outdoor peak 2000 nits. For photography and videography, it houses a versatile camera system featuring a 48MP main sensor with sensor-shift OIS, 12MP 5x tetraprism optical zoom telephoto, and 12MP ultrawide. The smartphone is powered by a 4422mAh battery with MagSafe 15W wireless charging and high efficiency battery optimization. It operates on the latest OS release with enterprise-grade security updates and optimized thermal management.",119999,4.2,"The build quality feels high-end and comfortable to hold. Photos taken with the main lens are sharp with natural color tones. However, a fast wall adapter is not included inside the box."
492.0,Electronics,Samsung,Galaxy S24,Phantom Black,"The Samsung Galaxy S24 is a high-performance flagship smartphone designed for modern mobile users. It is powered by the Qualcomm Snapdragon 8 Gen 3 processor paired with LPDDR5 RAM and UFS 3.1 high-speed storage. The device features a 6.7-inch Super Actua LTPO OLED display with 1-120Hz variable refresh rate and 2400 nits peak brightness. For photography and videography, it houses a versatile camera system featuring a 50MP primary camera with OIS, 48MP ultrawide with macro focus, and 48MP telephoto with 5x optical zoom. The smartphone is powered by a 5050mAh battery with 30W wired charging and 23W wireless charging capability. It operates on the latest OS release with enterprise-grade security updates and optimized thermal management.",74999,4.3,Incredible display clarity and high refresh rate make scrolling and gaming super smooth. Charging speed is amazingly fast. Though system software comes with a few preinstalled apps that require manual uninstalling.
493.0,Electronics,Apple,iPhone 15 Pro Max,Titanium Gray,"The Apple iPhone 15 Pro Max is a high-performance flagship smartphone designed for modern mobile users. It is powered by the Apple A17 Pro (3nm) processor paired with LPDDR5X RAM paired with 256GB UFS 4.0 internal storage. The device features a 6.82-inch 2K 120Hz Curved LTPO AMOLED display with 4500 nits peak brightness and Dolby Vision. For photography and videography, it houses a versatile camera system featuring a 50MP Sony LYT-808 primary sensor, 64MP periscope telephoto (3x optical, 120x digital), and 48MP ultrawide with Hasselblad color tuning. The smartphone is powered by a 5400mAh dual-cell battery supported by 100W SUPERVOOC fast charging (0-100% in 26 mins) and 50W AIRVOOC wireless. It operates on the latest OS release with enterprise-grade security updates and optimized thermal management.",179900,4.7,Top-notch camera setup with exceptional portrait modes and zoom capability. Software runs smooth without any stutters. Keep in mind that there is no expandable microSD card slot or 3.5mm headphone jack.
494.0,Electronics,Apple,iPhone 15 Pro,Natural Titanium,"The Apple iPhone 15 Pro is a high-performance flagship smartphone designed for modern mobile users. It is powered by the Google Tensor G3 processor paired with 12GB LPDDR5X ultra-fast RAM and 256GB UFS 4.0 storage. The device features a 6.78-inch 1.5K 144Hz 8T LTPO AMOLED display with 3000 nits brightness and 2160Hz PWM dimming. For photography and videography, it houses a versatile camera system featuring a 1-inch 50MP Sony LYT-900 primary camera with stepless variable aperture (f/1.63-f/4.0) co-engineered with Leica. The smartphone is powered by a 5000mAh graphite battery with 120W FlashCharge (0-100% in ~27 mins). It operates on the latest OS release with enterprise-grade security updates and optimized thermal management.",144900,4.1,"Solid battery endurance paired with rapid charging. Handles demanding mobile titles without thermal throttling. However, the camera bump on the back is quite prominent."
495.0,Electronics,Apple,iPhone 15 Plus,Oasis Green,"The Apple iPhone 15 Plus is a high-performance flagship smartphone designed for modern mobile users. It is powered by the MediaTek Dimensity 9300 processor paired with 12GB LPDDR5X RAM with generous 512GB UFS 4.0 storage. The device features a 6.67-inch 1.5K 120Hz CrystalRes AMOLED display with Dolby Vision and Gorilla Glass Victus. For photography and videography, it houses a versatile camera system featuring a 50MP 1-inch Sony IMX989 sensor with OIS, 50MP ZEISS APO Floating Telephoto with 4.3x optical zoom and ZEISS T* anti-reflective coating. The smartphone is powered by a 5500mAh dual-cell battery with 120W SUPERVOOC superfast charging. It operates on the latest OS release with enterprise-grade security updates and optimized thermal management.",99900,4.0,"Sleek aesthetic design that turns heads. System software is intuitive, responsive, and packed with practical AI features. Though curved display edges occasionally trigger accidental palm touches."
496.0,Electronics,Apple,iPhone 15,Midnight Blue,"The Apple iPhone 15 is a high-performance flagship smartphone designed for modern mobile users. It is powered by the Qualcomm Snapdragon 8 Gen 3 processor paired with 16GB heavy-multitasking LPDDR5X RAM and 512GB UFS 4.0 storage. The device features a 6.7-inch 120Hz Flexible AMOLED screen with 1300 nits brightness and iconic transparent Glyph LED interface. For photography and videography, it houses a versatile camera system featuring a 50MP Sony LYT-808 main camera with OIS, 50MP telephoto portrait lens (2x optical zoom), and Next AI image processing. The smartphone is powered by a 5200mAh silicon-carbon high density battery with 100W wired and 66W wireless charging. It operates on the latest OS release with enterprise-grade security updates and optimized thermal management.",89900,4.8,"Extremely satisfied with the purchase! The camera quality is outstanding, especially in low light, and the battery comfortably lasts over a day. However, the phone is slightly heavy for single-handed use."
497.0,Electronics,Google,Pixel 8 Pro,Sunset Orange,"The Google Pixel 8 Pro is a high-performance flagship smartphone designed for modern mobile users. It is powered by the Apple A17 Pro (3nm) processor paired with 16GB flagship LPDDR5X RAM paired with massive 1TB UFS 4.0 storage. The device features a 6.6-inch FHD+ 120Hz Super AMOLED display with Knox Vault security and Vision Booster. For photography and videography, it houses a versatile camera system featuring a 50MP primary sensor with OIS, 50MP ultrawide with macro mode, and 64MP periscope telephoto with 3x optical zoom. The smartphone is powered by a 5500mAh heavy-duty battery with 100W SUPERVOOC charging maintaining health over 4 years. It operates on the latest OS release with enterprise-grade security updates and optimized thermal management.",123999,4.0,Blazing fast performance for daily multitasking and heavy gaming. The display is vibrant and easily readable under bright sunlight. Though the secondary ultrawide camera could be slightly better in low light.
498.0,Electronics,Google,Pixel 8a,Emerald Green,"The Google Pixel 8a is a high-performance mid-range smartphone designed for modern mobile users. It is powered by the Qualcomm Snapdragon 7 Gen 3 processor paired with LPDDR5 RAM and UFS 3.1 high-speed storage. The device features a 6.74-inch 1.5K 120Hz Ultra Clear AMOLED with Aqua Touch wet-finger technology and 2150 nits brightness. For photography and videography, it houses a versatile camera system featuring a Dual 50MP rear camera sensors (Primary OIS + 114-degree Ultrawide) powered by Ultra XDR photography engine. The smartphone is powered by a 5000mAh battery with 90W Turbo Charge support included in the box. It operates on the latest OS release with enterprise-grade security updates and optimized thermal management.",52999,4.0,"Great value for money smartphone in this price point. Clean UI experience and fast charging makes daily usage hassle-free. On the downside, charging speed could be slightly faster compared to rivals."
499.0,Electronics,OnePlus,12 5G,Starlight Silver,"The OnePlus 12 5G is a high-performance flagship smartphone designed for modern mobile users. It is powered by the MediaTek Dimensity 9300 processor paired with LPDDR5X RAM paired with 256GB UFS 4.0 internal storage. The device features a 6.67-inch 1.5K 3D Curved AMOLED with 120Hz refresh rate, 1800 nits peak brightness and IP68 protection. For photography and videography, it houses a versatile camera system featuring a 200MP Samsung ISOCELL HP3 camera with OIS, 4x in-sensor lossless zoom, 8MP ultrawide, and 2MP macro lens. The smartphone is powered by a 5000mAh battery supporting 33W fast charging and 5W reverse wired charging. It operates on the latest OS release with enterprise-grade security updates and optimized thermal management.",69999,4.0,"The build quality feels high-end and comfortable to hold. Photos taken with the main lens are sharp with natural color tones. However, a fast wall adapter is not included inside the box."
500.0,Electronics,OnePlus,12R 5G,Glacier White,"The OnePlus 12R 5G is a high-performance upper mid-range smartphone designed for modern mobile users. It is powered by the MediaTek Dimensity 8300 Ultra processor paired with 12GB LPDDR5X ultra-fast RAM and 256GB UFS 4.0 storage. The device features a 6.8-inch QHD+ 120Hz Dynamic AMOLED 2X display with 2600 nits peak brightness and Gorilla Armor. For photography and videography, it houses a versatile camera system featuring a 200MP OIS primary sensor, 50MP periscope telephoto with 5x optical zoom, 10MP 3x telephoto, and 12MP ultrawide. The smartphone is powered by a 5000mAh battery with 45W wired fast charging, 15W wireless charging, and reverse wireless support. It operates on the latest OS release with enterprise-grade security updates and optimized thermal management.",42999,4.2,Incredible display clarity and high refresh rate make scrolling and gaming super smooth. Charging speed is amazingly fast. Though system software comes with a few preinstalled apps that require manual uninstalling.
501.0,Electronics,Xiaomi,14 Ultra 5G,Asteroid Black,"The Xiaomi 14 Ultra 5G is a high-performance flagship smartphone designed for modern mobile users. It is powered by the Apple A17 Pro (3nm) processor paired with 12GB LPDDR5X RAM with generous 512GB UFS 4.0 storage. The device features a 6.7-inch Super Retina XDR OLED display with ProMotion 120Hz adaptive refresh rate and outdoor peak 2000 nits. For photography and videography, it houses a versatile camera system featuring a 48MP main sensor with sensor-shift OIS, 12MP 5x tetraprism optical zoom telephoto, and 12MP ultrawide. The smartphone is powered by a 4422mAh battery with MagSafe 15W wireless charging and high efficiency battery optimization. It operates on the latest OS release with enterprise-grade security updates and optimized thermal management.",109999,4.3,Top-notch camera setup with exceptional portrait modes and zoom capability. Software runs smooth without any stutters. Keep in mind that there is no expandable microSD card slot or 3.5mm headphone jack.
502.0,Electronics,Xiaomi,14 Civi,Ocean Cyan,"The Xiaomi 14 Civi is a high-performance upper mid-range smartphone designed for modern mobile users. It is powered by the Qualcomm Snapdragon 7+ Gen 3 processor paired with 16GB heavy-multitasking LPDDR5X RAM and 512GB UFS 4.0 storage. The device features a 6.7-inch Super Actua LTPO OLED display with 1-120Hz variable refresh rate and 2400 nits peak brightness. For photography and videography, it houses a versatile camera system featuring a 50MP primary camera with OIS, 48MP ultrawide with macro focus, and 48MP telephoto with 5x optical zoom. The smartphone is powered by a 5050mAh battery with 30W wired charging and 23W wireless charging capability. It operates on the latest OS release with enterprise-grade security updates and optimized thermal management.",47999,4.9,"Solid battery endurance paired with rapid charging. Handles demanding mobile titles without thermal throttling. However, the camera bump on the back is quite prominent."
503.0,Electronics,Vivo,X100 Pro 5G,Peach Fuzz,"The Vivo X100 Pro 5G is a high-performance flagship smartphone designed for modern mobile users. It is powered by the MediaTek Dimensity 9300 processor paired with 16GB flagship LPDDR5X RAM paired with massive 1TB UFS 4.0 storage. The device features a 6.82-inch 2K 120Hz Curved LTPO AMOLED display with 4500 nits peak brightness and Dolby Vision. For photography and videography, it houses a versatile camera system featuring a 50MP Sony LYT-808 primary sensor, 64MP periscope telephoto (3x optical, 120x digital), and 48MP ultrawide with Hasselblad color tuning. The smartphone is powered by a 5400mAh dual-cell battery supported by 100W SUPERVOOC fast charging (0-100% in 26 mins) and 50W AIRVOOC wireless. It operates on the latest OS release with enterprise-grade security updates and optimized thermal management.",99999,4.7,"Sleek aesthetic design that turns heads. System software is intuitive, responsive, and packed with practical AI features. Though curved display edges occasionally trigger accidental palm touches."
504.0,Electronics,Vivo,V30 Pro 5G,Phantom Black,"The Vivo V30 Pro 5G is a high-performance mid-range smartphone designed for modern mobile users. It is powered by the Qualcomm Snapdragon 7 Gen 3 processor paired with LPDDR5 RAM and UFS 3.1 high-speed storage. The device features a 6.78-inch 1.5K 144Hz 8T LTPO AMOLED display with 3000 nits brightness and 2160Hz PWM dimming. For photography and videography, it houses a versatile camera system featuring a 1-inch 50MP Sony LYT-900 primary camera with stepless variable aperture (f/1.63-f/4.0) co-engineered with Leica. The smartphone is powered by a 5000mAh graphite battery with 120W FlashCharge (0-100% in ~27 mins). It operates on the latest OS release with enterprise-grade security updates and optimized thermal management.",41999,4.4,"Extremely satisfied with the purchase! The camera quality is outstanding, especially in low light, and the battery comfortably lasts over a day. However, the phone is slightly heavy for single-handed use."
505.0,Electronics,iQOO,12 5G,Titanium Gray,"The iQOO 12 5G is a high-performance performance flagship smartphone designed for modern mobile users. It is powered by the Qualcomm Snapdragon 8s Gen 3 processor paired with LPDDR5X RAM paired with 256GB UFS 4.0 internal storage. The device features a 6.67-inch 1.5K 120Hz CrystalRes AMOLED display with Dolby Vision and Gorilla Glass Victus. For photography and videography, it houses a versatile camera system featuring a 50MP 1-inch Sony IMX989 sensor with OIS, 50MP ZEISS APO Floating Telephoto with 4.3x optical zoom and ZEISS T* anti-reflective coating. The smartphone is powered by a 5500mAh dual-cell battery with 120W SUPERVOOC superfast charging. It operates on the latest OS release with enterprise-grade security updates and optimized thermal management.",57999,4.0,Blazing fast performance for daily multitasking and heavy gaming. The display is vibrant and easily readable under bright sunlight. Though the secondary ultrawide camera could be slightly better in low light.
506.0,Electronics,iQOO,Neo 9 Pro 5G,Natural Titanium,"The iQOO Neo 9 Pro 5G is a high-performance performance mid-range smartphone designed for modern mobile users. It is powered by the MediaTek Dimensity 8300 Ultra processor paired with 12GB LPDDR5X ultra-fast RAM and 256GB UFS 4.0 storage. The device features a 6.7-inch 120Hz Flexible AMOLED screen with 1300 nits brightness and iconic transparent Glyph LED interface. For photography and videography, it houses a versatile camera system featuring a 50MP Sony LYT-808 main camera with OIS, 50MP telephoto portrait lens (2x optical zoom), and Next AI image processing. The smartphone is powered by a 5200mAh silicon-carbon high density battery with 100W wired and 66W wireless charging. It operates on the latest OS release with enterprise-grade security updates and optimized thermal management.",37999,4.5,"Great value for money smartphone in this price point. Clean UI experience and fast charging makes daily usage hassle-free. On the downside, charging speed could be slightly faster compared to rivals."
507.0,Electronics,Realme,GT 6 5G,Oasis Green,"The Realme GT 6 5G is a high-performance upper mid-range smartphone designed for modern mobile users. It is powered by the Qualcomm Snapdragon 8s Gen 3 processor paired with 12GB LPDDR5X RAM with generous 512GB UFS 4.0 storage. The device features a 6.6-inch FHD+ 120Hz Super AMOLED display with Knox Vault security and Vision Booster. For photography and videography, it houses a versatile camera system featuring a 50MP primary sensor with OIS, 50MP ultrawide with macro mode, and 64MP periscope telephoto with 3x optical zoom. The smartphone is powered by a 5500mAh heavy-duty battery with 100W SUPERVOOC charging maintaining health over 4 years. It operates on the latest OS release with enterprise-grade security updates and optimized thermal management.",42999,4.2,"The build quality feels high-end and comfortable to hold. Photos taken with the main lens are sharp with natural color tones. However, a fast wall adapter is not included inside the box."
508.0,Electronics,Realme,GT 6T 5G,Midnight Blue,"The Realme GT 6T 5G is a high-performance mid-range smartphone designed for modern mobile users. It is powered by the MediaTek Dimensity 7200 Pro processor paired with 16GB heavy-multitasking LPDDR5X RAM and 512GB UFS 4.0 storage. The device features a 6.74-inch 1.5K 120Hz Ultra Clear AMOLED with Aqua Touch wet-finger technology and 2150 nits brightness. For photography and videography, it houses a versatile camera system featuring a Dual 50MP rear camera sensors (Primary OIS + 114-degree Ultrawide) powered by Ultra XDR photography engine. The smartphone is powered by a 5000mAh battery with 90W Turbo Charge support included in the box. It operates on the latest OS release with enterprise-grade security updates and optimized thermal management.",32999,3.9,Incredible display clarity and high refresh rate make scrolling and gaming super smooth. Charging speed is amazingly fast. Though system software comes with a few preinstalled apps that require manual uninstalling.
509.0,Electronics,Motorola,Edge 50 Ultra,Sunset Orange,"The Motorola Edge 50 Ultra is a high-performance flagship smartphone designed for modern mobile users. It is powered by the Apple A17 Pro (3nm) processor paired with 16GB flagship LPDDR5X RAM paired with massive 1TB UFS 4.0 storage. The device features a 6.67-inch 1.5K 3D Curved AMOLED with 120Hz refresh rate, 1800 nits peak brightness and IP68 protection. For photography and videography, it houses a versatile camera system featuring a 200MP Samsung ISOCELL HP3 camera with OIS, 4x in-sensor lossless zoom, 8MP ultrawide, and 2MP macro lens. The smartphone is powered by a 5000mAh battery supporting 33W fast charging and 5W reverse wired charging. It operates on the latest OS release with enterprise-grade security updates and optimized thermal management.",69999,4.8,Top-notch camera setup with exceptional portrait modes and zoom capability. Software runs smooth without any stutters. Keep in mind that there is no expandable microSD card slot or 3.5mm headphone jack.
510.0,Electronics,Motorola,Edge 50 Pro,Emerald Green,"The Motorola Edge 50 Pro is a high-performance mid-range smartphone designed for modern mobile users. It is powered by the Qualcomm Snapdragon 7 Gen 3 processor paired with LPDDR5 RAM and UFS 3.1 high-speed storage. The device features a 6.8-inch QHD+ 120Hz Dynamic AMOLED 2X display with 2600 nits peak brightness and Gorilla Armor. For photography and videography, it houses a versatile camera system featuring a 200MP OIS primary sensor, 50MP periscope telephoto with 5x optical zoom, 10MP 3x telephoto, and 12MP ultrawide. The smartphone is powered by a 5000mAh battery with 45W wired fast charging, 15W wireless charging, and reverse wireless support. It operates on the latest OS release with enterprise-grade security updates and optimized thermal management.",31999,4.4,"Solid battery endurance paired with rapid charging. Handles demanding mobile titles without thermal throttling. However, the camera bump on the back is quite prominent."
511.0,Electronics,Motorola,Edge 50 Fusion,Starlight Silver,"The Motorola Edge 50 Fusion is a high-performance budget mid-range smartphone designed for modern mobile users. It is powered by the MediaTek Dimensity 7050 processor paired with LPDDR5X RAM paired with 256GB UFS 4.0 internal storage. The device features a 6.7-inch Super Retina XDR OLED display with ProMotion 120Hz adaptive refresh rate and outdoor peak 2000 nits. For photography and videography, it houses a versatile camera system featuring a 48MP main sensor with sensor-shift OIS, 12MP 5x tetraprism optical zoom telephoto, and 12MP ultrawide. The smartphone is powered by a 4422mAh battery with MagSafe 15W wireless charging and high efficiency battery optimization. It operates on the latest OS release with enterprise-grade security updates and optimized thermal management.",24999,4.9,"Sleek aesthetic design that turns heads. System software is intuitive, responsive, and packed with practical AI features. Though curved display edges occasionally trigger accidental palm touches."
512.0,Electronics,Nothing,Phone,2,"The Nothing Phone (2) is a high-performance upper mid-range smartphone designed for modern mobile users. It is powered by the MediaTek Dimensity 8300 Ultra processor paired with 12GB LPDDR5X ultra-fast RAM and 256GB UFS 4.0 storage. The device features a 6.7-inch Super Actua LTPO OLED display with 1-120Hz variable refresh rate and 2400 nits peak brightness. For photography and videography, it houses a versatile camera system featuring a 50MP primary camera with OIS, 48MP ultrawide with macro focus, and 48MP telephoto with 5x optical zoom. The smartphone is powered by a 5050mAh battery with 30W wired charging and 23W wireless charging capability. It operates on the latest OS release with enterprise-grade security updates and optimized thermal management.",39999,4.5,"Extremely satisfied with the purchase! The camera quality is outstanding, especially in low light, and the battery comfortably lasts over a day. However, the phone is slightly heavy for single-handed use."
513.0,Electronics,Nothing,Phone,2a,"The Nothing Phone (2a) is a high-performance budget mid-range smartphone designed for modern mobile users. It is powered by the Qualcomm Snapdragon 6 Gen 1 processor paired with 12GB LPDDR5X RAM with generous 512GB UFS 4.0 storage. The device features a 6.82-inch 2K 120Hz Curved LTPO AMOLED display with 4500 nits peak brightness and Dolby Vision. For photography and videography, it houses a versatile camera system featuring a 50MP Sony LYT-808 primary sensor, 64MP periscope telephoto (3x optical, 120x digital), and 48MP ultrawide with Hasselblad color tuning. The smartphone is powered by a 5400mAh dual-cell battery supported by 100W SUPERVOOC fast charging (0-100% in 26 mins) and 50W AIRVOOC wireless. It operates on the latest OS release with enterprise-grade security updates and optimized thermal management.",25999,4.9,Blazing fast performance for daily multitasking and heavy gaming. The display is vibrant and easily readable under bright sunlight. Though the secondary ultrawide camera could be slightly better in low light.
514.0,Electronics,POCO,F6 Pro 5G,Ocean Cyan,"The Poco F6 Pro 5G is a high-performance performance mid-range smartphone designed for modern mobile users. It is powered by the Qualcomm Snapdragon 7+ Gen 3 processor paired with 16GB heavy-multitasking LPDDR5X RAM and 512GB UFS 4.0 storage. The device features a 6.78-inch 1.5K 144Hz 8T LTPO AMOLED display with 3000 nits brightness and 2160Hz PWM dimming. For photography and videography, it houses a versatile camera system featuring a 1-inch 50MP Sony LYT-900 primary camera with stepless variable aperture (f/1.63-f/4.0) co-engineered with Leica. The smartphone is powered by a 5000mAh graphite battery with 120W FlashCharge (0-100% in ~27 mins). It operates on the latest OS release with enterprise-grade security updates and optimized thermal management.",41999,4.4,"Great value for money smartphone in this price point. Clean UI experience and fast charging makes daily usage hassle-free. On the downside, charging speed could be slightly faster compared to rivals."
515.0,Electronics,POCO,F6 5G,Peach Fuzz,"The Poco F6 5G is a high-performance performance budget smartphone designed for modern mobile users. It is powered by the MediaTek Dimensity 8300 Ultra processor paired with 16GB flagship LPDDR5X RAM paired with massive 1TB UFS 4.0 storage. The device features a 6.67-inch 1.5K 120Hz CrystalRes AMOLED display with Dolby Vision and Gorilla Glass Victus. For photography and videography, it houses a versatile camera system featuring a 50MP 1-inch Sony IMX989 sensor with OIS, 50MP ZEISS APO Floating Telephoto with 4.3x optical zoom and ZEISS T* anti-reflective coating. The smartphone is powered by a 5500mAh dual-cell battery with 120W SUPERVOOC superfast charging. It operates on the latest OS release with enterprise-grade security updates and optimized thermal management.",33999,4.0,"The build quality feels high-end and comfortable to hold. Photos taken with the main lens are sharp with natural color tones. However, a fast wall adapter is not included inside the box."
516.0,Electronics,POCO,X6 Pro 5G,Phantom Black,"The Poco X6 Pro 5G is a high-performance performance budget smartphone designed for modern mobile users. It is powered by the Qualcomm Snapdragon 8s Gen 3 processor paired with LPDDR5 RAM and UFS 3.1 high-speed storage. The device features a 6.7-inch 120Hz Flexible AMOLED screen with 1300 nits brightness and iconic transparent Glyph LED interface. For photography and videography, it houses a versatile camera system featuring a 50MP Sony LYT-808 main camera with OIS, 50MP telephoto portrait lens (2x optical zoom), and Next AI image processing. The smartphone is powered by a 5200mAh silicon-carbon high density battery with 100W wired and 66W wireless charging. It operates on the latest OS release with enterprise-grade security updates and optimized thermal management.",24999,4.5,Incredible display clarity and high refresh rate make scrolling and gaming super smooth. Charging speed is amazingly fast. Though system software comes with a few preinstalled apps that require manual uninstalling.
517.0,Electronics,Samsung,Galaxy A55 5G,Titanium Gray,"The Samsung Galaxy A55 5G is a high-performance mid-range smartphone designed for modern mobile users. It is powered by the MediaTek Dimensity 7200 Pro processor paired with LPDDR5X RAM paired with 256GB UFS 4.0 internal storage. The device features a 6.6-inch FHD+ 120Hz Super AMOLED display with Knox Vault security and Vision Booster. For photography and videography, it houses a versatile camera system featuring a 50MP primary sensor with OIS, 50MP ultrawide with macro mode, and 64MP periscope telephoto with 3x optical zoom. The smartphone is powered by a 5500mAh heavy-duty battery with 100W SUPERVOOC charging maintaining health over 4 years. It operates on the latest OS release with enterprise-grade security updates and optimized thermal management.",42999,4.9,Top-notch camera setup with exceptional portrait modes and zoom capability. Software runs smooth without any stutters. Keep in mind that there is no expandable microSD card slot or 3.5mm headphone jack.
518.0,Electronics,Samsung,Galaxy A35 5G,Natural Titanium,"The Samsung Galaxy A35 5G is a high-performance budget mid-range smartphone designed for modern mobile users. It is powered by the Snapdragon 7s Gen 2 processor paired with 12GB LPDDR5X ultra-fast RAM and 256GB UFS 4.0 storage. The device features a 6.74-inch 1.5K 120Hz Ultra Clear AMOLED with Aqua Touch wet-finger technology and 2150 nits brightness. For photography and videography, it houses a versatile camera system featuring a Dual 50MP rear camera sensors (Primary OIS + 114-degree Ultrawide) powered by Ultra XDR photography engine. The smartphone is powered by a 5000mAh battery with 90W Turbo Charge support included in the box. It operates on the latest OS release with enterprise-grade security updates and optimized thermal management.",30999,4.8,"Solid battery endurance paired with rapid charging. Handles demanding mobile titles without thermal throttling. However, the camera bump on the back is quite prominent."
519.0,Electronics,Samsung,Galaxy M55 5G,Oasis Green,"The Samsung Galaxy M55 5G is a high-performance budget mid-range smartphone designed for modern mobile users. It is powered by the Qualcomm Snapdragon 6 Gen 1 processor paired with 12GB LPDDR5X RAM with generous 512GB UFS 4.0 storage. The device features a 6.67-inch 1.5K 3D Curved AMOLED with 120Hz refresh rate, 1800 nits peak brightness and IP68 protection. For photography and videography, it houses a versatile camera system featuring a 200MP Samsung ISOCELL HP3 camera with OIS, 4x in-sensor lossless zoom, 8MP ultrawide, and 2MP macro lens. The smartphone is powered by a 5000mAh battery supporting 33W fast charging and 5W reverse wired charging. It operates on the latest OS release with enterprise-grade security updates and optimized thermal management.",26999,4.3,"Sleek aesthetic design that turns heads. System software is intuitive, responsive, and packed with practical AI features. Though curved display edges occasionally trigger accidental palm touches."
520.0,Electronics,OnePlus,Nord 4 5G,Midnight Blue,"The OnePlus Nord 4 5G is a high-performance mid-range smartphone designed for modern mobile users. It is powered by the MediaTek Dimensity 7200 Pro processor paired with 16GB heavy-multitasking LPDDR5X RAM and 512GB UFS 4.0 storage. The device features a 6.8-inch QHD+ 120Hz Dynamic AMOLED 2X display with 2600 nits peak brightness and Gorilla Armor. For photography and videography, it houses a versatile camera system featuring a 200MP OIS primary sensor, 50MP periscope telephoto with 5x optical zoom, 10MP 3x telephoto, and 12MP ultrawide. The smartphone is powered by a 5000mAh battery with 45W wired fast charging, 15W wireless charging, and reverse wireless support. It operates on the latest OS release with enterprise-grade security updates and optimized thermal management.",32999,4.1,"Extremely satisfied with the purchase! The camera quality is outstanding, especially in low light, and the battery comfortably lasts over a day. However, the phone is slightly heavy for single-handed use."
521.0,Electronics,OnePlus,Nord CE 4 5G,Sunset Orange,"The OnePlus Nord CE 4 5G is a high-performance budget mid-range smartphone designed for modern mobile users. It is powered by the Snapdragon 7s Gen 2 processor paired with 16GB flagship LPDDR5X RAM paired with massive 1TB UFS 4.0 storage. The device features a 6.7-inch Super Retina XDR OLED display with ProMotion 120Hz adaptive refresh rate and outdoor peak 2000 nits. For photography and videography, it houses a versatile camera system featuring a 48MP main sensor with sensor-shift OIS, 12MP 5x tetraprism optical zoom telephoto, and 12MP ultrawide. The smartphone is powered by a 4422mAh battery with MagSafe 15W wireless charging and high efficiency battery optimization. It operates on the latest OS release with enterprise-grade security updates and optimized thermal management.",28999,4.3,Blazing fast performance for daily multitasking and heavy gaming. The display is vibrant and easily readable under bright sunlight. Though the secondary ultrawide camera could be slightly better in low light.
522.0,Electronics,Redmi,Note 13 Pro+ 5G,Emerald Green,"The Redmi Note 13 Pro+ 5G is a high-performance mid-range smartphone designed for modern mobile users. It is powered by the Qualcomm Snapdragon 7 Gen 3 processor paired with LPDDR5 RAM and UFS 3.1 high-speed storage. The device features a 6.7-inch Super Actua LTPO OLED display with 1-120Hz variable refresh rate and 2400 nits peak brightness. For photography and videography, it houses a versatile camera system featuring a 50MP primary camera with OIS, 48MP ultrawide with macro focus, and 48MP telephoto with 5x optical zoom. The smartphone is powered by a 5050mAh battery with 30W wired charging and 23W wireless charging capability. It operates on the latest OS release with enterprise-grade security updates and optimized thermal management.",31999,4.4,"Great value for money smartphone in this price point. Clean UI experience and fast charging makes daily usage hassle-free. On the downside, charging speed could be slightly faster compared to rivals."
523.0,Electronics,Redmi,Note 13 Pro 5G,Starlight Silver,"The Redmi Note 13 Pro 5G is a high-performance budget mid-range smartphone designed for modern mobile users. It is powered by the MediaTek Dimensity 7050 processor paired with LPDDR5X RAM paired with 256GB UFS 4.0 internal storage. The device features a 6.82-inch 2K 120Hz Curved LTPO AMOLED display with 4500 nits peak brightness and Dolby Vision. For photography and videography, it houses a versatile camera system featuring a 50MP Sony LYT-808 primary sensor, 64MP periscope telephoto (3x optical, 120x digital), and 48MP ultrawide with Hasselblad color tuning. The smartphone is powered by a 5400mAh dual-cell battery supported by 100W SUPERVOOC fast charging (0-100% in 26 mins) and 50W AIRVOOC wireless. It operates on the latest OS release with enterprise-grade security updates and optimized thermal management.",26999,4.2,"The build quality feels high-end and comfortable to hold. Photos taken with the main lens are sharp with natural color tones. However, a fast wall adapter is not included inside the box."
524.0,Electronics,Redmi,Note 13 5G,Glacier White,"The Redmi Note 13 5G is a high-performance budget smartphone designed for modern mobile users. It is powered by the MediaTek Dimensity 6080 processor paired with 12GB LPDDR5X ultra-fast RAM and 256GB UFS 4.0 storage. The device features a 6.78-inch 1.5K 144Hz 8T LTPO AMOLED display with 3000 nits brightness and 2160Hz PWM dimming. For photography and videography, it houses a versatile camera system featuring a 1-inch 50MP Sony LYT-900 primary camera with stepless variable aperture (f/1.63-f/4.0) co-engineered with Leica. The smartphone is powered by a 5000mAh graphite battery with 120W FlashCharge (0-100% in ~27 mins). It operates on the latest OS release with enterprise-grade security updates and optimized thermal management.",18999,4.1,Incredible display clarity and high refresh rate make scrolling and gaming super smooth. Charging speed is amazingly fast. Though system software comes with a few preinstalled apps that require manual uninstalling.
525.0,Electronics,Honor,200 Pro 5G,Asteroid Black,"The Honor 200 Pro 5G is a high-performance upper mid-range smartphone designed for modern mobile users. It is powered by the Qualcomm Snapdragon 8s Gen 3 processor paired with 12GB LPDDR5X RAM with generous 512GB UFS 4.0 storage. The device features a 6.67-inch 1.5K 120Hz CrystalRes AMOLED display with Dolby Vision and Gorilla Glass Victus. For photography and videography, it houses a versatile camera system featuring a 50MP 1-inch Sony IMX989 sensor with OIS, 50MP ZEISS APO Floating Telephoto with 4.3x optical zoom and ZEISS T* anti-reflective coating. The smartphone is powered by a 5500mAh dual-cell battery with 120W SUPERVOOC superfast charging. It operates on the latest OS release with enterprise-grade security updates and optimized thermal management.",61999,4.7,Top-notch camera setup with exceptional portrait modes and zoom capability. Software runs smooth without any stutters. Keep in mind that there is no expandable microSD card slot or 3.5mm headphone jack.
526.0,Electronics,Honor,200 5G,Ocean Cyan,"The Honor 200 5G is a high-performance mid-range smartphone designed for modern mobile users. It is powered by the MediaTek Dimensity 7200 Pro processor paired with 16GB heavy-multitasking LPDDR5X RAM and 512GB UFS 4.0 storage. The device features a 6.7-inch 120Hz Flexible AMOLED screen with 1300 nits brightness and iconic transparent Glyph LED interface. For photography and videography, it houses a versatile camera system featuring a 50MP Sony LYT-808 main camera with OIS, 50MP telephoto portrait lens (2x optical zoom), and Next AI image processing. The smartphone is powered by a 5200mAh silicon-carbon high density battery with 100W wired and 66W wireless charging. It operates on the latest OS release with enterprise-grade security updates and optimized thermal management.",37999,4.8,"Solid battery endurance paired with rapid charging. Handles demanding mobile titles without thermal throttling. However, the camera bump on the back is quite prominent."
527.0,Electronics,Nothing,CMF by  Phone 1,Peach Fuzz,"The CMF by Nothing Phone 1 is a high-performance budget smartphone designed for modern mobile users. It is powered by the MediaTek Dimensity 6080 processor paired with 16GB flagship LPDDR5X RAM paired with massive 1TB UFS 4.0 storage. The device features a 6.6-inch FHD+ 120Hz Super AMOLED display with Knox Vault security and Vision Booster. For photography and videography, it houses a versatile camera system featuring a 50MP primary sensor with OIS, 50MP ultrawide with macro mode, and 64MP periscope telephoto with 3x optical zoom. The smartphone is powered by a 5500mAh heavy-duty battery with 100W SUPERVOOC charging maintaining health over 4 years. It operates on the latest OS release with enterprise-grade security updates and optimized thermal management.",19999,4.7,"Sleek aesthetic design that turns heads. System software is intuitive, responsive, and packed with practical AI features. Though curved display edges occasionally trigger accidental palm touches."
528.0,Electronics,Realme,12 Pro+ 5G,Phantom Black,"The Realme 12 Pro+ 5G is a high-performance mid-range smartphone designed for modern mobile users. It is powered by the Qualcomm Snapdragon 7 Gen 3 processor paired with LPDDR5 RAM and UFS 3.1 high-speed storage. The device features a 6.74-inch 1.5K 120Hz Ultra Clear AMOLED with Aqua Touch wet-finger technology and 2150 nits brightness. For photography and videography, it houses a versatile camera system featuring a Dual 50MP rear camera sensors (Primary OIS + 114-degree Ultrawide) powered by Ultra XDR photography engine. The smartphone is powered by a 5000mAh battery with 90W Turbo Charge support included in the box. It operates on the latest OS release with enterprise-grade security updates and optimized thermal management.",29999,4.5,"Extremely satisfied with the purchase! The camera quality is outstanding, especially in low light, and the battery comfortably lasts over a day. However, the phone is slightly heavy for single-handed use."
529.0,Electronics,Realme,P1 Pro 5G,Titanium Gray,"The Realme P1 Pro 5G is a high-performance budget smartphone designed for modern mobile users. It is powered by the Qualcomm Snapdragon 695 5G processor paired with LPDDR5X RAM paired with 256GB UFS 4.0 internal storage. The device features a 6.67-inch 1.5K 3D Curved AMOLED with 120Hz refresh rate, 1800 nits peak brightness and IP68 protection. For photography and videography, it houses a versatile camera system featuring a 200MP Samsung ISOCELL HP3 camera with OIS, 4x in-sensor lossless zoom, 8MP ultrawide, and 2MP macro lens. The smartphone is powered by a 5000mAh battery supporting 33W fast charging and 5W reverse wired charging. It operates on the latest OS release with enterprise-grade security updates and optimized thermal management.",21999,4.1,Blazing fast performance for daily multitasking and heavy gaming. The display is vibrant and easily readable under bright sunlight. Though the secondary ultrawide camera could be slightly better in low light.
530.0,Electronics,Vivo,T3 Pro 5G,Natural Titanium,"The Vivo T3 Pro 5G is a high-performance budget mid-range smartphone designed for modern mobile users. It is powered by the Snapdragon 7s Gen 2 processor paired with 12GB LPDDR5X ultra-fast RAM and 256GB UFS 4.0 storage. The device features a 6.8-inch QHD+ 120Hz Dynamic AMOLED 2X display with 2600 nits peak brightness and Gorilla Armor. For photography and videography, it houses a versatile camera system featuring a 200MP OIS primary sensor, 50MP periscope telephoto with 5x optical zoom, 10MP 3x telephoto, and 12MP ultrawide. The smartphone is powered by a 5000mAh battery with 45W wired fast charging, 15W wireless charging, and reverse wireless support. It operates on the latest OS release with enterprise-grade security updates and optimized thermal management.",26999,4.7,"Great value for money smartphone in this price point. Clean UI experience and fast charging makes daily usage hassle-free. On the downside, charging speed could be slightly faster compared to rivals."
531.0,Electronics,iQOO,Z9 Turbo 5G,Oasis Green,"The iQOO Z9 Turbo 5G is a high-performance budget mid-range smartphone designed for modern mobile users. It is powered by the Qualcomm Snapdragon 6 Gen 1 processor paired with 12GB LPDDR5X RAM with generous 512GB UFS 4.0 storage. The device features a 6.7-inch Super Retina XDR OLED display with ProMotion 120Hz adaptive refresh rate and outdoor peak 2000 nits. For photography and videography, it houses a versatile camera system featuring a 48MP main sensor with sensor-shift OIS, 12MP 5x tetraprism optical zoom telephoto, and 12MP ultrawide. The smartphone is powered by a 4422mAh battery with MagSafe 15W wireless charging and high efficiency battery optimization. It operates on the latest OS release with enterprise-grade security updates and optimized thermal management.",23999,4.7,"The build quality feels high-end and comfortable to hold. Photos taken with the main lens are sharp with natural color tones. However, a fast wall adapter is not included inside the box."
532.0,Electronics,Samsung,Galaxy Z Fold 5 5G,Midnight Blue,"The Samsung Galaxy Z Fold 5 5G is a high-performance foldable flagship smartphone designed for modern mobile users. It is powered by the Qualcomm Snapdragon 8 Gen 2 processor paired with 16GB heavy-multitasking LPDDR5X RAM and 512GB UFS 4.0 storage. The device features a 6.7-inch Super Actua LTPO OLED display with 1-120Hz variable refresh rate and 2400 nits peak brightness. For photography and videography, it houses a versatile camera system featuring a 50MP primary camera with OIS, 48MP ultrawide with macro focus, and 48MP telephoto with 5x optical zoom. The smartphone is powered by a 5050mAh battery with 30W wired charging and 23W wireless charging capability. It operates on the latest OS release with enterprise-grade security updates and optimized thermal management.",164999,4.9,Incredible display clarity and high refresh rate make scrolling and gaming super smooth. Charging speed is amazingly fast. Though system software comes with a few preinstalled apps that require manual uninstalling.
533.0,Electronics,Samsung,Galaxy Z Flip 5 5G,Sunset Orange,"The Samsung Galaxy Z Flip 5 5G is a high-performance foldable flagship smartphone designed for modern mobile users. It is powered by the MediaTek Dimensity 9000+ processor paired with 16GB flagship LPDDR5X RAM paired with massive 1TB UFS 4.0 storage. The device features a 6.82-inch 2K 120Hz Curved LTPO AMOLED display with 4500 nits peak brightness and Dolby Vision. For photography and videography, it houses a versatile camera system featuring a 50MP Sony LYT-808 primary sensor, 64MP periscope telephoto (3x optical, 120x digital), and 48MP ultrawide with Hasselblad color tuning. The smartphone is powered by a 5400mAh dual-cell battery supported by 100W SUPERVOOC fast charging (0-100% in 26 mins) and 50W AIRVOOC wireless. It operates on the latest OS release with enterprise-grade security updates and optimized thermal management.",119999,4.3,Top-notch camera setup with exceptional portrait modes and zoom capability. Software runs smooth without any stutters. Keep in mind that there is no expandable microSD card slot or 3.5mm headphone jack.
534.0,Electronics,Motorola,Razr 50 Ultra 5G,Emerald Green,"The Motorola Razr 50 Ultra 5G is a high-performance foldable flagship smartphone designed for modern mobile users. It is powered by the Qualcomm Snapdragon 8 Gen 3 processor paired with LPDDR5 RAM and UFS 3.1 high-speed storage. The device features a 6.78-inch 1.5K 144Hz 8T LTPO AMOLED display with 3000 nits brightness and 2160Hz PWM dimming. For photography and videography, it houses a versatile camera system featuring a 1-inch 50MP Sony LYT-900 primary camera with stepless variable aperture (f/1.63-f/4.0) co-engineered with Leica. The smartphone is powered by a 5000mAh graphite battery with 120W FlashCharge (0-100% in ~27 mins). It operates on the latest OS release with enterprise-grade security updates and optimized thermal management.",89999,4.9,"Solid battery endurance paired with rapid charging. Handles demanding mobile titles without thermal throttling. However, the camera bump on the back is quite prominent."
535.0,Electronics,Tecno,Phantom V Fold 5G,Starlight Silver,"The Tecno Phantom V Fold 5G is a high-performance foldable flagship smartphone designed for modern mobile users. It is powered by the Qualcomm Snapdragon 8 Gen 2 processor paired with LPDDR5X RAM paired with 256GB UFS 4.0 internal storage. The device features a 6.67-inch 1.5K 120Hz CrystalRes AMOLED display with Dolby Vision and Gorilla Glass Victus. For photography and videography, it houses a versatile camera system featuring a 50MP 1-inch Sony IMX989 sensor with OIS, 50MP ZEISS APO Floating Telephoto with 4.3x optical zoom and ZEISS T* anti-reflective coating. The smartphone is powered by a 5500mAh dual-cell battery with 120W SUPERVOOC superfast charging. It operates on the latest OS release with enterprise-grade security updates and optimized thermal management.",74999,4.1,"Sleek aesthetic design that turns heads. System software is intuitive, responsive, and packed with practical AI features. Though curved display edges occasionally trigger accidental palm touches."
536.0,Electronics,Tecno,Phantom V Flip 5G,Glacier White,"The Tecno Phantom V Flip 5G is a high-performance foldable mid-range smartphone designed for modern mobile users. It is powered by the MediaTek Dimensity 8050 5G processor paired with 12GB LPDDR5X ultra-fast RAM and 256GB UFS 4.0 storage. The device features a 6.7-inch 120Hz Flexible AMOLED screen with 1300 nits brightness and iconic transparent Glyph LED interface. For photography and videography, it houses a versatile camera system featuring a 50MP Sony LYT-808 main camera with OIS, 50MP telephoto portrait lens (2x optical zoom), and Next AI image processing. The smartphone is powered by a 5200mAh silicon-carbon high density battery with 100W wired and 66W wireless charging. It operates on the latest OS release with enterprise-grade security updates and optimized thermal management.",52999,4.1,"Extremely satisfied with the purchase! The camera quality is outstanding, especially in low light, and the battery comfortably lasts over a day. However, the phone is slightly heavy for single-handed use."
537.0,Electronics,ASUS,ROG Phone 8 Pro 5G,Asteroid Black,"The Asus ROG Phone 8 Pro 5G is a high-performance gaming flagship smartphone designed for modern mobile users. It is powered by the Qualcomm Snapdragon 8 Gen 3 with dedicated GameCool vapour cooling processor paired with 12GB LPDDR5X RAM with generous 512GB UFS 4.0 storage. The device features a 6.6-inch FHD+ 120Hz Super AMOLED display with Knox Vault security and Vision Booster. For photography and videography, it houses a versatile camera system featuring a 50MP primary sensor with OIS, 50MP ultrawide with macro mode, and 64MP periscope telephoto with 3x optical zoom. The smartphone is powered by a 5500mAh heavy-duty battery with 100W SUPERVOOC charging maintaining health over 4 years. It operates on the latest OS release with enterprise-grade security updates and optimized thermal management.",99999,4.4,Blazing fast performance for daily multitasking and heavy gaming. The display is vibrant and easily readable under bright sunlight. Though the secondary ultrawide camera could be slightly better in low light.
538.0,Electronics,ASUS,ROG Phone 8 5G,Ocean Cyan,"The Asus ROG Phone 8 5G is a high-performance gaming flagship smartphone designed for modern mobile users. It is powered by the Qualcomm Snapdragon 8 Gen 3 with dedicated GameCool vapour cooling processor paired with 16GB heavy-multitasking LPDDR5X RAM and 512GB UFS 4.0 storage. The device features a 6.74-inch 1.5K 120Hz Ultra Clear AMOLED with Aqua Touch wet-finger technology and 2150 nits brightness. For photography and videography, it houses a versatile camera system featuring a Dual 50MP rear camera sensors (Primary OIS + 114-degree Ultrawide) powered by Ultra XDR photography engine. The smartphone is powered by a 5000mAh battery with 90W Turbo Charge support included in the box. It operates on the latest OS release with enterprise-grade security updates and optimized thermal management.",84999,4.9,"Great value for money smartphone in this price point. Clean UI experience and fast charging makes daily usage hassle-free. On the downside, charging speed could be slightly faster compared to rivals."
539.0,Electronics,Samsung,Galaxy S24 Ultra,Peach Fuzz,"The Samsung Galaxy S24 Ultra is a high-performance flagship smartphone designed for modern mobile users. It is powered by the MediaTek Dimensity 9300 processor paired with 16GB flagship LPDDR5X RAM paired with massive 1TB UFS 4.0 storage. The device features a 6.67-inch 1.5K 3D Curved AMOLED with 120Hz refresh rate, 1800 nits peak brightness and IP68 protection. For photography and videography, it houses a versatile camera system featuring a 200MP Samsung ISOCELL HP3 camera with OIS, 4x in-sensor lossless zoom, 8MP ultrawide, and 2MP macro lens. The smartphone is powered by a 5000mAh battery supporting 33W fast charging and 5W reverse wired charging. It operates on the latest OS release with enterprise-grade security updates and optimized thermal management.",159999,4.6,"The build quality feels high-end and comfortable to hold. Photos taken with the main lens are sharp with natural color tones. However, a fast wall adapter is not included inside the box."
540.0,Electronics,Samsung,Galaxy S24 Plus,Phantom Black,"The Samsung Galaxy S24 Plus is a high-performance flagship smartphone designed for modern mobile users. It is powered by the Qualcomm Snapdragon 8 Gen 3 processor paired with LPDDR5 RAM and UFS 3.1 high-speed storage. The device features a 6.8-inch QHD+ 120Hz Dynamic AMOLED 2X display with 2600 nits peak brightness and Gorilla Armor. For photography and videography, it houses a versatile camera system featuring a 200MP OIS primary sensor, 50MP periscope telephoto with 5x optical zoom, 10MP 3x telephoto, and 12MP ultrawide. The smartphone is powered by a 5000mAh battery with 45W wired fast charging, 15W wireless charging, and reverse wireless support. It operates on the latest OS release with enterprise-grade security updates and optimized thermal management.",99999,3.9,Incredible display clarity and high refresh rate make scrolling and gaming super smooth. Charging speed is amazingly fast. Though system software comes with a few preinstalled apps that require manual uninstalling.
541.0,Electronics,Samsung,Galaxy S24,Titanium Gray,"The Samsung Galaxy S24 is a high-performance flagship smartphone designed for modern mobile users. It is powered by the Apple A17 Pro (3nm) processor paired with LPDDR5X RAM paired with 256GB UFS 4.0 internal storage. The device features a 6.7-inch Super Retina XDR OLED display with ProMotion 120Hz adaptive refresh rate and outdoor peak 2000 nits. For photography and videography, it houses a versatile camera system featuring a 48MP main sensor with sensor-shift OIS, 12MP 5x tetraprism optical zoom telephoto, and 12MP ultrawide. The smartphone is powered by a 4422mAh battery with MagSafe 15W wireless charging and high efficiency battery optimization. It operates on the latest OS release with enterprise-grade security updates and optimized thermal management.",79999,4.3,Top-notch camera setup with exceptional portrait modes and zoom capability. Software runs smooth without any stutters. Keep in mind that there is no expandable microSD card slot or 3.5mm headphone jack.
542.0,Electronics,Apple,iPhone 15 Pro Max,Natural Titanium,"The Apple iPhone 15 Pro Max is a high-performance flagship smartphone designed for modern mobile users. It is powered by the Google Tensor G3 processor paired with 12GB LPDDR5X ultra-fast RAM and 256GB UFS 4.0 storage. The device features a 6.7-inch Super Actua LTPO OLED display with 1-120Hz variable refresh rate and 2400 nits peak brightness. For photography and videography, it houses a versatile camera system featuring a 50MP primary camera with OIS, 48MP ultrawide with macro focus, and 48MP telephoto with 5x optical zoom. The smartphone is powered by a 5050mAh battery with 30W wired charging and 23W wireless charging capability. It operates on the latest OS release with enterprise-grade security updates and optimized thermal management.",179900,4.1,"Solid battery endurance paired with rapid charging. Handles demanding mobile titles without thermal throttling. However, the camera bump on the back is quite prominent."
543.0,Electronics,Apple,iPhone 15 Pro,Oasis Green,"The Apple iPhone 15 Pro is a high-performance flagship smartphone designed for modern mobile users. It is powered by the MediaTek Dimensity 9300 processor paired with 12GB LPDDR5X RAM with generous 512GB UFS 4.0 storage. The device features a 6.82-inch 2K 120Hz Curved LTPO AMOLED display with 4500 nits peak brightness and Dolby Vision. For photography and videography, it houses a versatile camera system featuring a 50MP Sony LYT-808 primary sensor, 64MP periscope telephoto (3x optical, 120x digital), and 48MP ultrawide with Hasselblad color tuning. The smartphone is powered by a 5400mAh dual-cell battery supported by 100W SUPERVOOC fast charging (0-100% in 26 mins) and 50W AIRVOOC wireless. It operates on the latest OS release with enterprise-grade security updates and optimized thermal management.",144900,4.4,"Sleek aesthetic design that turns heads. System software is intuitive, responsive, and packed with practical AI features. Though curved display edges occasionally trigger accidental palm touches."
544.0,Electronics,Apple,iPhone 15 Plus,Midnight Blue,"The Apple iPhone 15 Plus is a high-performance flagship smartphone designed for modern mobile users. It is powered by the Qualcomm Snapdragon 8 Gen 3 processor paired with 16GB heavy-multitasking LPDDR5X RAM and 512GB UFS 4.0 storage. The device features a 6.78-inch 1.5K 144Hz 8T LTPO AMOLED display with 3000 nits brightness and 2160Hz PWM dimming. For photography and videography, it houses a versatile camera system featuring a 1-inch 50MP Sony LYT-900 primary camera with stepless variable aperture (f/1.63-f/4.0) co-engineered with Leica. The smartphone is powered by a 5000mAh graphite battery with 120W FlashCharge (0-100% in ~27 mins). It operates on the latest OS release with enterprise-grade security updates and optimized thermal management.",99900,4.9,"Extremely satisfied with the purchase! The camera quality is outstanding, especially in low light, and the battery comfortably lasts over a day. However, the phone is slightly heavy for single-handed use."
545.0,Electronics,Apple,iPhone 15,Sunset Orange,"The Apple iPhone 15 is a high-performance flagship smartphone designed for modern mobile users. It is powered by the Apple A17 Pro (3nm) processor paired with 16GB flagship LPDDR5X RAM paired with massive 1TB UFS 4.0 storage. The device features a 6.67-inch 1.5K 120Hz CrystalRes AMOLED display with Dolby Vision and Gorilla Glass Victus. For photography and videography, it houses a versatile camera system featuring a 50MP 1-inch Sony IMX989 sensor with OIS, 50MP ZEISS APO Floating Telephoto with 4.3x optical zoom and ZEISS T* anti-reflective coating. The smartphone is powered by a 5500mAh dual-cell battery with 120W SUPERVOOC superfast charging. It operates on the latest OS release with enterprise-grade security updates and optimized thermal management.",109900,4.3,Blazing fast performance for daily multitasking and heavy gaming. The display is vibrant and easily readable under bright sunlight. Though the secondary ultrawide camera could be slightly better in low light.
546.0,Electronics,Google,Pixel 8 Pro,Emerald Green,"The Google Pixel 8 Pro is a high-performance flagship smartphone designed for modern mobile users. It is powered by the Google Tensor G3 processor paired with LPDDR5 RAM and UFS 3.1 high-speed storage. The device features a 6.7-inch 120Hz Flexible AMOLED screen with 1300 nits brightness and iconic transparent Glyph LED interface. For photography and videography, it houses a versatile camera system featuring a 50MP Sony LYT-808 main camera with OIS, 50MP telephoto portrait lens (2x optical zoom), and Next AI image processing. The smartphone is powered by a 5200mAh silicon-carbon high density battery with 100W wired and 66W wireless charging. It operates on the latest OS release with enterprise-grade security updates and optimized thermal management.",106999,4.9,"Great value for money smartphone in this price point. Clean UI experience and fast charging makes daily usage hassle-free. On the downside, charging speed could be slightly faster compared to rivals."
547.0,Electronics,Google,Pixel 8a,Starlight Silver,"The Google Pixel 8a is a high-performance mid-range smartphone designed for modern mobile users. It is powered by the MediaTek Dimensity 7200 Pro processor paired with LPDDR5X RAM paired with 256GB UFS 4.0 internal storage. The device features a 6.6-inch FHD+ 120Hz Super AMOLED display with Knox Vault security and Vision Booster. For photography and videography, it houses a versatile camera system featuring a 50MP primary sensor with OIS, 50MP ultrawide with macro mode, and 64MP periscope telephoto with 3x optical zoom. The smartphone is powered by a 5500mAh heavy-duty battery with 100W SUPERVOOC charging maintaining health over 4 years. It operates on the latest OS release with enterprise-grade security updates and optimized thermal management.",59999,4.7,"The build quality feels high-end and comfortable to hold. Photos taken with the main lens are sharp with natural color tones. However, a fast wall adapter is not included inside the box."
548.0,Electronics,OnePlus,12 5G,Glacier White,"The OnePlus 12 5G is a high-performance flagship smartphone designed for modern mobile users. It is powered by the Qualcomm Snapdragon 8 Gen 3 processor paired with 12GB LPDDR5X ultra-fast RAM and 256GB UFS 4.0 storage. The device features a 6.74-inch 1.5K 120Hz Ultra Clear AMOLED with Aqua Touch wet-finger technology and 2150 nits brightness. For photography and videography, it houses a versatile camera system featuring a Dual 50MP rear camera sensors (Primary OIS + 114-degree Ultrawide) powered by Ultra XDR photography engine. The smartphone is powered by a 5000mAh battery with 90W Turbo Charge support included in the box. It operates on the latest OS release with enterprise-grade security updates and optimized thermal management.",69999,4.4,Incredible display clarity and high refresh rate make scrolling and gaming super smooth. Charging speed is amazingly fast. Though system software comes with a few preinstalled apps that require manual uninstalling.
549.0,Electronics,OnePlus,12R 5G,Asteroid Black,"The OnePlus 12R 5G is a high-performance upper mid-range smartphone designed for modern mobile users. It is powered by the Qualcomm Snapdragon 8s Gen 3 processor paired with 12GB LPDDR5X RAM with generous 512GB UFS 4.0 storage. The device features a 6.67-inch 1.5K 3D Curved AMOLED with 120Hz refresh rate, 1800 nits peak brightness and IP68 protection. For photography and videography, it houses a versatile camera system featuring a 200MP Samsung ISOCELL HP3 camera with OIS, 4x in-sensor lossless zoom, 8MP ultrawide, and 2MP macro lens. The smartphone is powered by a 5000mAh battery supporting 33W fast charging and 5W reverse wired charging. It operates on the latest OS release with enterprise-grade security updates and optimized thermal management.",42999,4.3,Top-notch camera setup with exceptional portrait modes and zoom capability. Software runs smooth without any stutters. Keep in mind that there is no expandable microSD card slot or 3.5mm headphone jack.
550.0,Electronics,Xiaomi,14 Ultra 5G,Ocean Cyan,"The Xiaomi 14 Ultra 5G is a high-performance flagship smartphone designed for modern mobile users. It is powered by the Google Tensor G3 processor paired with 16GB heavy-multitasking LPDDR5X RAM and 512GB UFS 4.0 storage. The device features a 6.8-inch QHD+ 120Hz Dynamic AMOLED 2X display with 2600 nits peak brightness and Gorilla Armor. For photography and videography, it houses a versatile camera system featuring a 200MP OIS primary sensor, 50MP periscope telephoto with 5x optical zoom, 10MP 3x telephoto, and 12MP ultrawide. The smartphone is powered by a 5000mAh battery with 45W wired fast charging, 15W wireless charging, and reverse wireless support. It operates on the latest OS release with enterprise-grade security updates and optimized thermal management.",109999,4.0,"Solid battery endurance paired with rapid charging. Handles demanding mobile titles without thermal throttling. However, the camera bump on the back is quite prominent."
551.0,Electronics,Xiaomi,14 Civi,Peach Fuzz,"The Xiaomi 14 Civi is a high-performance upper mid-range smartphone designed for modern mobile users. It is powered by the MediaTek Dimensity 8300 Ultra processor paired with 16GB flagship LPDDR5X RAM paired with massive 1TB UFS 4.0 storage. The device features a 6.7-inch Super Retina XDR OLED display with ProMotion 120Hz adaptive refresh rate and outdoor peak 2000 nits. For photography and videography, it houses a versatile camera system featuring a 48MP main sensor with sensor-shift OIS, 12MP 5x tetraprism optical zoom telephoto, and 12MP ultrawide. The smartphone is powered by a 4422mAh battery with MagSafe 15W wireless charging and high efficiency battery optimization. It operates on the latest OS release with enterprise-grade security updates and optimized thermal management.",51999,4.5,"Sleek aesthetic design that turns heads. System software is intuitive, responsive, and packed with practical AI features. Though curved display edges occasionally trigger accidental palm touches."
552.0,Electronics,Vivo,X100 Pro 5G,Phantom Black,"The Vivo X100 Pro 5G is a high-performance flagship smartphone designed for modern mobile users. It is powered by the Qualcomm Snapdragon 8 Gen 3 processor paired with LPDDR5 RAM and UFS 3.1 high-speed storage. The device features a 6.7-inch Super Actua LTPO OLED display with 1-120Hz variable refresh rate and 2400 nits peak brightness. For photography and videography, it houses a versatile camera system featuring a 50MP primary camera with OIS, 48MP ultrawide with macro focus, and 48MP telephoto with 5x optical zoom. The smartphone is powered by a 5050mAh battery with 30W wired charging and 23W wireless charging capability. It operates on the latest OS release with enterprise-grade security updates and optimized thermal management.",89999,4.5,"Extremely satisfied with the purchase! The camera quality is outstanding, especially in low light, and the battery comfortably lasts over a day. However, the phone is slightly heavy for single-handed use."
553.0,Electronics,Vivo,V30 Pro 5G,Titanium Gray,"The Vivo V30 Pro 5G is a high-performance mid-range smartphone designed for modern mobile users. It is powered by the MediaTek Dimensity 7200 Pro processor paired with LPDDR5X RAM paired with 256GB UFS 4.0 internal storage. The device features a 6.82-inch 2K 120Hz Curved LTPO AMOLED display with 4500 nits peak brightness and Dolby Vision. For photography and videography, it houses a versatile camera system featuring a 50MP Sony LYT-808 primary sensor, 64MP periscope telephoto (3x optical, 120x digital), and 48MP ultrawide with Hasselblad color tuning. The smartphone is powered by a 5400mAh dual-cell battery supported by 100W SUPERVOOC fast charging (0-100% in 26 mins) and 50W AIRVOOC wireless. It operates on the latest OS release with enterprise-grade security updates and optimized thermal management.",46999,4.3,Blazing fast performance for daily multitasking and heavy gaming. The display is vibrant and easily readable under bright sunlight. Though the secondary ultrawide camera could be slightly better in low light.
554.0,Electronics,iQOO,12 5G,Natural Titanium,"The iQOO 12 5G is a high-performance performance flagship smartphone designed for modern mobile users. It is powered by the MediaTek Dimensity 9300 processor paired with 12GB LPDDR5X ultra-fast RAM and 256GB UFS 4.0 storage. The device features a 6.78-inch 1.5K 144Hz 8T LTPO AMOLED display with 3000 nits brightness and 2160Hz PWM dimming. For photography and videography, it houses a versatile camera system featuring a 1-inch 50MP Sony LYT-900 primary camera with stepless variable aperture (f/1.63-f/4.0) co-engineered with Leica. The smartphone is powered by a 5000mAh graphite battery with 120W FlashCharge (0-100% in ~27 mins). It operates on the latest OS release with enterprise-grade security updates and optimized thermal management.",57999,4.9,"Great value for money smartphone in this price point. Clean UI experience and fast charging makes daily usage hassle-free. On the downside, charging speed could be slightly faster compared to rivals."
555.0,Electronics,iQOO,Neo 9 Pro 5G,Oasis Green,"The iQOO Neo 9 Pro 5G is a high-performance performance mid-range smartphone designed for modern mobile users. It is powered by the Qualcomm Snapdragon 8 Gen 2 processor paired with 12GB LPDDR5X RAM with generous 512GB UFS 4.0 storage. The device features a 6.67-inch 1.5K 120Hz CrystalRes AMOLED display with Dolby Vision and Gorilla Glass Victus. For photography and videography, it houses a versatile camera system featuring a 50MP 1-inch Sony IMX989 sensor with OIS, 50MP ZEISS APO Floating Telephoto with 4.3x optical zoom and ZEISS T* anti-reflective coating. The smartphone is powered by a 5500mAh dual-cell battery with 120W SUPERVOOC superfast charging. It operates on the latest OS release with enterprise-grade security updates and optimized thermal management.",37999,4.4,"The build quality feels high-end and comfortable to hold. Photos taken with the main lens are sharp with natural color tones. However, a fast wall adapter is not included inside the box."
556.0,Electronics,Realme,GT 6 5G,Midnight Blue,"The Realme GT 6 5G is a high-performance upper mid-range smartphone designed for modern mobile users. It is powered by the Qualcomm Snapdragon 7+ Gen 3 processor paired with 16GB heavy-multitasking LPDDR5X RAM and 512GB UFS 4.0 storage. The device features a 6.7-inch 120Hz Flexible AMOLED screen with 1300 nits brightness and iconic transparent Glyph LED interface. For photography and videography, it houses a versatile camera system featuring a 50MP Sony LYT-808 main camera with OIS, 50MP telephoto portrait lens (2x optical zoom), and Next AI image processing. The smartphone is powered by a 5200mAh silicon-carbon high density battery with 100W wired and 66W wireless charging. It operates on the latest OS release with enterprise-grade security updates and optimized thermal management.",42999,3.9,Incredible display clarity and high refresh rate make scrolling and gaming super smooth. Charging speed is amazingly fast. Though system software comes with a few preinstalled apps that require manual uninstalling.
557.0,Electronics,Realme,GT 6T 5G,Sunset Orange,"The Realme GT 6T 5G is a high-performance mid-range smartphone designed for modern mobile users. It is powered by the Exynos 1480 (4nm) processor paired with 16GB flagship LPDDR5X RAM paired with massive 1TB UFS 4.0 storage. The device features a 6.6-inch FHD+ 120Hz Super AMOLED display with Knox Vault security and Vision Booster. For photography and videography, it houses a versatile camera system featuring a 50MP primary sensor with OIS, 50MP ultrawide with macro mode, and 64MP periscope telephoto with 3x optical zoom. The smartphone is powered by a 5500mAh heavy-duty battery with 100W SUPERVOOC charging maintaining health over 4 years. It operates on the latest OS release with enterprise-grade security updates and optimized thermal management.",35999,4.5,Top-notch camera setup with exceptional portrait modes and zoom capability. Software runs smooth without any stutters. Keep in mind that there is no expandable microSD card slot or 3.5mm headphone jack.
558.0,Electronics,Motorola,Edge 50 Ultra,Emerald Green,"The Motorola Edge 50 Ultra is a high-performance flagship smartphone designed for modern mobile users. It is powered by the Google Tensor G3 processor paired with LPDDR5 RAM and UFS 3.1 high-speed storage. The device features a 6.74-inch 1.5K 120Hz Ultra Clear AMOLED with Aqua Touch wet-finger technology and 2150 nits brightness. For photography and videography, it houses a versatile camera system featuring a Dual 50MP rear camera sensors (Primary OIS + 114-degree Ultrawide) powered by Ultra XDR photography engine. The smartphone is powered by a 5000mAh battery with 90W Turbo Charge support included in the box. It operates on the latest OS release with enterprise-grade security updates and optimized thermal management.",59999,4.4,"Solid battery endurance paired with rapid charging. Handles demanding mobile titles without thermal throttling. However, the camera bump on the back is quite prominent."
559.0,Electronics,Motorola,Edge 50 Pro,Starlight Silver,"The Motorola Edge 50 Pro is a high-performance mid-range smartphone designed for modern mobile users. It is powered by the MediaTek Dimensity 7200 Pro processor paired with LPDDR5X RAM paired with 256GB UFS 4.0 internal storage. The device features a 6.67-inch 1.5K 3D Curved AMOLED with 120Hz refresh rate, 1800 nits peak brightness and IP68 protection. For photography and videography, it houses a versatile camera system featuring a 200MP Samsung ISOCELL HP3 camera with OIS, 4x in-sensor lossless zoom, 8MP ultrawide, and 2MP macro lens. The smartphone is powered by a 5000mAh battery supporting 33W fast charging and 5W reverse wired charging. It operates on the latest OS release with enterprise-grade security updates and optimized thermal management.",35999,4.5,"Sleek aesthetic design that turns heads. System software is intuitive, responsive, and packed with practical AI features. Though curved display edges occasionally trigger accidental palm touches."
560.0,Electronics,Motorola,Edge 50 Fusion,Glacier White,"The Motorola Edge 50 Fusion is a high-performance budget mid-range smartphone designed for modern mobile users. It is powered by the Snapdragon 7s Gen 2 processor paired with 12GB LPDDR5X ultra-fast RAM and 256GB UFS 4.0 storage. The device features a 6.8-inch QHD+ 120Hz Dynamic AMOLED 2X display with 2600 nits peak brightness and Gorilla Armor. For photography and videography, it houses a versatile camera system featuring a 200MP OIS primary sensor, 50MP periscope telephoto with 5x optical zoom, 10MP 3x telephoto, and 12MP ultrawide. The smartphone is powered by a 5000mAh battery with 45W wired fast charging, 15W wireless charging, and reverse wireless support. It operates on the latest OS release with enterprise-grade security updates and optimized thermal management.",24999,4.7,"Extremely satisfied with the purchase! The camera quality is outstanding, especially in low light, and the battery comfortably lasts over a day. However, the phone is slightly heavy for single-handed use."
561.0,Electronics,Nothing,Phone,2,"The Nothing Phone (2) is a high-performance upper mid-range smartphone designed for modern mobile users. It is powered by the Qualcomm Snapdragon 8s Gen 3 processor paired with 12GB LPDDR5X RAM with generous 512GB UFS 4.0 storage. The device features a 6.7-inch Super Retina XDR OLED display with ProMotion 120Hz adaptive refresh rate and outdoor peak 2000 nits. For photography and videography, it houses a versatile camera system featuring a 48MP main sensor with sensor-shift OIS, 12MP 5x tetraprism optical zoom telephoto, and 12MP ultrawide. The smartphone is powered by a 4422mAh battery with MagSafe 15W wireless charging and high efficiency battery optimization. It operates on the latest OS release with enterprise-grade security updates and optimized thermal management.",39999,4.9,Blazing fast performance for daily multitasking and heavy gaming. The display is vibrant and easily readable under bright sunlight. Though the secondary ultrawide camera could be slightly better in low light.
562.0,Electronics,Nothing,Phone,2a,"The Nothing Phone (2a) is a high-performance budget mid-range smartphone designed for modern mobile users. It is powered by the MediaTek Dimensity 7050 processor paired with 16GB heavy-multitasking LPDDR5X RAM and 512GB UFS 4.0 storage. The device features a 6.7-inch Super Actua LTPO OLED display with 1-120Hz variable refresh rate and 2400 nits peak brightness. For photography and videography, it houses a versatile camera system featuring a 50MP primary camera with OIS, 48MP ultrawide with macro focus, and 48MP telephoto with 5x optical zoom. The smartphone is powered by a 5050mAh battery with 30W wired charging and 23W wireless charging capability. It operates on the latest OS release with enterprise-grade security updates and optimized thermal management.",25999,4.7,"Great value for money smartphone in this price point. Clean UI experience and fast charging makes daily usage hassle-free. On the downside, charging speed could be slightly faster compared to rivals."
563.0,Electronics,POCO,F6 Pro 5G,Peach Fuzz,"The Poco F6 Pro 5G is a high-performance performance mid-range smartphone designed for modern mobile users. It is powered by the MediaTek Dimensity 8300 Ultra processor paired with 16GB flagship LPDDR5X RAM paired with massive 1TB UFS 4.0 storage. The device features a 6.82-inch 2K 120Hz Curved LTPO AMOLED display with 4500 nits peak brightness and Dolby Vision. For photography and videography, it houses a versatile camera system featuring a 50MP Sony LYT-808 primary sensor, 64MP periscope telephoto (3x optical, 120x digital), and 48MP ultrawide with Hasselblad color tuning. The smartphone is powered by a 5400mAh dual-cell battery supported by 100W SUPERVOOC fast charging (0-100% in 26 mins) and 50W AIRVOOC wireless. It operates on the latest OS release with enterprise-grade security updates and optimized thermal management.",44999,4.5,"The build quality feels high-end and comfortable to hold. Photos taken with the main lens are sharp with natural color tones. However, a fast wall adapter is not included inside the box."
564.0,Electronics,POCO,F6 5G,Phantom Black,"The Poco F6 5G is a high-performance performance budget smartphone designed for modern mobile users. It is powered by the Qualcomm Snapdragon 8s Gen 3 processor paired with LPDDR5 RAM and UFS 3.1 high-speed storage. The device features a 6.78-inch 1.5K 144Hz 8T LTPO AMOLED display with 3000 nits brightness and 2160Hz PWM dimming. For photography and videography, it houses a versatile camera system featuring a 1-inch 50MP Sony LYT-900 primary camera with stepless variable aperture (f/1.63-f/4.0) co-engineered with Leica. The smartphone is powered by a 5000mAh graphite battery with 120W FlashCharge (0-100% in ~27 mins). It operates on the latest OS release with enterprise-grade security updates and optimized thermal management.",29999,4.0,Incredible display clarity and high refresh rate make scrolling and gaming super smooth. Charging speed is amazingly fast. Though system software comes with a few preinstalled apps that require manual uninstalling.
565.0,Electronics,POCO,X6 Pro 5G,Titanium Gray,"The Poco X6 Pro 5G is a high-performance performance budget smartphone designed for modern mobile users. It is powered by the MediaTek Dimensity 8300 Ultra processor paired with LPDDR5X RAM paired with 256GB UFS 4.0 internal storage. The device features a 6.67-inch 1.5K 120Hz CrystalRes AMOLED display with Dolby Vision and Gorilla Glass Victus. For photography and videography, it houses a versatile camera system featuring a 50MP 1-inch Sony IMX989 sensor with OIS, 50MP ZEISS APO Floating Telephoto with 4.3x optical zoom and ZEISS T* anti-reflective coating. The smartphone is powered by a 5500mAh dual-cell battery with 120W SUPERVOOC superfast charging. It operates on the latest OS release with enterprise-grade security updates and optimized thermal management.",26999,4.0,Top-notch camera setup with exceptional portrait modes and zoom capability. Software runs smooth without any stutters. Keep in mind that there is no expandable microSD card slot or 3.5mm headphone jack.
566.0,Electronics,Samsung,Galaxy A55 5G,Natural Titanium,"The Samsung Galaxy A55 5G is a high-performance mid-range smartphone designed for modern mobile users. It is powered by the Exynos 1480 (4nm) processor paired with 12GB LPDDR5X ultra-fast RAM and 256GB UFS 4.0 storage. The device features a 6.7-inch 120Hz Flexible AMOLED screen with 1300 nits brightness and iconic transparent Glyph LED interface. For photography and videography, it houses a versatile camera system featuring a 50MP Sony LYT-808 main camera with OIS, 50MP telephoto portrait lens (2x optical zoom), and Next AI image processing. The smartphone is powered by a 5200mAh silicon-carbon high density battery with 100W wired and 66W wireless charging. It operates on the latest OS release with enterprise-grade security updates and optimized thermal management.",42999,4.7,"Solid battery endurance paired with rapid charging. Handles demanding mobile titles without thermal throttling. However, the camera bump on the back is quite prominent."
567.0,Electronics,Samsung,Galaxy A35 5G,Oasis Green,"The Samsung Galaxy A35 5G is a high-performance budget mid-range smartphone designed for modern mobile users. It is powered by the Qualcomm Snapdragon 6 Gen 1 processor paired with 12GB LPDDR5X RAM with generous 512GB UFS 4.0 storage. The device features a 6.6-inch FHD+ 120Hz Super AMOLED display with Knox Vault security and Vision Booster. For photography and videography, it houses a versatile camera system featuring a 50MP primary sensor with OIS, 50MP ultrawide with macro mode, and 64MP periscope telephoto with 3x optical zoom. The smartphone is powered by a 5500mAh heavy-duty battery with 100W SUPERVOOC charging maintaining health over 4 years. It operates on the latest OS release with enterprise-grade security updates and optimized thermal management.",30999,4.0,"Sleek aesthetic design that turns heads. System software is intuitive, responsive, and packed with practical AI features. Though curved display edges occasionally trigger accidental palm touches."
568.0,Electronics,Samsung,Galaxy M55 5G,Midnight Blue,"The Samsung Galaxy M55 5G is a high-performance budget mid-range smartphone designed for modern mobile users. It is powered by the MediaTek Dimensity 7050 processor paired with 16GB heavy-multitasking LPDDR5X RAM and 512GB UFS 4.0 storage. The device features a 6.74-inch 1.5K 120Hz Ultra Clear AMOLED with Aqua Touch wet-finger technology and 2150 nits brightness. For photography and videography, it houses a versatile camera system featuring a Dual 50MP rear camera sensors (Primary OIS + 114-degree Ultrawide) powered by Ultra XDR photography engine. The smartphone is powered by a 5000mAh battery with 90W Turbo Charge support included in the box. It operates on the latest OS release with enterprise-grade security updates and optimized thermal management.",26999,4.5,"Extremely satisfied with the purchase! The camera quality is outstanding, especially in low light, and the battery comfortably lasts over a day. However, the phone is slightly heavy for single-handed use."
569.0,Electronics,OnePlus,Nord 4 5G,Sunset Orange,"The OnePlus Nord 4 5G is a high-performance mid-range smartphone designed for modern mobile users. It is powered by the Exynos 1480 (4nm) processor paired with 16GB flagship LPDDR5X RAM paired with massive 1TB UFS 4.0 storage. The device features a 6.67-inch 1.5K 3D Curved AMOLED with 120Hz refresh rate, 1800 nits peak brightness and IP68 protection. For photography and videography, it houses a versatile camera system featuring a 200MP Samsung ISOCELL HP3 camera with OIS, 4x in-sensor lossless zoom, 8MP ultrawide, and 2MP macro lens. The smartphone is powered by a 5000mAh battery supporting 33W fast charging and 5W reverse wired charging. It operates on the latest OS release with enterprise-grade security updates and optimized thermal management.",35999,4.3,Blazing fast performance for daily multitasking and heavy gaming. The display is vibrant and easily readable under bright sunlight. Though the secondary ultrawide camera could be slightly better in low light.
570.0,Electronics,OnePlus,Nord CE 4 5G,Emerald Green,"The OnePlus Nord CE 4 5G is a high-performance budget mid-range smartphone designed for modern mobile users. It is powered by the Qualcomm Snapdragon 6 Gen 1 processor paired with LPDDR5 RAM and UFS 3.1 high-speed storage. The device features a 6.8-inch QHD+ 120Hz Dynamic AMOLED 2X display with 2600 nits peak brightness and Gorilla Armor. For photography and videography, it houses a versatile camera system featuring a 200MP OIS primary sensor, 50MP periscope telephoto with 5x optical zoom, 10MP 3x telephoto, and 12MP ultrawide. The smartphone is powered by a 5000mAh battery with 45W wired fast charging, 15W wireless charging, and reverse wireless support. It operates on the latest OS release with enterprise-grade security updates and optimized thermal management.",24999,4.7,"Great value for money smartphone in this price point. Clean UI experience and fast charging makes daily usage hassle-free. On the downside, charging speed could be slightly faster compared to rivals."
571.0,Electronics,Redmi,Note 13 Pro+ 5G,Starlight Silver,"The Redmi Note 13 Pro+ 5G is a high-performance mid-range smartphone designed for modern mobile users. It is powered by the MediaTek Dimensity 7200 Pro processor paired with LPDDR5X RAM paired with 256GB UFS 4.0 internal storage. The device features a 6.7-inch Super Retina XDR OLED display with ProMotion 120Hz adaptive refresh rate and outdoor peak 2000 nits. For photography and videography, it houses a versatile camera system featuring a 48MP main sensor with sensor-shift OIS, 12MP 5x tetraprism optical zoom telephoto, and 12MP ultrawide. The smartphone is powered by a 4422mAh battery with MagSafe 15W wireless charging and high efficiency battery optimization. It operates on the latest OS release with enterprise-grade security updates and optimized thermal management.",33999,3.9,"The build quality feels high-end and comfortable to hold. Photos taken with the main lens are sharp with natural color tones. However, a fast wall adapter is not included inside the box."
572.0,Electronics,Redmi,Note 13 Pro 5G,Glacier White,"The Redmi Note 13 Pro 5G is a high-performance budget mid-range smartphone designed for modern mobile users. It is powered by the Snapdragon 7s Gen 2 processor paired with 12GB LPDDR5X ultra-fast RAM and 256GB UFS 4.0 storage. The device features a 6.7-inch Super Actua LTPO OLED display with 1-120Hz variable refresh rate and 2400 nits peak brightness. For photography and videography, it houses a versatile camera system featuring a 50MP primary camera with OIS, 48MP ultrawide with macro focus, and 48MP telephoto with 5x optical zoom. The smartphone is powered by a 5050mAh battery with 30W wired charging and 23W wireless charging capability. It operates on the latest OS release with enterprise-grade security updates and optimized thermal management.",26999,3.9,Incredible display clarity and high refresh rate make scrolling and gaming super smooth. Charging speed is amazingly fast. Though system software comes with a few preinstalled apps that require manual uninstalling.
573.0,Electronics,Redmi,Note 13 5G,Asteroid Black,"The Redmi Note 13 5G is a high-performance budget smartphone designed for modern mobile users. It is powered by the MediaTek Dimensity 7300 5G processor paired with 12GB LPDDR5X RAM with generous 512GB UFS 4.0 storage. The device features a 6.82-inch 2K 120Hz Curved LTPO AMOLED display with 4500 nits peak brightness and Dolby Vision. For photography and videography, it houses a versatile camera system featuring a 50MP Sony LYT-808 primary sensor, 64MP periscope telephoto (3x optical, 120x digital), and 48MP ultrawide with Hasselblad color tuning. The smartphone is powered by a 5400mAh dual-cell battery supported by 100W SUPERVOOC fast charging (0-100% in 26 mins) and 50W AIRVOOC wireless. It operates on the latest OS release with enterprise-grade security updates and optimized thermal management.",18999,4.2,Top-notch camera setup with exceptional portrait modes and zoom capability. Software runs smooth without any stutters. Keep in mind that there is no expandable microSD card slot or 3.5mm headphone jack.
574.0,Electronics,Honor,200 Pro 5G,Ocean Cyan,"The Honor 200 Pro 5G is a high-performance upper mid-range smartphone designed for modern mobile users. It is powered by the Qualcomm Snapdragon 7+ Gen 3 processor paired with 16GB heavy-multitasking LPDDR5X RAM and 512GB UFS 4.0 storage. The device features a 6.78-inch 1.5K 144Hz 8T LTPO AMOLED display with 3000 nits brightness and 2160Hz PWM dimming. For photography and videography, it houses a versatile camera system featuring a 1-inch 50MP Sony LYT-900 primary camera with stepless variable aperture (f/1.63-f/4.0) co-engineered with Leica. The smartphone is powered by a 5000mAh graphite battery with 120W FlashCharge (0-100% in ~27 mins). It operates on the latest OS release with enterprise-grade security updates and optimized thermal management.",61999,4.9,"Solid battery endurance paired with rapid charging. Handles demanding mobile titles without thermal throttling. However, the camera bump on the back is quite prominent."
575.0,Electronics,Honor,200 5G,Peach Fuzz,"The Honor 200 5G is a high-performance mid-range smartphone designed for modern mobile users. It is powered by the Exynos 1480 (4nm) processor paired with 16GB flagship LPDDR5X RAM paired with massive 1TB UFS 4.0 storage. The device features a 6.67-inch 1.5K 120Hz CrystalRes AMOLED display with Dolby Vision and Gorilla Glass Victus. For photography and videography, it houses a versatile camera system featuring a 50MP 1-inch Sony IMX989 sensor with OIS, 50MP ZEISS APO Floating Telephoto with 4.3x optical zoom and ZEISS T* anti-reflective coating. The smartphone is powered by a 5500mAh dual-cell battery with 120W SUPERVOOC superfast charging. It operates on the latest OS release with enterprise-grade security updates and optimized thermal management.",39999,4.0,"Sleek aesthetic design that turns heads. System software is intuitive, responsive, and packed with practical AI features. Though curved display edges occasionally trigger accidental palm touches."
576.0,Electronics,Nothing,CMF by  Phone 1,Phantom Black,"The CMF by Nothing Phone 1 is a high-performance budget smartphone designed for modern mobile users. It is powered by the MediaTek Dimensity 7300 5G processor paired with LPDDR5 RAM and UFS 3.1 high-speed storage. The device features a 6.7-inch 120Hz Flexible AMOLED screen with 1300 nits brightness and iconic transparent Glyph LED interface. For photography and videography, it houses a versatile camera system featuring a 50MP Sony LYT-808 main camera with OIS, 50MP telephoto portrait lens (2x optical zoom), and Next AI image processing. The smartphone is powered by a 5200mAh silicon-carbon high density battery with 100W wired and 66W wireless charging. It operates on the latest OS release with enterprise-grade security updates and optimized thermal management.",15999,4.0,"Extremely satisfied with the purchase! The camera quality is outstanding, especially in low light, and the battery comfortably lasts over a day. However, the phone is slightly heavy for single-handed use."
577.0,Electronics,Realme,12 Pro+ 5G,Titanium Gray,"The Realme 12 Pro+ 5G is a high-performance mid-range smartphone designed for modern mobile users. It is powered by the MediaTek Dimensity 7200 Pro processor paired with LPDDR5X RAM paired with 256GB UFS 4.0 internal storage. The device features a 6.6-inch FHD+ 120Hz Super AMOLED display with Knox Vault security and Vision Booster. For photography and videography, it houses a versatile camera system featuring a 50MP primary sensor with OIS, 50MP ultrawide with macro mode, and 64MP periscope telephoto with 3x optical zoom. The smartphone is powered by a 5500mAh heavy-duty battery with 100W SUPERVOOC charging maintaining health over 4 years. It operates on the latest OS release with enterprise-grade security updates and optimized thermal management.",31999,4.1,Blazing fast performance for daily multitasking and heavy gaming. The display is vibrant and easily readable under bright sunlight. Though the secondary ultrawide camera could be slightly better in low light.
578.0,Electronics,Realme,P1 Pro 5G,Natural Titanium,"The Realme P1 Pro 5G is a high-performance budget smartphone designed for modern mobile users. It is powered by the MediaTek Dimensity 6080 processor paired with 12GB LPDDR5X ultra-fast RAM and 256GB UFS 4.0 storage. The device features a 6.74-inch 1.5K 120Hz Ultra Clear AMOLED with Aqua Touch wet-finger technology and 2150 nits brightness. For photography and videography, it houses a versatile camera system featuring a Dual 50MP rear camera sensors (Primary OIS + 114-degree Ultrawide) powered by Ultra XDR photography engine. The smartphone is powered by a 5000mAh battery with 90W Turbo Charge support included in the box. It operates on the latest OS release with enterprise-grade security updates and optimized thermal management.",21999,4.6,"Great value for money smartphone in this price point. Clean UI experience and fast charging makes daily usage hassle-free. On the downside, charging speed could be slightly faster compared to rivals."
579.0,Electronics,Vivo,T3 Pro 5G,Oasis Green,"The Vivo T3 Pro 5G is a high-performance budget mid-range smartphone designed for modern mobile users. It is powered by the Qualcomm Snapdragon 6 Gen 1 processor paired with 12GB LPDDR5X RAM with generous 512GB UFS 4.0 storage. The device features a 6.67-inch 1.5K 3D Curved AMOLED with 120Hz refresh rate, 1800 nits peak brightness and IP68 protection. For photography and videography, it houses a versatile camera system featuring a 200MP Samsung ISOCELL HP3 camera with OIS, 4x in-sensor lossless zoom, 8MP ultrawide, and 2MP macro lens. The smartphone is powered by a 5000mAh battery supporting 33W fast charging and 5W reverse wired charging. It operates on the latest OS release with enterprise-grade security updates and optimized thermal management.",26999,4.7,"The build quality feels high-end and comfortable to hold. Photos taken with the main lens are sharp with natural color tones. However, a fast wall adapter is not included inside the box."
580.0,Electronics,iQOO,Z9 Turbo 5G,Midnight Blue,"The iQOO Z9 Turbo 5G is a high-performance budget mid-range smartphone designed for modern mobile users. It is powered by the MediaTek Dimensity 7050 processor paired with 16GB heavy-multitasking LPDDR5X RAM and 512GB UFS 4.0 storage. The device features a 6.8-inch QHD+ 120Hz Dynamic AMOLED 2X display with 2600 nits peak brightness and Gorilla Armor. For photography and videography, it houses a versatile camera system featuring a 200MP OIS primary sensor, 50MP periscope telephoto with 5x optical zoom, 10MP 3x telephoto, and 12MP ultrawide. The smartphone is powered by a 5000mAh battery with 45W wired fast charging, 15W wireless charging, and reverse wireless support. It operates on the latest OS release with enterprise-grade security updates and optimized thermal management.",23999,4.8,Incredible display clarity and high refresh rate make scrolling and gaming super smooth. Charging speed is amazingly fast. Though system software comes with a few preinstalled apps that require manual uninstalling.
581.0,Electronics,Samsung,Galaxy Z Fold 5 5G,Sunset Orange,"The Samsung Galaxy Z Fold 5 5G is a high-performance foldable flagship smartphone designed for modern mobile users. It is powered by the MediaTek Dimensity 9000+ processor paired with 16GB flagship LPDDR5X RAM paired with massive 1TB UFS 4.0 storage. The device features a 6.7-inch Super Retina XDR OLED display with ProMotion 120Hz adaptive refresh rate and outdoor peak 2000 nits. For photography and videography, it houses a versatile camera system featuring a 48MP main sensor with sensor-shift OIS, 12MP 5x tetraprism optical zoom telephoto, and 12MP ultrawide. The smartphone is powered by a 4422mAh battery with MagSafe 15W wireless charging and high efficiency battery optimization. It operates on the latest OS release with enterprise-grade security updates and optimized thermal management.",184999,4.0,Top-notch camera setup with exceptional portrait modes and zoom capability. Software runs smooth without any stutters. Keep in mind that there is no expandable microSD card slot or 3.5mm headphone jack.
582.0,Electronics,Samsung,Galaxy Z Flip 5 5G,Emerald Green,"The Samsung Galaxy Z Flip 5 5G is a high-performance foldable flagship smartphone designed for modern mobile users. It is powered by the Qualcomm Snapdragon 8 Gen 3 processor paired with LPDDR5 RAM and UFS 3.1 high-speed storage. The device features a 6.7-inch Super Actua LTPO OLED display with 1-120Hz variable refresh rate and 2400 nits peak brightness. For photography and videography, it houses a versatile camera system featuring a 50MP primary camera with OIS, 48MP ultrawide with macro focus, and 48MP telephoto with 5x optical zoom. The smartphone is powered by a 5050mAh battery with 30W wired charging and 23W wireless charging capability. It operates on the latest OS release with enterprise-grade security updates and optimized thermal management.",99999,4.9,"Solid battery endurance paired with rapid charging. Handles demanding mobile titles without thermal throttling. However, the camera bump on the back is quite prominent."
583.0,Electronics,Motorola,Razr 50 Ultra 5G,Starlight Silver,"The Motorola Razr 50 Ultra 5G is a high-performance foldable flagship smartphone designed for modern mobile users. It is powered by the Qualcomm Snapdragon 8 Gen 2 processor paired with LPDDR5X RAM paired with 256GB UFS 4.0 internal storage. The device features a 6.82-inch 2K 120Hz Curved LTPO AMOLED display with 4500 nits peak brightness and Dolby Vision. For photography and videography, it houses a versatile camera system featuring a 50MP Sony LYT-808 primary sensor, 64MP periscope telephoto (3x optical, 120x digital), and 48MP ultrawide with Hasselblad color tuning. The smartphone is powered by a 5400mAh dual-cell battery supported by 100W SUPERVOOC fast charging (0-100% in 26 mins) and 50W AIRVOOC wireless. It operates on the latest OS release with enterprise-grade security updates and optimized thermal management.",94999,4.2,"Sleek aesthetic design that turns heads. System software is intuitive, responsive, and packed with practical AI features. Though curved display edges occasionally trigger accidental palm touches."
584.0,Electronics,Tecno,Phantom V Fold 5G,Glacier White,"The Tecno Phantom V Fold 5G is a high-performance foldable flagship smartphone designed for modern mobile users. It is powered by the MediaTek Dimensity 9000+ processor paired with 12GB LPDDR5X ultra-fast RAM and 256GB UFS 4.0 storage. The device features a 6.78-inch 1.5K 144Hz 8T LTPO AMOLED display with 3000 nits brightness and 2160Hz PWM dimming. For photography and videography, it houses a versatile camera system featuring a 1-inch 50MP Sony LYT-900 primary camera with stepless variable aperture (f/1.63-f/4.0) co-engineered with Leica. The smartphone is powered by a 5000mAh graphite battery with 120W FlashCharge (0-100% in ~27 mins). It operates on the latest OS release with enterprise-grade security updates and optimized thermal management.",74999,3.9,"Extremely satisfied with the purchase! The camera quality is outstanding, especially in low light, and the battery comfortably lasts over a day. However, the phone is slightly heavy for single-handed use."
585.0,Electronics,Tecno,Phantom V Flip 5G,Asteroid Black,"The Tecno Phantom V Flip 5G is a high-performance foldable mid-range smartphone designed for modern mobile users. It is powered by the MediaTek Dimensity 8050 5G processor paired with 12GB LPDDR5X RAM with generous 512GB UFS 4.0 storage. The device features a 6.67-inch 1.5K 120Hz CrystalRes AMOLED display with Dolby Vision and Gorilla Glass Victus. For photography and videography, it houses a versatile camera system featuring a 50MP 1-inch Sony IMX989 sensor with OIS, 50MP ZEISS APO Floating Telephoto with 4.3x optical zoom and ZEISS T* anti-reflective coating. The smartphone is powered by a 5500mAh dual-cell battery with 120W SUPERVOOC superfast charging. It operates on the latest OS release with enterprise-grade security updates and optimized thermal management.",52999,4.0,Blazing fast performance for daily multitasking and heavy gaming. The display is vibrant and easily readable under bright sunlight. Though the secondary ultrawide camera could be slightly better in low light.
586.0,Electronics,ASUS,ROG Phone 8 Pro 5G,Ocean Cyan,"The Asus ROG Phone 8 Pro 5G is a high-performance gaming flagship smartphone designed for modern mobile users. It is powered by the Qualcomm Snapdragon 8 Gen 3 with dedicated GameCool vapour cooling processor paired with 16GB heavy-multitasking LPDDR5X RAM and 512GB UFS 4.0 storage. The device features a 6.7-inch 120Hz Flexible AMOLED screen with 1300 nits brightness and iconic transparent Glyph LED interface. For photography and videography, it houses a versatile camera system featuring a 50MP Sony LYT-808 main camera with OIS, 50MP telephoto portrait lens (2x optical zoom), and Next AI image processing. The smartphone is powered by a 5200mAh silicon-carbon high density battery with 100W wired and 66W wireless charging. It operates on the latest OS release with enterprise-grade security updates and optimized thermal management.",99999,4.2,"Great value for money smartphone in this price point. Clean UI experience and fast charging makes daily usage hassle-free. On the downside, charging speed could be slightly faster compared to rivals."
587.0,Electronics,ASUS,ROG Phone 8 5G,Peach Fuzz,"The Asus ROG Phone 8 5G is a high-performance gaming flagship smartphone designed for modern mobile users. It is powered by the Qualcomm Snapdragon 8 Gen 3 with dedicated GameCool vapour cooling processor paired with 16GB flagship LPDDR5X RAM paired with massive 1TB UFS 4.0 storage. The device features a 6.6-inch FHD+ 120Hz Super AMOLED display with Knox Vault security and Vision Booster. For photography and videography, it houses a versatile camera system featuring a 50MP primary sensor with OIS, 50MP ultrawide with macro mode, and 64MP periscope telephoto with 3x optical zoom. The smartphone is powered by a 5500mAh heavy-duty battery with 100W SUPERVOOC charging maintaining health over 4 years. It operates on the latest OS release with enterprise-grade security updates and optimized thermal management.",89999,4.5,"The build quality feels high-end and comfortable to hold. Photos taken with the main lens are sharp with natural color tones. However, a fast wall adapter is not included inside the box."
,Electronics,Vivo,T3 Pro 5G Special Edition Variant #2000,Glacier White,"The Vivo T3 Pro 5G Special Edition is an advanced budget mid-range smartphone offering optimized hardware and clean performance. Driven by the Snapdragon 7s Gen 2 chipset with 12GB LPDDR5X ultra-fast RAM and 256GB UFS 4.0 storage. It features a 6.8-inch QHD+ 120Hz Dynamic AMOLED 2X display with 2600 nits peak brightness and Gorilla Armor, a versatile camera array with a 200MP OIS primary sensor, 50MP periscope telephoto with 5x optical zoom, 10MP 3x telephoto, and 12MP ultrawide, and a 5000mAh battery with 45W wired fast charging, 15W wireless charging, and reverse wireless support.",26999,4.4,"Extremely satisfied with the purchase! The camera quality is outstanding, especially in low light, and the battery comfortably lasts over a day. However, the phone is slightly heavy for single-handed use."
,Electronics,iQOO,Z9 Turbo 5G Special Edition Variant #2001,Asteroid Black,"The iQOO Z9 Turbo 5G Special Edition is an advanced budget mid-range smartphone offering optimized hardware and clean performance. Driven by the Qualcomm Snapdragon 6 Gen 1 chipset with 12GB LPDDR5X RAM with generous 512GB UFS 4.0 storage. It features a 6.7-inch Super Retina XDR OLED display with ProMotion 120Hz adaptive refresh rate and outdoor peak 2000 nits, a versatile camera array with a 48MP main sensor with sensor-shift OIS, 12MP 5x tetraprism optical zoom telephoto, and 12MP ultrawide, and a 4422mAh battery with MagSafe 15W wireless charging and high efficiency battery optimization.",24000,4.4,Blazing fast performance for daily multitasking and heavy gaming. The display is vibrant and easily readable under bright sunlight. Though the secondary ultrawide camera could be slightly better in low light.
,Electronics,Samsung,Galaxy Z Fold 5 5G Special Edition Variant #2002,Ocean Cyan,"The Samsung Galaxy Z Fold 5 5G Special Edition is an advanced foldable flagship smartphone offering optimized hardware and clean performance. Driven by the Qualcomm Snapdragon 8 Gen 2 chipset with 16GB heavy-multitasking LPDDR5X RAM and 512GB UFS 4.0 storage. It features a 6.7-inch Super Actua LTPO OLED display with 1-120Hz variable refresh rate and 2400 nits peak brightness, a versatile camera array with a 50MP primary camera with OIS, 48MP ultrawide with macro focus, and 48MP telephoto with 5x optical zoom, and a 5050mAh battery with 30W wired charging and 23W wireless charging capability.",165001,4.4,"Great value for money smartphone in this price point. Clean UI experience and fast charging makes daily usage hassle-free. On the downside, charging speed could be slightly faster compared to rivals."
,Electronics,Samsung,Galaxy Z Flip 5 5G Special Edition Variant #2003,Peach Fuzz,"The Samsung Galaxy Z Flip 5 5G Special Edition is an advanced foldable flagship smartphone offering optimized hardware and clean performance. Driven by the MediaTek Dimensity 9000+ chipset with 16GB flagship LPDDR5X RAM paired with massive 1TB UFS 4.0 storage. It features a 6.82-inch 2K 120Hz Curved LTPO AMOLED display with 4500 nits peak brightness and Dolby Vision, a versatile camera array with a 50MP Sony LYT-808 primary sensor, 64MP periscope telephoto (3x optical, 120x digital), and 48MP ultrawide with Hasselblad color tuning, and a 5400mAh dual-cell battery supported by 100W SUPERVOOC fast charging (0-100% in 26 mins) and 50W AIRVOOC wireless.",110002,4.4,"The build quality feels high-end and comfortable to hold. Photos taken with the main lens are sharp with natural color tones. However, a fast wall adapter is not included inside the box."
,Electronics,Motorola,Razr 50 Ultra 5G Special Edition Variant #2004,Phantom Black,"The Motorola Razr 50 Ultra 5G Special Edition is an advanced foldable flagship smartphone offering optimized hardware and clean performance. Driven by the Qualcomm Snapdragon 8 Gen 3 chipset with LPDDR5 RAM and UFS 3.1 high-speed storage. It features a 6.78-inch 1.5K 144Hz 8T LTPO AMOLED display with 3000 nits brightness and 2160Hz PWM dimming, a versatile camera array with a 1-inch 50MP Sony LYT-900 primary camera with stepless variable aperture (f/1.63-f/4.0) co-engineered with Leica, and a 5000mAh graphite battery with 120W FlashCharge (0-100% in ~27 mins).",95003,4.4,Incredible display clarity and high refresh rate make scrolling and gaming super smooth. Charging speed is amazingly fast. Though system software comes with a few preinstalled apps that require manual uninstalling.
,Electronics,Tecno,Phantom V Fold 5G Special Edition Variant #2005,Titanium Gray,"The Tecno Phantom V Fold 5G Special Edition is an advanced foldable flagship smartphone offering optimized hardware and clean performance. Driven by the Qualcomm Snapdragon 8 Gen 2 chipset with LPDDR5X RAM paired with 256GB UFS 4.0 internal storage. It features a 6.67-inch 1.5K 120Hz CrystalRes AMOLED display with Dolby Vision and Gorilla Glass Victus, a versatile camera array with a 50MP 1-inch Sony IMX989 sensor with OIS, 50MP ZEISS APO Floating Telephoto with 4.3x optical zoom and ZEISS T* anti-reflective coating, and a 5500mAh dual-cell battery with 120W SUPERVOOC superfast charging.",75004,4.4,Top-notch camera setup with exceptional portrait modes and zoom capability. Software runs smooth without any stutters. Keep in mind that there is no expandable microSD card slot or 3.5mm headphone jack.
,Electronics,Tecno,Phantom V Flip 5G Special Edition Variant #2006,Natural Titanium,"The Tecno Phantom V Flip 5G Special Edition is an advanced foldable mid-range smartphone offering optimized hardware and clean performance. Driven by the MediaTek Dimensity 8050 5G chipset with 12GB LPDDR5X ultra-fast RAM and 256GB UFS 4.0 storage. It features a 6.7-inch 120Hz Flexible AMOLED screen with 1300 nits brightness and iconic transparent Glyph LED interface, a versatile camera array with a 50MP Sony LYT-808 main camera with OIS, 50MP telephoto portrait lens (2x optical zoom), and Next AI image processing, and a 5200mAh silicon-carbon high density battery with 100W wired and 66W wireless charging.",53005,4.4,"Solid battery endurance paired with rapid charging. Handles demanding mobile titles without thermal throttling. However, the camera bump on the back is quite prominent."
,Electronics,ASUS,ROG Phone 8 Pro 5G Special Edition Variant #2007,Oasis Green,"The Asus ROG Phone 8 Pro 5G Special Edition is an advanced gaming flagship smartphone offering optimized hardware and clean performance. Driven by the Qualcomm Snapdragon 8 Gen 3 with dedicated GameCool vapour cooling chipset with 12GB LPDDR5X RAM with generous 512GB UFS 4.0 storage. It features a 6.6-inch FHD+ 120Hz Super AMOLED display with Knox Vault security and Vision Booster, a versatile camera array with a 50MP primary sensor with OIS, 50MP ultrawide with macro mode, and 64MP periscope telephoto with 3x optical zoom, and a 5500mAh heavy-duty battery with 100W SUPERVOOC charging maintaining health over 4 years.",100006,4.4,"Sleek aesthetic design that turns heads. System software is intuitive, responsive, and packed with practical AI features. Though curved display edges occasionally trigger accidental palm touches."
,Electronics,ASUS,ROG Phone 8 5G Special Edition Variant #2008,Midnight Blue,"The Asus ROG Phone 8 5G Special Edition is an advanced gaming flagship smartphone offering optimized hardware and clean performance. Driven by the Qualcomm Snapdragon 8 Gen 3 with dedicated GameCool vapour cooling chipset with 16GB heavy-multitasking LPDDR5X RAM and 512GB UFS 4.0 storage. It features a 6.74-inch 1.5K 120Hz Ultra Clear AMOLED with Aqua Touch wet-finger technology and 2150 nits brightness, a versatile camera array with a Dual 50MP rear camera sensors (Primary OIS + 114-degree Ultrawide) powered by Ultra XDR photography engine, and a 5000mAh battery with 90W Turbo Charge support included in the box.",85007,4.4,"Extremely satisfied with the purchase! The camera quality is outstanding, especially in low light, and the battery comfortably lasts over a day. However, the phone is slightly heavy for single-handed use."
,Electronics,Samsung,Galaxy S24 Ultra Special Edition Variant #2009,Sunset Orange,"The Samsung Galaxy S24 Ultra Special Edition is an advanced flagship smartphone offering optimized hardware and clean performance. Driven by the Apple A17 Pro (3nm) chipset with 16GB flagship LPDDR5X RAM paired with massive 1TB UFS 4.0 storage. It features a 6.67-inch 1.5K 3D Curved AMOLED with 120Hz refresh rate, 1800 nits peak brightness and IP68 protection, a versatile camera array with a 200MP Samsung ISOCELL HP3 camera with OIS, 4x in-sensor lossless zoom, 8MP ultrawide, and 2MP macro lens, and a 5000mAh battery supporting 33W fast charging and 5W reverse wired charging.",140008,4.4,Blazing fast performance for daily multitasking and heavy gaming. The display is vibrant and easily readable under bright sunlight. Though the secondary ultrawide camera could be slightly better in low light.
,Electronics,Samsung,Galaxy S24 Plus Special Edition Variant #2010,Emerald Green,"The Samsung Galaxy S24 Plus Special Edition is an advanced flagship smartphone offering optimized hardware and clean performance. Driven by the Google Tensor G3 chipset with LPDDR5 RAM and UFS 3.1 high-speed storage. It features a 6.8-inch QHD+ 120Hz Dynamic AMOLED 2X display with 2600 nits peak brightness and Gorilla Armor, a versatile camera array with a 200MP OIS primary sensor, 50MP periscope telephoto with 5x optical zoom, 10MP 3x telephoto, and 12MP ultrawide, and a 5000mAh battery with 45W wired fast charging, 15W wireless charging, and reverse wireless support.",110009,4.4,"Great value for money smartphone in this price point. Clean UI experience and fast charging makes daily usage hassle-free. On the downside, charging speed could be slightly faster compared to rivals."
,Electronics,Samsung,Galaxy S24 Special Edition Variant #2011,Starlight Silver,"The Samsung Galaxy S24 Special Edition is an advanced flagship smartphone offering optimized hardware and clean performance. Driven by the MediaTek Dimensity 9300 chipset with LPDDR5X RAM paired with 256GB UFS 4.0 internal storage. It features a 6.7-inch Super Retina XDR OLED display with ProMotion 120Hz adaptive refresh rate and outdoor peak 2000 nits, a versatile camera array with a 48MP main sensor with sensor-shift OIS, 12MP 5x tetraprism optical zoom telephoto, and 12MP ultrawide, and a 4422mAh battery with MagSafe 15W wireless charging and high efficiency battery optimization.",80010,4.4,"The build quality feels high-end and comfortable to hold. Photos taken with the main lens are sharp with natural color tones. However, a fast wall adapter is not included inside the box."
,Electronics,Apple,iPhone 15 Pro Max Special Edition Variant #2012,Glacier White,"The Apple iPhone 15 Pro Max Special Edition is an advanced flagship smartphone offering optimized hardware and clean performance. Driven by the Qualcomm Snapdragon 8 Gen 3 chipset with 12GB LPDDR5X ultra-fast RAM and 256GB UFS 4.0 storage. It features a 6.7-inch Super Actua LTPO OLED display with 1-120Hz variable refresh rate and 2400 nits peak brightness, a versatile camera array with a 50MP primary camera with OIS, 48MP ultrawide with macro focus, and 48MP telephoto with 5x optical zoom, and a 5050mAh battery with 30W wired charging and 23W wireless charging capability.",179912,4.4,Incredible display clarity and high refresh rate make scrolling and gaming super smooth. Charging speed is amazingly fast. Though system software comes with a few preinstalled apps that require manual uninstalling.
,Electronics,Apple,iPhone 15 Pro Special Edition Variant #2013,Asteroid Black,"The Apple iPhone 15 Pro Special Edition is an advanced flagship smartphone offering optimized hardware and clean performance. Driven by the Apple A17 Pro (3nm) chipset with 12GB LPDDR5X RAM with generous 512GB UFS 4.0 storage. It features a 6.82-inch 2K 120Hz Curved LTPO AMOLED display with 4500 nits peak brightness and Dolby Vision, a versatile camera array with a 50MP Sony LYT-808 primary sensor, 64MP periscope telephoto (3x optical, 120x digital), and 48MP ultrawide with Hasselblad color tuning, and a 5400mAh dual-cell battery supported by 100W SUPERVOOC fast charging (0-100% in 26 mins) and 50W AIRVOOC wireless.",144913,4.4,Top-notch camera setup with exceptional portrait modes and zoom capability. Software runs smooth without any stutters. Keep in mind that there is no expandable microSD card slot or 3.5mm headphone jack.
,Electronics,Apple,iPhone 15 Plus Special Edition Variant #2014,Ocean Cyan,"The Apple iPhone 15 Plus Special Edition is an advanced flagship smartphone offering optimized hardware and clean performance. Driven by the Google Tensor G3 chipset with 16GB heavy-multitasking LPDDR5X RAM and 512GB UFS 4.0 storage. It features a 6.78-inch 1.5K 144Hz 8T LTPO AMOLED display with 3000 nits brightness and 2160Hz PWM dimming, a versatile camera array with a 1-inch 50MP Sony LYT-900 primary camera with stepless variable aperture (f/1.63-f/4.0) co-engineered with Leica, and a 5000mAh graphite battery with 120W FlashCharge (0-100% in ~27 mins).",99914,4.4,"Solid battery endurance paired with rapid charging. Handles demanding mobile titles without thermal throttling. However, the camera bump on the back is quite prominent."
,Electronics,Apple,iPhone 15 Special Edition Variant #2015,Peach Fuzz,"The Apple iPhone 15 Special Edition is an advanced flagship smartphone offering optimized hardware and clean performance. Driven by the MediaTek Dimensity 9300 chipset with 16GB flagship LPDDR5X RAM paired with massive 1TB UFS 4.0 storage. It features a 6.67-inch 1.5K 120Hz CrystalRes AMOLED display with Dolby Vision and Gorilla Glass Victus, a versatile camera array with a 50MP 1-inch Sony IMX989 sensor with OIS, 50MP ZEISS APO Floating Telephoto with 4.3x optical zoom and ZEISS T* anti-reflective coating, and a 5500mAh dual-cell battery with 120W SUPERVOOC superfast charging.",89915,4.4,"Sleek aesthetic design that turns heads. System software is intuitive, responsive, and packed with practical AI features. Though curved display edges occasionally trigger accidental palm touches."
,Electronics,Google,Pixel 8 Pro Special Edition Variant #2016,Phantom Black,"The Google Pixel 8 Pro Special Edition is an advanced flagship smartphone offering optimized hardware and clean performance. Driven by the Qualcomm Snapdragon 8 Gen 3 chipset with LPDDR5 RAM and UFS 3.1 high-speed storage. It features a 6.7-inch 120Hz Flexible AMOLED screen with 1300 nits brightness and iconic transparent Glyph LED interface, a versatile camera array with a 50MP Sony LYT-808 main camera with OIS, 50MP telephoto portrait lens (2x optical zoom), and Next AI image processing, and a 5200mAh silicon-carbon high density battery with 100W wired and 66W wireless charging.",114015,4.4,"Extremely satisfied with the purchase! The camera quality is outstanding, especially in low light, and the battery comfortably lasts over a day. However, the phone is slightly heavy for single-handed use."
,Electronics,Google,Pixel 8a Special Edition Variant #2017,Titanium Gray,"The Google Pixel 8a Special Edition is an advanced mid-range smartphone offering optimized hardware and clean performance. Driven by the MediaTek Dimensity 7200 Pro chipset with LPDDR5X RAM paired with 256GB UFS 4.0 internal storage. It features a 6.6-inch FHD+ 120Hz Super AMOLED display with Knox Vault security and Vision Booster, a versatile camera array with a 50MP primary sensor with OIS, 50MP ultrawide with macro mode, and 64MP periscope telephoto with 3x optical zoom, and a 5500mAh heavy-duty battery with 100W SUPERVOOC charging maintaining health over 4 years.",60016,4.4,Blazing fast performance for daily multitasking and heavy gaming. The display is vibrant and easily readable under bright sunlight. Though the secondary ultrawide camera could be slightly better in low light.
,Electronics,OnePlus,12 5G Special Edition Variant #2018,Natural Titanium,"The OnePlus 12 5G Special Edition is an advanced flagship smartphone offering optimized hardware and clean performance. Driven by the Google Tensor G3 chipset with 12GB LPDDR5X ultra-fast RAM and 256GB UFS 4.0 storage. It features a 6.74-inch 1.5K 120Hz Ultra Clear AMOLED with Aqua Touch wet-finger technology and 2150 nits brightness, a versatile camera array with a Dual 50MP rear camera sensors (Primary OIS + 114-degree Ultrawide) powered by Ultra XDR photography engine, and a 5000mAh battery with 90W Turbo Charge support included in the box.",70017,4.4,"Great value for money smartphone in this price point. Clean UI experience and fast charging makes daily usage hassle-free. On the downside, charging speed could be slightly faster compared to rivals."
,Electronics,OnePlus,12R 5G Special Edition Variant #2019,Oasis Green,"The OnePlus 12R 5G Special Edition is an advanced upper mid-range smartphone offering optimized hardware and clean performance. Driven by the Qualcomm Snapdragon 8s Gen 3 chipset with 12GB LPDDR5X RAM with generous 512GB UFS 4.0 storage. It features a 6.67-inch 1.5K 3D Curved AMOLED with 120Hz refresh rate, 1800 nits peak brightness and IP68 protection, a versatile camera array with a 200MP Samsung ISOCELL HP3 camera with OIS, 4x in-sensor lossless zoom, 8MP ultrawide, and 2MP macro lens, and a 5000mAh battery supporting 33W fast charging and 5W reverse wired charging.",43018,4.4,"The build quality feels high-end and comfortable to hold. Photos taken with the main lens are sharp with natural color tones. However, a fast wall adapter is not included inside the box."
,Electronics,Xiaomi,14 Ultra 5G Special Edition Variant #2020,Midnight Blue,"The Xiaomi 14 Ultra 5G Special Edition is an advanced flagship smartphone offering optimized hardware and clean performance. Driven by the Qualcomm Snapdragon 8 Gen 3 chipset with 16GB heavy-multitasking LPDDR5X RAM and 512GB UFS 4.0 storage. It features a 6.8-inch QHD+ 120Hz Dynamic AMOLED 2X display with 2600 nits peak brightness and Gorilla Armor, a versatile camera array with a 200MP OIS primary sensor, 50MP periscope telephoto with 5x optical zoom, 10MP 3x telephoto, and 12MP ultrawide, and a 5000mAh battery with 45W wired fast charging, 15W wireless charging, and reverse wireless support.",110019,4.4,Incredible display clarity and high refresh rate make scrolling and gaming super smooth. Charging speed is amazingly fast. Though system software comes with a few preinstalled apps that require manual uninstalling.
,Electronics,Xiaomi,14 Civi Special Edition Variant #2021,Sunset Orange,"The Xiaomi 14 Civi Special Edition is an advanced upper mid-range smartphone offering optimized hardware and clean performance. Driven by the MediaTek Dimensity 8300 Ultra chipset with 16GB flagship LPDDR5X RAM paired with massive 1TB UFS 4.0 storage. It features a 6.7-inch Super Retina XDR OLED display with ProMotion 120Hz adaptive refresh rate and outdoor peak 2000 nits, a versatile camera array with a 48MP main sensor with sensor-shift OIS, 12MP 5x tetraprism optical zoom telephoto, and 12MP ultrawide, and a 4422mAh battery with MagSafe 15W wireless charging and high efficiency battery optimization.",48020,4.4,Top-notch camera setup with exceptional portrait modes and zoom capability. Software runs smooth without any stutters. Keep in mind that there is no expandable microSD card slot or 3.5mm headphone jack.
,Electronics,Vivo,X100 Pro 5G Special Edition Variant #2022,Emerald Green,"The Vivo X100 Pro 5G Special Edition is an advanced flagship smartphone offering optimized hardware and clean performance. Driven by the Google Tensor G3 chipset with LPDDR5 RAM and UFS 3.1 high-speed storage. It features a 6.7-inch Super Actua LTPO OLED display with 1-120Hz variable refresh rate and 2400 nits peak brightness, a versatile camera array with a 50MP primary camera with OIS, 48MP ultrawide with macro focus, and 48MP telephoto with 5x optical zoom, and a 5050mAh battery with 30W wired charging and 23W wireless charging capability.",95021,4.4,"Solid battery endurance paired with rapid charging. Handles demanding mobile titles without thermal throttling. However, the camera bump on the back is quite prominent."
,Electronics,Vivo,V30 Pro 5G Special Edition Variant #2023,Starlight Silver,"The Vivo V30 Pro 5G Special Edition is an advanced mid-range smartphone offering optimized hardware and clean performance. Driven by the MediaTek Dimensity 7200 Pro chipset with LPDDR5X RAM paired with 256GB UFS 4.0 internal storage. It features a 6.82-inch 2K 120Hz Curved LTPO AMOLED display with 4500 nits peak brightness and Dolby Vision, a versatile camera array with a 50MP Sony LYT-808 primary sensor, 64MP periscope telephoto (3x optical, 120x digital), and 48MP ultrawide with Hasselblad color tuning, and a 5400mAh dual-cell battery supported by 100W SUPERVOOC fast charging (0-100% in 26 mins) and 50W AIRVOOC wireless.",47022,4.4,"Sleek aesthetic design that turns heads. System software is intuitive, responsive, and packed with practical AI features. Though curved display edges occasionally trigger accidental palm touches."
,Electronics,iQOO,12 5G Special Edition Variant #2024,Glacier White,"The iQOO 12 5G Special Edition is an advanced performance flagship smartphone offering optimized hardware and clean performance. Driven by the MediaTek Dimensity 9300 chipset with 12GB LPDDR5X ultra-fast RAM and 256GB UFS 4.0 storage. It features a 6.78-inch 1.5K 144Hz 8T LTPO AMOLED display with 3000 nits brightness and 2160Hz PWM dimming, a versatile camera array with a 1-inch 50MP Sony LYT-900 primary camera with stepless variable aperture (f/1.63-f/4.0) co-engineered with Leica, and a 5000mAh graphite battery with 120W FlashCharge (0-100% in ~27 mins).",58023,4.4,"Extremely satisfied with the purchase! The camera quality is outstanding, especially in low light, and the battery comfortably lasts over a day. However, the phone is slightly heavy for single-handed use."
,Electronics,iQOO,Neo 9 Pro 5G Special Edition Variant #2025,Asteroid Black,"The iQOO Neo 9 Pro 5G Special Edition is an advanced performance mid-range smartphone offering optimized hardware and clean performance. Driven by the Qualcomm Snapdragon 8 Gen 2 chipset with 12GB LPDDR5X RAM with generous 512GB UFS 4.0 storage. It features a 6.67-inch 1.5K 120Hz CrystalRes AMOLED display with Dolby Vision and Gorilla Glass Victus, a versatile camera array with a 50MP 1-inch Sony IMX989 sensor with OIS, 50MP ZEISS APO Floating Telephoto with 4.3x optical zoom and ZEISS T* anti-reflective coating, and a 5500mAh dual-cell battery with 120W SUPERVOOC superfast charging.",38024,4.4,Blazing fast performance for daily multitasking and heavy gaming. The display is vibrant and easily readable under bright sunlight. Though the secondary ultrawide camera could be slightly better in low light.
,Electronics,Realme,GT 6 5G Special Edition Variant #2026,Ocean Cyan,"The Realme GT 6 5G Special Edition is an advanced upper mid-range smartphone offering optimized hardware and clean performance. Driven by the Qualcomm Snapdragon 7+ Gen 3 chipset with 16GB heavy-multitasking LPDDR5X RAM and 512GB UFS 4.0 storage. It features a 6.7-inch 120Hz Flexible AMOLED screen with 1300 nits brightness and iconic transparent Glyph LED interface, a versatile camera array with a 50MP Sony LYT-808 main camera with OIS, 50MP telephoto portrait lens (2x optical zoom), and Next AI image processing, and a 5200mAh silicon-carbon high density battery with 100W wired and 66W wireless charging.",43025,4.4,"Great value for money smartphone in this price point. Clean UI experience and fast charging makes daily usage hassle-free. On the downside, charging speed could be slightly faster compared to rivals."
,Electronics,Realme,GT 6T 5G Special Edition Variant #2027,Peach Fuzz,"The Realme GT 6T 5G Special Edition is an advanced mid-range smartphone offering optimized hardware and clean performance. Driven by the Exynos 1480 (4nm) chipset with 16GB flagship LPDDR5X RAM paired with massive 1TB UFS 4.0 storage. It features a 6.6-inch FHD+ 120Hz Super AMOLED display with Knox Vault security and Vision Booster, a versatile camera array with a 50MP primary sensor with OIS, 50MP ultrawide with macro mode, and 64MP periscope telephoto with 3x optical zoom, and a 5500mAh heavy-duty battery with 100W SUPERVOOC charging maintaining health over 4 years.",33026,4.4,"The build quality feels high-end and comfortable to hold. Photos taken with the main lens are sharp with natural color tones. However, a fast wall adapter is not included inside the box."
,Electronics,Motorola,Edge 50 Ultra Special Edition Variant #2028,Phantom Black,"The Motorola Edge 50 Ultra Special Edition is an advanced flagship smartphone offering optimized hardware and clean performance. Driven by the Qualcomm Snapdragon 8 Gen 3 chipset with LPDDR5 RAM and UFS 3.1 high-speed storage. It features a 6.74-inch 1.5K 120Hz Ultra Clear AMOLED with Aqua Touch wet-finger technology and 2150 nits brightness, a versatile camera array with a Dual 50MP rear camera sensors (Primary OIS + 114-degree Ultrawide) powered by Ultra XDR photography engine, and a 5000mAh battery with 90W Turbo Charge support included in the box.",65027,4.4,Incredible display clarity and high refresh rate make scrolling and gaming super smooth. Charging speed is amazingly fast. Though system software comes with a few preinstalled apps that require manual uninstalling.
,Electronics,Motorola,Edge 50 Pro Special Edition Variant #2029,Titanium Gray,"The Motorola Edge 50 Pro Special Edition is an advanced mid-range smartphone offering optimized hardware and clean performance. Driven by the MediaTek Dimensity 7200 Pro chipset with LPDDR5X RAM paired with 256GB UFS 4.0 internal storage. It features a 6.67-inch 1.5K 3D Curved AMOLED with 120Hz refresh rate, 1800 nits peak brightness and IP68 protection, a versatile camera array with a 200MP Samsung ISOCELL HP3 camera with OIS, 4x in-sensor lossless zoom, 8MP ultrawide, and 2MP macro lens, and a 5000mAh battery supporting 33W fast charging and 5W reverse wired charging.",36028,4.4,Top-notch camera setup with exceptional portrait modes and zoom capability. Software runs smooth without any stutters. Keep in mind that there is no expandable microSD card slot or 3.5mm headphone jack.
,Electronics,Motorola,Edge 50 Fusion Special Edition Variant #2030,Natural Titanium,"The Motorola Edge 50 Fusion Special Edition is an advanced budget mid-range smartphone offering optimized hardware and clean performance. Driven by the Snapdragon 7s Gen 2 chipset with 12GB LPDDR5X ultra-fast RAM and 256GB UFS 4.0 storage. It features a 6.8-inch QHD+ 120Hz Dynamic AMOLED 2X display with 2600 nits peak brightness and Gorilla Armor, a versatile camera array with a 200MP OIS primary sensor, 50MP periscope telephoto with 5x optical zoom, 10MP 3x telephoto, and 12MP ultrawide, and a 5000mAh battery with 45W wired fast charging, 15W wireless charging, and reverse wireless support.",25029,4.4,"Solid battery endurance paired with rapid charging. Handles demanding mobile titles without thermal throttling. However, the camera bump on the back is quite prominent."
,Electronics,Nothing,Phone  Special Edition Variant #2031,2,"The Nothing Phone (2) Special Edition is an advanced upper mid-range smartphone offering optimized hardware and clean performance. Driven by the Qualcomm Snapdragon 8s Gen 3 chipset with 12GB LPDDR5X RAM with generous 512GB UFS 4.0 storage. It features a 6.7-inch Super Retina XDR OLED display with ProMotion 120Hz adaptive refresh rate and outdoor peak 2000 nits, a versatile camera array with a 48MP main sensor with sensor-shift OIS, 12MP 5x tetraprism optical zoom telephoto, and 12MP ultrawide, and a 4422mAh battery with MagSafe 15W wireless charging and high efficiency battery optimization.",40030,4.4,"Sleek aesthetic design that turns heads. System software is intuitive, responsive, and packed with practical AI features. Though curved display edges occasionally trigger accidental palm touches."
,Electronics,Nothing,Phone  Special Edition Variant #2032,2a,"The Nothing Phone (2a) Special Edition is an advanced budget mid-range smartphone offering optimized hardware and clean performance. Driven by the MediaTek Dimensity 7050 chipset with 16GB heavy-multitasking LPDDR5X RAM and 512GB UFS 4.0 storage. It features a 6.7-inch Super Actua LTPO OLED display with 1-120Hz variable refresh rate and 2400 nits peak brightness, a versatile camera array with a 50MP primary camera with OIS, 48MP ultrawide with macro focus, and 48MP telephoto with 5x optical zoom, and a 5050mAh battery with 30W wired charging and 23W wireless charging capability.",26031,4.4,"Extremely satisfied with the purchase! The camera quality is outstanding, especially in low light, and the battery comfortably lasts over a day. However, the phone is slightly heavy for single-handed use."
,Electronics,POCO,F6 Pro 5G Special Edition Variant #2033,Sunset Orange,"The Poco F6 Pro 5G Special Edition is an advanced performance mid-range smartphone offering optimized hardware and clean performance. Driven by the MediaTek Dimensity 8300 Ultra chipset with 16GB flagship LPDDR5X RAM paired with massive 1TB UFS 4.0 storage. It features a 6.82-inch 2K 120Hz Curved LTPO AMOLED display with 4500 nits peak brightness and Dolby Vision, a versatile camera array with a 50MP Sony LYT-808 primary sensor, 64MP periscope telephoto (3x optical, 120x digital), and 48MP ultrawide with Hasselblad color tuning, and a 5400mAh dual-cell battery supported by 100W SUPERVOOC fast charging (0-100% in 26 mins) and 50W AIRVOOC wireless.",42032,4.4,Blazing fast performance for daily multitasking and heavy gaming. The display is vibrant and easily readable under bright sunlight. Though the secondary ultrawide camera could be slightly better in low light.
,Electronics,POCO,F6 5G Special Edition Variant #2034,Emerald Green,"The Poco F6 5G Special Edition is an advanced performance budget smartphone offering optimized hardware and clean performance. Driven by the Qualcomm Snapdragon 8s Gen 3 chipset with LPDDR5 RAM and UFS 3.1 high-speed storage. It features a 6.78-inch 1.5K 144Hz 8T LTPO AMOLED display with 3000 nits brightness and 2160Hz PWM dimming, a versatile camera array with a 1-inch 50MP Sony LYT-900 primary camera with stepless variable aperture (f/1.63-f/4.0) co-engineered with Leica, and a 5000mAh graphite battery with 120W FlashCharge (0-100% in ~27 mins).",32033,4.4,"Great value for money smartphone in this price point. Clean UI experience and fast charging makes daily usage hassle-free. On the downside, charging speed could be slightly faster compared to rivals."
,Electronics,POCO,X6 Pro 5G Special Edition Variant #2035,Starlight Silver,"The Poco X6 Pro 5G Special Edition is an advanced performance budget smartphone offering optimized hardware and clean performance. Driven by the MediaTek Dimensity 8300 Ultra chipset with LPDDR5X RAM paired with 256GB UFS 4.0 internal storage. It features a 6.67-inch 1.5K 120Hz CrystalRes AMOLED display with Dolby Vision and Gorilla Glass Victus, a versatile camera array with a 50MP 1-inch Sony IMX989 sensor with OIS, 50MP ZEISS APO Floating Telephoto with 4.3x optical zoom and ZEISS T* anti-reflective coating, and a 5500mAh dual-cell battery with 120W SUPERVOOC superfast charging.",27034,4.4,"The build quality feels high-end and comfortable to hold. Photos taken with the main lens are sharp with natural color tones. However, a fast wall adapter is not included inside the box."
,Electronics,Samsung,Galaxy A55 5G Special Edition Variant #2036,Glacier White,"The Samsung Galaxy A55 5G Special Edition is an advanced mid-range smartphone offering optimized hardware and clean performance. Driven by the Exynos 1480 (4nm) chipset with 12GB LPDDR5X ultra-fast RAM and 256GB UFS 4.0 storage. It features a 6.7-inch 120Hz Flexible AMOLED screen with 1300 nits brightness and iconic transparent Glyph LED interface, a versatile camera array with a 50MP Sony LYT-808 main camera with OIS, 50MP telephoto portrait lens (2x optical zoom), and Next AI image processing, and a 5200mAh silicon-carbon high density battery with 100W wired and 66W wireless charging.",43035,4.4,Incredible display clarity and high refresh rate make scrolling and gaming super smooth. Charging speed is amazingly fast. Though system software comes with a few preinstalled apps that require manual uninstalling.
,Electronics,Samsung,Galaxy A35 5G Special Edition Variant #2037,Asteroid Black,"The Samsung Galaxy A35 5G Special Edition is an advanced budget mid-range smartphone offering optimized hardware and clean performance. Driven by the Qualcomm Snapdragon 6 Gen 1 chipset with 12GB LPDDR5X RAM with generous 512GB UFS 4.0 storage. It features a 6.6-inch FHD+ 120Hz Super AMOLED display with Knox Vault security and Vision Booster, a versatile camera array with a 50MP primary sensor with OIS, 50MP ultrawide with macro mode, and 64MP periscope telephoto with 3x optical zoom, and a 5500mAh heavy-duty battery with 100W SUPERVOOC charging maintaining health over 4 years.",31036,4.4,Top-notch camera setup with exceptional portrait modes and zoom capability. Software runs smooth without any stutters. Keep in mind that there is no expandable microSD card slot or 3.5mm headphone jack.
,Electronics,Samsung,Galaxy M55 5G Special Edition Variant #2038,Ocean Cyan,"The Samsung Galaxy M55 5G Special Edition is an advanced budget mid-range smartphone offering optimized hardware and clean performance. Driven by the MediaTek Dimensity 7050 chipset with 16GB heavy-multitasking LPDDR5X RAM and 512GB UFS 4.0 storage. It features a 6.74-inch 1.5K 120Hz Ultra Clear AMOLED with Aqua Touch wet-finger technology and 2150 nits brightness, a versatile camera array with a Dual 50MP rear camera sensors (Primary OIS + 114-degree Ultrawide) powered by Ultra XDR photography engine, and a 5000mAh battery with 90W Turbo Charge support included in the box.",27037,4.4,"Solid battery endurance paired with rapid charging. Handles demanding mobile titles without thermal throttling. However, the camera bump on the back is quite prominent."
,Electronics,OnePlus,Nord 4 5G Special Edition Variant #2039,Peach Fuzz,"The OnePlus Nord 4 5G Special Edition is an advanced mid-range smartphone offering optimized hardware and clean performance. Driven by the Exynos 1480 (4nm) chipset with 16GB flagship LPDDR5X RAM paired with massive 1TB UFS 4.0 storage. It features a 6.67-inch 1.5K 3D Curved AMOLED with 120Hz refresh rate, 1800 nits peak brightness and IP68 protection, a versatile camera array with a 200MP Samsung ISOCELL HP3 camera with OIS, 4x in-sensor lossless zoom, 8MP ultrawide, and 2MP macro lens, and a 5000mAh battery supporting 33W fast charging and 5W reverse wired charging.",33038,4.4,"Sleek aesthetic design that turns heads. System software is intuitive, responsive, and packed with practical AI features. Though curved display edges occasionally trigger accidental palm touches."
,Electronics,OnePlus,Nord CE 4 5G Special Edition Variant #2040,Phantom Black,"The OnePlus Nord CE 4 5G Special Edition is an advanced budget mid-range smartphone offering optimized hardware and clean performance. Driven by the Qualcomm Snapdragon 6 Gen 1 chipset with LPDDR5 RAM and UFS 3.1 high-speed storage. It features a 6.8-inch QHD+ 120Hz Dynamic AMOLED 2X display with 2600 nits peak brightness and Gorilla Armor, a versatile camera array with a 200MP OIS primary sensor, 50MP periscope telephoto with 5x optical zoom, 10MP 3x telephoto, and 12MP ultrawide, and a 5000mAh battery with 45W wired fast charging, 15W wireless charging, and reverse wireless support.",27039,4.4,"Extremely satisfied with the purchase! The camera quality is outstanding, especially in low light, and the battery comfortably lasts over a day. However, the phone is slightly heavy for single-handed use."
,Electronics,Redmi,Note 13 Pro+ 5G Special Edition Variant #2041,Titanium Gray,"The Redmi Note 13 Pro+ 5G Special Edition is an advanced mid-range smartphone offering optimized hardware and clean performance. Driven by the MediaTek Dimensity 7200 Pro chipset with LPDDR5X RAM paired with 256GB UFS 4.0 internal storage. It features a 6.7-inch Super Retina XDR OLED display with ProMotion 120Hz adaptive refresh rate and outdoor peak 2000 nits, a versatile camera array with a 48MP main sensor with sensor-shift OIS, 12MP 5x tetraprism optical zoom telephoto, and 12MP ultrawide, and a 4422mAh battery with MagSafe 15W wireless charging and high efficiency battery optimization.",34040,4.4,Blazing fast performance for daily multitasking and heavy gaming. The display is vibrant and easily readable under bright sunlight. Though the secondary ultrawide camera could be slightly better in low light.
,Electronics,Redmi,Note 13 Pro 5G Special Edition Variant #2042,Natural Titanium,"The Redmi Note 13 Pro 5G Special Edition is an advanced budget mid-range smartphone offering optimized hardware and clean performance. Driven by the Snapdragon 7s Gen 2 chipset with 12GB LPDDR5X ultra-fast RAM and 256GB UFS 4.0 storage. It features a 6.7-inch Super Actua LTPO OLED display with 1-120Hz variable refresh rate and 2400 nits peak brightness, a versatile camera array with a 50MP primary camera with OIS, 48MP ultrawide with macro focus, and 48MP telephoto with 5x optical zoom, and a 5050mAh battery with 30W wired charging and 23W wireless charging capability.",27041,4.4,"Great value for money smartphone in this price point. Clean UI experience and fast charging makes daily usage hassle-free. On the downside, charging speed could be slightly faster compared to rivals."
,Electronics,Redmi,Note 13 5G Special Edition Variant #2043,Oasis Green,"The Redmi Note 13 5G Special Edition is an advanced budget smartphone offering optimized hardware and clean performance. Driven by the MediaTek Dimensity 7300 5G chipset with 12GB LPDDR5X RAM with generous 512GB UFS 4.0 storage. It features a 6.82-inch 2K 120Hz Curved LTPO AMOLED display with 4500 nits peak brightness and Dolby Vision, a versatile camera array with a 50MP Sony LYT-808 primary sensor, 64MP periscope telephoto (3x optical, 120x digital), and 48MP ultrawide with Hasselblad color tuning, and a 5400mAh dual-cell battery supported by 100W SUPERVOOC fast charging (0-100% in 26 mins) and 50W AIRVOOC wireless.",19042,4.4,"The build quality feels high-end and comfortable to hold. Photos taken with the main lens are sharp with natural color tones. However, a fast wall adapter is not included inside the box."
,Electronics,Honor,200 Pro 5G Special Edition Variant #2044,Midnight Blue,"The Honor 200 Pro 5G Special Edition is an advanced upper mid-range smartphone offering optimized hardware and clean performance. Driven by the Qualcomm Snapdragon 7+ Gen 3 chipset with 16GB heavy-multitasking LPDDR5X RAM and 512GB UFS 4.0 storage. It features a 6.78-inch 1.5K 144Hz 8T LTPO AMOLED display with 3000 nits brightness and 2160Hz PWM dimming, a versatile camera array with a 1-inch 50MP Sony LYT-900 primary camera with stepless variable aperture (f/1.63-f/4.0) co-engineered with Leica, and a 5000mAh graphite battery with 120W FlashCharge (0-100% in ~27 mins).",62043,4.4,Incredible display clarity and high refresh rate make scrolling and gaming super smooth. Charging speed is amazingly fast. Though system software comes with a few preinstalled apps that require manual uninstalling.
,Electronics,Honor,200 5G Special Edition Variant #2045,Sunset Orange,"The Honor 200 5G Special Edition is an advanced mid-range smartphone offering optimized hardware and clean performance. Driven by the Exynos 1480 (4nm) chipset with 16GB flagship LPDDR5X RAM paired with massive 1TB UFS 4.0 storage. It features a 6.67-inch 1.5K 120Hz CrystalRes AMOLED display with Dolby Vision and Gorilla Glass Victus, a versatile camera array with a 50MP 1-inch Sony IMX989 sensor with OIS, 50MP ZEISS APO Floating Telephoto with 4.3x optical zoom and ZEISS T* anti-reflective coating, and a 5500mAh dual-cell battery with 120W SUPERVOOC superfast charging.",38044,4.4,Top-notch camera setup with exceptional portrait modes and zoom capability. Software runs smooth without any stutters. Keep in mind that there is no expandable microSD card slot or 3.5mm headphone jack.
,Electronics,Nothing,CMF by  Phone 1 Special Edition Variant #2046,Emerald Green,"The CMF by Nothing Phone 1 Special Edition is an advanced budget smartphone offering optimized hardware and clean performance. Driven by the MediaTek Dimensity 7300 5G chipset with LPDDR5 RAM and UFS 3.1 high-speed storage. It features a 6.7-inch 120Hz Flexible AMOLED screen with 1300 nits brightness and iconic transparent Glyph LED interface, a versatile camera array with a 50MP Sony LYT-808 main camera with OIS, 50MP telephoto portrait lens (2x optical zoom), and Next AI image processing, and a 5200mAh silicon-carbon high density battery with 100W wired and 66W wireless charging.",18045,4.4,"Solid battery endurance paired with rapid charging. Handles demanding mobile titles without thermal throttling. However, the camera bump on the back is quite prominent."
,Electronics,Realme,12 Pro+ 5G Special Edition Variant #2047,Starlight Silver,"The Realme 12 Pro+ 5G Special Edition is an advanced mid-range smartphone offering optimized hardware and clean performance. Driven by the MediaTek Dimensity 7200 Pro chipset with LPDDR5X RAM paired with 256GB UFS 4.0 internal storage. It features a 6.6-inch FHD+ 120Hz Super AMOLED display with Knox Vault security and Vision Booster, a versatile camera array with a 50MP primary sensor with OIS, 50MP ultrawide with macro mode, and 64MP periscope telephoto with 3x optical zoom, and a 5500mAh heavy-duty battery with 100W SUPERVOOC charging maintaining health over 4 years.",32046,4.4,"Sleek aesthetic design that turns heads. System software is intuitive, responsive, and packed with practical AI features. Though curved display edges occasionally trigger accidental palm touches."
,Electronics,Realme,P1 Pro 5G Special Edition Variant #2048,Glacier White,"The Realme P1 Pro 5G Special Edition is an advanced budget smartphone offering optimized hardware and clean performance. Driven by the MediaTek Dimensity 6080 chipset with 12GB LPDDR5X ultra-fast RAM and 256GB UFS 4.0 storage. It features a 6.74-inch 1.5K 120Hz Ultra Clear AMOLED with Aqua Touch wet-finger technology and 2150 nits brightness, a versatile camera array with a Dual 50MP rear camera sensors (Primary OIS + 114-degree Ultrawide) powered by Ultra XDR photography engine, and a 5000mAh battery with 90W Turbo Charge support included in the box.",22047,4.4,"Extremely satisfied with the purchase! The camera quality is outstanding, especially in low light, and the battery comfortably lasts over a day. However, the phone is slightly heavy for single-handed use."
,Electronics,Vivo,T3 Pro 5G Special Edition Variant #2049,Asteroid Black,"The Vivo T3 Pro 5G Special Edition is an advanced budget mid-range smartphone offering optimized hardware and clean performance. Driven by the Qualcomm Snapdragon 6 Gen 1 chipset with 12GB LPDDR5X RAM with generous 512GB UFS 4.0 storage. It features a 6.67-inch 1.5K 3D Curved AMOLED with 120Hz refresh rate, 1800 nits peak brightness and IP68 protection, a versatile camera array with a 200MP Samsung ISOCELL HP3 camera with OIS, 4x in-sensor lossless zoom, 8MP ultrawide, and 2MP macro lens, and a 5000mAh battery supporting 33W fast charging and 5W reverse wired charging.",27048,4.4,Blazing fast performance for daily multitasking and heavy gaming. The display is vibrant and easily readable under bright sunlight. Though the secondary ultrawide camera could be slightly better in low light.
,Electronics,iQOO,Z9 Turbo 5G Special Edition Variant #2050,Ocean Cyan,"The iQOO Z9 Turbo 5G Special Edition is an advanced budget mid-range smartphone offering optimized hardware and clean performance. Driven by the MediaTek Dimensity 7050 chipset with 16GB heavy-multitasking LPDDR5X RAM and 512GB UFS 4.0 storage. It features a 6.8-inch QHD+ 120Hz Dynamic AMOLED 2X display with 2600 nits peak brightness and Gorilla Armor, a versatile camera array with a 200MP OIS primary sensor, 50MP periscope telephoto with 5x optical zoom, 10MP 3x telephoto, and 12MP ultrawide, and a 5000mAh battery with 45W wired fast charging, 15W wireless charging, and reverse wireless support.",24049,4.4,"Great value for money smartphone in this price point. Clean UI experience and fast charging makes daily usage hassle-free. On the downside, charging speed could be slightly faster compared to rivals."
,Electronics,Samsung,Galaxy Z Fold 5 5G Special Edition Variant #2051,Peach Fuzz,"The Samsung Galaxy Z Fold 5 5G Special Edition is an advanced foldable flagship smartphone offering optimized hardware and clean performance. Driven by the MediaTek Dimensity 9000+ chipset with 16GB flagship LPDDR5X RAM paired with massive 1TB UFS 4.0 storage. It features a 6.7-inch Super Retina XDR OLED display with ProMotion 120Hz adaptive refresh rate and outdoor peak 2000 nits, a versatile camera array with a 48MP main sensor with sensor-shift OIS, 12MP 5x tetraprism optical zoom telephoto, and 12MP ultrawide, and a 4422mAh battery with MagSafe 15W wireless charging and high efficiency battery optimization.",165050,4.4,"The build quality feels high-end and comfortable to hold. Photos taken with the main lens are sharp with natural color tones. However, a fast wall adapter is not included inside the box."
,Electronics,Samsung,Galaxy Z Flip 5 5G Special Edition Variant #2052,Phantom Black,"The Samsung Galaxy Z Flip 5 5G Special Edition is an advanced foldable flagship smartphone offering optimized hardware and clean performance. Driven by the Qualcomm Snapdragon 8 Gen 3 chipset with LPDDR5 RAM and UFS 3.1 high-speed storage. It features a 6.7-inch Super Actua LTPO OLED display with 1-120Hz variable refresh rate and 2400 nits peak brightness, a versatile camera array with a 50MP primary camera with OIS, 48MP ultrawide with macro focus, and 48MP telephoto with 5x optical zoom, and a 5050mAh battery with 30W wired charging and 23W wireless charging capability.",110051,4.4,Incredible display clarity and high refresh rate make scrolling and gaming super smooth. Charging speed is amazingly fast. Though system software comes with a few preinstalled apps that require manual uninstalling.
,Electronics,Motorola,Razr 50 Ultra 5G Special Edition Variant #2053,Titanium Gray,"The Motorola Razr 50 Ultra 5G Special Edition is an advanced foldable flagship smartphone offering optimized hardware and clean performance. Driven by the Qualcomm Snapdragon 8 Gen 2 chipset with LPDDR5X RAM paired with 256GB UFS 4.0 internal storage. It features a 6.82-inch 2K 120Hz Curved LTPO AMOLED display with 4500 nits peak brightness and Dolby Vision, a versatile camera array with a 50MP Sony LYT-808 primary sensor, 64MP periscope telephoto (3x optical, 120x digital), and 48MP ultrawide with Hasselblad color tuning, and a 5400mAh dual-cell battery supported by 100W SUPERVOOC fast charging (0-100% in 26 mins) and 50W AIRVOOC wireless.",95052,4.4,Top-notch camera setup with exceptional portrait modes and zoom capability. Software runs smooth without any stutters. Keep in mind that there is no expandable microSD card slot or 3.5mm headphone jack.
,Electronics,Tecno,Phantom V Fold 5G Special Edition Variant #2054,Natural Titanium,"The Tecno Phantom V Fold 5G Special Edition is an advanced foldable flagship smartphone offering optimized hardware and clean performance. Driven by the MediaTek Dimensity 9000+ chipset with 12GB LPDDR5X ultra-fast RAM and 256GB UFS 4.0 storage. It features a 6.78-inch 1.5K 144Hz 8T LTPO AMOLED display with 3000 nits brightness and 2160Hz PWM dimming, a versatile camera array with a 1-inch 50MP Sony LYT-900 primary camera with stepless variable aperture (f/1.63-f/4.0) co-engineered with Leica, and a 5000mAh graphite battery with 120W FlashCharge (0-100% in ~27 mins).",75053,4.4,"Solid battery endurance paired with rapid charging. Handles demanding mobile titles without thermal throttling. However, the camera bump on the back is quite prominent."
,Electronics,Tecno,Phantom V Flip 5G Special Edition Variant #2055,Oasis Green,"The Tecno Phantom V Flip 5G Special Edition is an advanced foldable mid-range smartphone offering optimized hardware and clean performance. Driven by the MediaTek Dimensity 8050 5G chipset with 12GB LPDDR5X RAM with generous 512GB UFS 4.0 storage. It features a 6.67-inch 1.5K 120Hz CrystalRes AMOLED display with Dolby Vision and Gorilla Glass Victus, a versatile camera array with a 50MP 1-inch Sony IMX989 sensor with OIS, 50MP ZEISS APO Floating Telephoto with 4.3x optical zoom and ZEISS T* anti-reflective coating, and a 5500mAh dual-cell battery with 120W SUPERVOOC superfast charging.",53054,4.4,"Sleek aesthetic design that turns heads. System software is intuitive, responsive, and packed with practical AI features. Though curved display edges occasionally trigger accidental palm touches."
,Electronics,ASUS,ROG Phone 8 Pro 5G Special Edition Variant #2056,Midnight Blue,"The Asus ROG Phone 8 Pro 5G Special Edition is an advanced gaming flagship smartphone offering optimized hardware and clean performance. Driven by the Qualcomm Snapdragon 8 Gen 3 with dedicated GameCool vapour cooling chipset with 16GB heavy-multitasking LPDDR5X RAM and 512GB UFS 4.0 storage. It features a 6.7-inch 120Hz Flexible AMOLED screen with 1300 nits brightness and iconic transparent Glyph LED interface, a versatile camera array with a 50MP Sony LYT-808 main camera with OIS, 50MP telephoto portrait lens (2x optical zoom), and Next AI image processing, and a 5200mAh silicon-carbon high density battery with 100W wired and 66W wireless charging.",100055,4.4,"Extremely satisfied with the purchase! The camera quality is outstanding, especially in low light, and the battery comfortably lasts over a day. However, the phone is slightly heavy for single-handed use."
,Electronics,ASUS,ROG Phone 8 5G Special Edition Variant #2057,Sunset Orange,"The Asus ROG Phone 8 5G Special Edition is an advanced gaming flagship smartphone offering optimized hardware and clean performance. Driven by the Qualcomm Snapdragon 8 Gen 3 with dedicated GameCool vapour cooling chipset with 16GB flagship LPDDR5X RAM paired with massive 1TB UFS 4.0 storage. It features a 6.6-inch FHD+ 120Hz Super AMOLED display with Knox Vault security and Vision Booster, a versatile camera array with a 50MP primary sensor with OIS, 50MP ultrawide with macro mode, and 64MP periscope telephoto with 3x optical zoom, and a 5500mAh heavy-duty battery with 100W SUPERVOOC charging maintaining health over 4 years.",85056,4.4,Blazing fast performance for daily multitasking and heavy gaming. The display is vibrant and easily readable under bright sunlight. Though the secondary ultrawide camera could be slightly better in low light.
,Electronics,Samsung,Galaxy S24 Ultra Special Edition Variant #2058,Emerald Green,"The Samsung Galaxy S24 Ultra Special Edition is an advanced flagship smartphone offering optimized hardware and clean performance. Driven by the Google Tensor G3 chipset with LPDDR5 RAM and UFS 3.1 high-speed storage. It features a 6.74-inch 1.5K 120Hz Ultra Clear AMOLED with Aqua Touch wet-finger technology and 2150 nits brightness, a versatile camera array with a Dual 50MP rear camera sensors (Primary OIS + 114-degree Ultrawide) powered by Ultra XDR photography engine, and a 5000mAh battery with 90W Turbo Charge support included in the box.",140057,4.4,"Great value for money smartphone in this price point. Clean UI experience and fast charging makes daily usage hassle-free. On the downside, charging speed could be slightly faster compared to rivals."
,Electronics,Samsung,Galaxy S24 Plus Special Edition Variant #2059,Starlight Silver,"The Samsung Galaxy S24 Plus Special Edition is an advanced flagship smartphone offering optimized hardware and clean performance. Driven by the MediaTek Dimensity 9300 chipset with LPDDR5X RAM paired with 256GB UFS 4.0 internal storage. It features a 6.67-inch 1.5K 3D Curved AMOLED with 120Hz refresh rate, 1800 nits peak brightness and IP68 protection, a versatile camera array with a 200MP Samsung ISOCELL HP3 camera with OIS, 4x in-sensor lossless zoom, 8MP ultrawide, and 2MP macro lens, and a 5000mAh battery supporting 33W fast charging and 5W reverse wired charging.",110058,4.4,"The build quality feels high-end and comfortable to hold. Photos taken with the main lens are sharp with natural color tones. However, a fast wall adapter is not included inside the box."
,Electronics,Samsung,Galaxy S24 Special Edition Variant #2060,Glacier White,"The Samsung Galaxy S24 Special Edition is an advanced flagship smartphone offering optimized hardware and clean performance. Driven by the Qualcomm Snapdragon 8 Gen 3 chipset with 12GB LPDDR5X ultra-fast RAM and 256GB UFS 4.0 storage. It features a 6.8-inch QHD+ 120Hz Dynamic AMOLED 2X display with 2600 nits peak brightness and Gorilla Armor, a versatile camera array with a 200MP OIS primary sensor, 50MP periscope telephoto with 5x optical zoom, 10MP 3x telephoto, and 12MP ultrawide, and a 5000mAh battery with 45W wired fast charging, 15W wireless charging, and reverse wireless support.",80059,4.4,Incredible display clarity and high refresh rate make scrolling and gaming super smooth. Charging speed is amazingly fast. Though system software comes with a few preinstalled apps that require manual uninstalling.
,Electronics,Apple,iPhone 15 Pro Max Special Edition Variant #2061,Asteroid Black,"The Apple iPhone 15 Pro Max Special Edition is an advanced flagship smartphone offering optimized hardware and clean performance. Driven by the Apple A17 Pro (3nm) chipset with 12GB LPDDR5X RAM with generous 512GB UFS 4.0 storage. It features a 6.7-inch Super Retina XDR OLED display with ProMotion 120Hz adaptive refresh rate and outdoor peak 2000 nits, a versatile camera array with a 48MP main sensor with sensor-shift OIS, 12MP 5x tetraprism optical zoom telephoto, and 12MP ultrawide, and a 4422mAh battery with MagSafe 15W wireless charging and high efficiency battery optimization.",179961,4.4,Top-notch camera setup with exceptional portrait modes and zoom capability. Software runs smooth without any stutters. Keep in mind that there is no expandable microSD card slot or 3.5mm headphone jack.
,Electronics,Apple,iPhone 15 Pro Special Edition Variant #2062,Ocean Cyan,"The Apple iPhone 15 Pro Special Edition is an advanced flagship smartphone offering optimized hardware and clean performance. Driven by the Google Tensor G3 chipset with 16GB heavy-multitasking LPDDR5X RAM and 512GB UFS 4.0 storage. It features a 6.7-inch Super Actua LTPO OLED display with 1-120Hz variable refresh rate and 2400 nits peak brightness, a versatile camera array with a 50MP primary camera with OIS, 48MP ultrawide with macro focus, and 48MP telephoto with 5x optical zoom, and a 5050mAh battery with 30W wired charging and 23W wireless charging capability.",144962,4.4,"Solid battery endurance paired with rapid charging. Handles demanding mobile titles without thermal throttling. However, the camera bump on the back is quite prominent."
,Electronics,Apple,iPhone 15 Plus Special Edition Variant #2063,Peach Fuzz,"The Apple iPhone 15 Plus Special Edition is an advanced flagship smartphone offering optimized hardware and clean performance. Driven by the MediaTek Dimensity 9300 chipset with 16GB flagship LPDDR5X RAM paired with massive 1TB UFS 4.0 storage. It features a 6.82-inch 2K 120Hz Curved LTPO AMOLED display with 4500 nits peak brightness and Dolby Vision, a versatile camera array with a 50MP Sony LYT-808 primary sensor, 64MP periscope telephoto (3x optical, 120x digital), and 48MP ultrawide with Hasselblad color tuning, and a 5400mAh dual-cell battery supported by 100W SUPERVOOC fast charging (0-100% in 26 mins) and 50W AIRVOOC wireless.",99963,4.4,"Sleek aesthetic design that turns heads. System software is intuitive, responsive, and packed with practical AI features. Though curved display edges occasionally trigger accidental palm touches."
,Electronics,Apple,iPhone 15 Special Edition Variant #2064,Phantom Black,"The Apple iPhone 15 Special Edition is an advanced flagship smartphone offering optimized hardware and clean performance. Driven by the Qualcomm Snapdragon 8 Gen 3 chipset with LPDDR5 RAM and UFS 3.1 high-speed storage. It features a 6.78-inch 1.5K 144Hz 8T LTPO AMOLED display with 3000 nits brightness and 2160Hz PWM dimming, a versatile camera array with a 1-inch 50MP Sony LYT-900 primary camera with stepless variable aperture (f/1.63-f/4.0) co-engineered with Leica, and a 5000mAh graphite battery with 120W FlashCharge (0-100% in ~27 mins).",89964,4.4,"Extremely satisfied with the purchase! The camera quality is outstanding, especially in low light, and the battery comfortably lasts over a day. However, the phone is slightly heavy for single-handed use."
,Electronics,Google,Pixel 8 Pro Special Edition Variant #2065,Titanium Gray,"The Google Pixel 8 Pro Special Edition is an advanced flagship smartphone offering optimized hardware and clean performance. Driven by the Apple A17 Pro (3nm) chipset with LPDDR5X RAM paired with 256GB UFS 4.0 internal storage. It features a 6.67-inch 1.5K 120Hz CrystalRes AMOLED display with Dolby Vision and Gorilla Glass Victus, a versatile camera array with a 50MP 1-inch Sony IMX989 sensor with OIS, 50MP ZEISS APO Floating Telephoto with 4.3x optical zoom and ZEISS T* anti-reflective coating, and a 5500mAh dual-cell battery with 120W SUPERVOOC superfast charging.",114064,4.4,Blazing fast performance for daily multitasking and heavy gaming. The display is vibrant and easily readable under bright sunlight. Though the secondary ultrawide camera could be slightly better in low light.
,Electronics,Google,Pixel 8a Special Edition Variant #2066,Natural Titanium,"The Google Pixel 8a Special Edition is an advanced mid-range smartphone offering optimized hardware and clean performance. Driven by the Exynos 1480 (4nm) chipset with 12GB LPDDR5X ultra-fast RAM and 256GB UFS 4.0 storage. It features a 6.7-inch 120Hz Flexible AMOLED screen with 1300 nits brightness and iconic transparent Glyph LED interface, a versatile camera array with a 50MP Sony LYT-808 main camera with OIS, 50MP telephoto portrait lens (2x optical zoom), and Next AI image processing, and a 5200mAh silicon-carbon high density battery with 100W wired and 66W wireless charging.",60065,4.4,"Great value for money smartphone in this price point. Clean UI experience and fast charging makes daily usage hassle-free. On the downside, charging speed could be slightly faster compared to rivals."
,Electronics,OnePlus,12 5G Special Edition Variant #2067,Oasis Green,"The OnePlus 12 5G Special Edition is an advanced flagship smartphone offering optimized hardware and clean performance. Driven by the MediaTek Dimensity 9300 chipset with 12GB LPDDR5X RAM with generous 512GB UFS 4.0 storage. It features a 6.6-inch FHD+ 120Hz Super AMOLED display with Knox Vault security and Vision Booster, a versatile camera array with a 50MP primary sensor with OIS, 50MP ultrawide with macro mode, and 64MP periscope telephoto with 3x optical zoom, and a 5500mAh heavy-duty battery with 100W SUPERVOOC charging maintaining health over 4 years.",70066,4.4,"The build quality feels high-end and comfortable to hold. Photos taken with the main lens are sharp with natural color tones. However, a fast wall adapter is not included inside the box."
,Electronics,OnePlus,12R 5G Special Edition Variant #2068,Midnight Blue,"The OnePlus 12R 5G Special Edition is an advanced upper mid-range smartphone offering optimized hardware and clean performance. Driven by the Qualcomm Snapdragon 7+ Gen 3 chipset with 16GB heavy-multitasking LPDDR5X RAM and 512GB UFS 4.0 storage. It features a 6.74-inch 1.5K 120Hz Ultra Clear AMOLED with Aqua Touch wet-finger technology and 2150 nits brightness, a versatile camera array with a Dual 50MP rear camera sensors (Primary OIS + 114-degree Ultrawide) powered by Ultra XDR photography engine, and a 5000mAh battery with 90W Turbo Charge support included in the box.",43067,4.4,Incredible display clarity and high refresh rate make scrolling and gaming super smooth. Charging speed is amazingly fast. Though system software comes with a few preinstalled apps that require manual uninstalling.
,Electronics,Xiaomi,14 Ultra 5G Special Edition Variant #2069,Sunset Orange,"The Xiaomi 14 Ultra 5G Special Edition is an advanced flagship smartphone offering optimized hardware and clean performance. Driven by the Apple A17 Pro (3nm) chipset with 16GB flagship LPDDR5X RAM paired with massive 1TB UFS 4.0 storage. It features a 6.67-inch 1.5K 3D Curved AMOLED with 120Hz refresh rate, 1800 nits peak brightness and IP68 protection, a versatile camera array with a 200MP Samsung ISOCELL HP3 camera with OIS, 4x in-sensor lossless zoom, 8MP ultrawide, and 2MP macro lens, and a 5000mAh battery supporting 33W fast charging and 5W reverse wired charging.",110068,4.4,Top-notch camera setup with exceptional portrait modes and zoom capability. Software runs smooth without any stutters. Keep in mind that there is no expandable microSD card slot or 3.5mm headphone jack.
,Electronics,Xiaomi,14 Civi Special Edition Variant #2070,Emerald Green,"The Xiaomi 14 Civi Special Edition is an advanced upper mid-range smartphone offering optimized hardware and clean performance. Driven by the Qualcomm Snapdragon 8s Gen 3 chipset with LPDDR5 RAM and UFS 3.1 high-speed storage. It features a 6.8-inch QHD+ 120Hz Dynamic AMOLED 2X display with 2600 nits peak brightness and Gorilla Armor, a versatile camera array with a 200MP OIS primary sensor, 50MP periscope telephoto with 5x optical zoom, 10MP 3x telephoto, and 12MP ultrawide, and a 5000mAh battery with 45W wired fast charging, 15W wireless charging, and reverse wireless support.",48069,4.4,"Solid battery endurance paired with rapid charging. Handles demanding mobile titles without thermal throttling. However, the camera bump on the back is quite prominent."
,Electronics,Vivo,X100 Pro 5G Special Edition Variant #2071,Starlight Silver,"The Vivo X100 Pro 5G Special Edition is an advanced flagship smartphone offering optimized hardware and clean performance. Driven by the MediaTek Dimensity 9300 chipset with LPDDR5X RAM paired with 256GB UFS 4.0 internal storage. It features a 6.7-inch Super Retina XDR OLED display with ProMotion 120Hz adaptive refresh rate and outdoor peak 2000 nits, a versatile camera array with a 48MP main sensor with sensor-shift OIS, 12MP 5x tetraprism optical zoom telephoto, and 12MP ultrawide, and a 4422mAh battery with MagSafe 15W wireless charging and high efficiency battery optimization.",95070,4.4,"Sleek aesthetic design that turns heads. System software is intuitive, responsive, and packed with practical AI features. Though curved display edges occasionally trigger accidental palm touches."
,Electronics,Vivo,V30 Pro 5G Special Edition Variant #2072,Glacier White,"The Vivo V30 Pro 5G Special Edition is an advanced mid-range smartphone offering optimized hardware and clean performance. Driven by the Exynos 1480 (4nm) chipset with 12GB LPDDR5X ultra-fast RAM and 256GB UFS 4.0 storage. It features a 6.7-inch Super Actua LTPO OLED display with 1-120Hz variable refresh rate and 2400 nits peak brightness, a versatile camera array with a 50MP primary camera with OIS, 48MP ultrawide with macro focus, and 48MP telephoto with 5x optical zoom, and a 5050mAh battery with 30W wired charging and 23W wireless charging capability.",47071,4.4,"Extremely satisfied with the purchase! The camera quality is outstanding, especially in low light, and the battery comfortably lasts over a day. However, the phone is slightly heavy for single-handed use."
,Electronics,iQOO,12 5G Special Edition Variant #2073,Asteroid Black,"The iQOO 12 5G Special Edition is an advanced performance flagship smartphone offering optimized hardware and clean performance. Driven by the Qualcomm Snapdragon 8 Gen 3 chipset with 12GB LPDDR5X RAM with generous 512GB UFS 4.0 storage. It features a 6.82-inch 2K 120Hz Curved LTPO AMOLED display with 4500 nits peak brightness and Dolby Vision, a versatile camera array with a 50MP Sony LYT-808 primary sensor, 64MP periscope telephoto (3x optical, 120x digital), and 48MP ultrawide with Hasselblad color tuning, and a 5400mAh dual-cell battery supported by 100W SUPERVOOC fast charging (0-100% in 26 mins) and 50W AIRVOOC wireless.",58072,4.4,Blazing fast performance for daily multitasking and heavy gaming. The display is vibrant and easily readable under bright sunlight. Though the secondary ultrawide camera could be slightly better in low light.
,Electronics,iQOO,Neo 9 Pro 5G Special Edition Variant #2074,Ocean Cyan,"The iQOO Neo 9 Pro 5G Special Edition is an advanced performance mid-range smartphone offering optimized hardware and clean performance. Driven by the Qualcomm Snapdragon 7+ Gen 3 chipset with 16GB heavy-multitasking LPDDR5X RAM and 512GB UFS 4.0 storage. It features a 6.78-inch 1.5K 144Hz 8T LTPO AMOLED display with 3000 nits brightness and 2160Hz PWM dimming, a versatile camera array with a 1-inch 50MP Sony LYT-900 primary camera with stepless variable aperture (f/1.63-f/4.0) co-engineered with Leica, and a 5000mAh graphite battery with 120W FlashCharge (0-100% in ~27 mins).",38073,4.4,"Great value for money smartphone in this price point. Clean UI experience and fast charging makes daily usage hassle-free. On the downside, charging speed could be slightly faster compared to rivals."
,Electronics,Realme,GT 6 5G Special Edition Variant #2075,Peach Fuzz,"The Realme GT 6 5G Special Edition is an advanced upper mid-range smartphone offering optimized hardware and clean performance. Driven by the MediaTek Dimensity 8300 Ultra chipset with 16GB flagship LPDDR5X RAM paired with massive 1TB UFS 4.0 storage. It features a 6.67-inch 1.5K 120Hz CrystalRes AMOLED display with Dolby Vision and Gorilla Glass Victus, a versatile camera array with a 50MP 1-inch Sony IMX989 sensor with OIS, 50MP ZEISS APO Floating Telephoto with 4.3x optical zoom and ZEISS T* anti-reflective coating, and a 5500mAh dual-cell battery with 120W SUPERVOOC superfast charging.",43074,4.4,"The build quality feels high-end and comfortable to hold. Photos taken with the main lens are sharp with natural color tones. However, a fast wall adapter is not included inside the box."
,Electronics,Realme,GT 6T 5G Special Edition Variant #2076,Phantom Black,"The Realme GT 6T 5G Special Edition is an advanced mid-range smartphone offering optimized hardware and clean performance. Driven by the Qualcomm Snapdragon 7 Gen 3 chipset with LPDDR5 RAM and UFS 3.1 high-speed storage. It features a 6.7-inch 120Hz Flexible AMOLED screen with 1300 nits brightness and iconic transparent Glyph LED interface, a versatile camera array with a 50MP Sony LYT-808 main camera with OIS, 50MP telephoto portrait lens (2x optical zoom), and Next AI image processing, and a 5200mAh silicon-carbon high density battery with 100W wired and 66W wireless charging.",33075,4.4,Incredible display clarity and high refresh rate make scrolling and gaming super smooth. Charging speed is amazingly fast. Though system software comes with a few preinstalled apps that require manual uninstalling.
,Electronics,Motorola,Edge 50 Ultra Special Edition Variant #2077,Titanium Gray,"The Motorola Edge 50 Ultra Special Edition is an advanced flagship smartphone offering optimized hardware and clean performance. Driven by the Apple A17 Pro (3nm) chipset with LPDDR5X RAM paired with 256GB UFS 4.0 internal storage. It features a 6.6-inch FHD+ 120Hz Super AMOLED display with Knox Vault security and Vision Booster, a versatile camera array with a 50MP primary sensor with OIS, 50MP ultrawide with macro mode, and 64MP periscope telephoto with 3x optical zoom, and a 5500mAh heavy-duty battery with 100W SUPERVOOC charging maintaining health over 4 years.",65076,4.4,Top-notch camera setup with exceptional portrait modes and zoom capability. Software runs smooth without any stutters. Keep in mind that there is no expandable microSD card slot or 3.5mm headphone jack.
,Electronics,Motorola,Edge 50 Pro Special Edition Variant #2078,Natural Titanium,"The Motorola Edge 50 Pro Special Edition is an advanced mid-range smartphone offering optimized hardware and clean performance. Driven by the Exynos 1480 (4nm) chipset with 12GB LPDDR5X ultra-fast RAM and 256GB UFS 4.0 storage. It features a 6.74-inch 1.5K 120Hz Ultra Clear AMOLED with Aqua Touch wet-finger technology and 2150 nits brightness, a versatile camera array with a Dual 50MP rear camera sensors (Primary OIS + 114-degree Ultrawide) powered by Ultra XDR photography engine, and a 5000mAh battery with 90W Turbo Charge support included in the box.",36077,4.4,"Solid battery endurance paired with rapid charging. Handles demanding mobile titles without thermal throttling. However, the camera bump on the back is quite prominent."
,Electronics,Motorola,Edge 50 Fusion Special Edition Variant #2079,Oasis Green,"The Motorola Edge 50 Fusion Special Edition is an advanced budget mid-range smartphone offering optimized hardware and clean performance. Driven by the Qualcomm Snapdragon 6 Gen 1 chipset with 12GB LPDDR5X RAM with generous 512GB UFS 4.0 storage. It features a 6.67-inch 1.5K 3D Curved AMOLED with 120Hz refresh rate, 1800 nits peak brightness and IP68 protection, a versatile camera array with a 200MP Samsung ISOCELL HP3 camera with OIS, 4x in-sensor lossless zoom, 8MP ultrawide, and 2MP macro lens, and a 5000mAh battery supporting 33W fast charging and 5W reverse wired charging.",25078,4.4,"Sleek aesthetic design that turns heads. System software is intuitive, responsive, and packed with practical AI features. Though curved display edges occasionally trigger accidental palm touches."
,Electronics,Nothing,Phone  Special Edition Variant #2080,2,"The Nothing Phone (2) Special Edition is an advanced upper mid-range smartphone offering optimized hardware and clean performance. Driven by the Qualcomm Snapdragon 7+ Gen 3 chipset with 16GB heavy-multitasking LPDDR5X RAM and 512GB UFS 4.0 storage. It features a 6.8-inch QHD+ 120Hz Dynamic AMOLED 2X display with 2600 nits peak brightness and Gorilla Armor, a versatile camera array with a 200MP OIS primary sensor, 50MP periscope telephoto with 5x optical zoom, 10MP 3x telephoto, and 12MP ultrawide, and a 5000mAh battery with 45W wired fast charging, 15W wireless charging, and reverse wireless support.",40079,4.4,"Extremely satisfied with the purchase! The camera quality is outstanding, especially in low light, and the battery comfortably lasts over a day. However, the phone is slightly heavy for single-handed use."
,Electronics,Nothing,Phone  Special Edition Variant #2081,2a,"The Nothing Phone (2a) Special Edition is an advanced budget mid-range smartphone offering optimized hardware and clean performance. Driven by the Snapdragon 7s Gen 2 chipset with 16GB flagship LPDDR5X RAM paired with massive 1TB UFS 4.0 storage. It features a 6.7-inch Super Retina XDR OLED display with ProMotion 120Hz adaptive refresh rate and outdoor peak 2000 nits, a versatile camera array with a 48MP main sensor with sensor-shift OIS, 12MP 5x tetraprism optical zoom telephoto, and 12MP ultrawide, and a 4422mAh battery with MagSafe 15W wireless charging and high efficiency battery optimization.",26080,4.4,Blazing fast performance for daily multitasking and heavy gaming. The display is vibrant and easily readable under bright sunlight. Though the secondary ultrawide camera could be slightly better in low light.
,Electronics,POCO,F6 Pro 5G Special Edition Variant #2082,Emerald Green,"The Poco F6 Pro 5G Special Edition is an advanced performance mid-range smartphone offering optimized hardware and clean performance. Driven by the Qualcomm Snapdragon 8 Gen 2 chipset with LPDDR5 RAM and UFS 3.1 high-speed storage. It features a 6.7-inch Super Actua LTPO OLED display with 1-120Hz variable refresh rate and 2400 nits peak brightness, a versatile camera array with a 50MP primary camera with OIS, 48MP ultrawide with macro focus, and 48MP telephoto with 5x optical zoom, and a 5050mAh battery with 30W wired charging and 23W wireless charging capability.",42081,4.4,"Great value for money smartphone in this price point. Clean UI experience and fast charging makes daily usage hassle-free. On the downside, charging speed could be slightly faster compared to rivals."
,Electronics,POCO,F6 5G Special Edition Variant #2083,Starlight Silver,"The Poco F6 5G Special Edition is an advanced performance budget smartphone offering optimized hardware and clean performance. Driven by the MediaTek Dimensity 8300 Ultra chipset with LPDDR5X RAM paired with 256GB UFS 4.0 internal storage. It features a 6.82-inch 2K 120Hz Curved LTPO AMOLED display with 4500 nits peak brightness and Dolby Vision, a versatile camera array with a 50MP Sony LYT-808 primary sensor, 64MP periscope telephoto (3x optical, 120x digital), and 48MP ultrawide with Hasselblad color tuning, and a 5400mAh dual-cell battery supported by 100W SUPERVOOC fast charging (0-100% in 26 mins) and 50W AIRVOOC wireless.",32082,4.4,"The build quality feels high-end and comfortable to hold. Photos taken with the main lens are sharp with natural color tones. However, a fast wall adapter is not included inside the box."
,Electronics,POCO,X6 Pro 5G Special Edition Variant #2084,Glacier White,"The Poco X6 Pro 5G Special Edition is an advanced performance budget smartphone offering optimized hardware and clean performance. Driven by the Qualcomm Snapdragon 8s Gen 3 chipset with 12GB LPDDR5X ultra-fast RAM and 256GB UFS 4.0 storage. It features a 6.78-inch 1.5K 144Hz 8T LTPO AMOLED display with 3000 nits brightness and 2160Hz PWM dimming, a versatile camera array with a 1-inch 50MP Sony LYT-900 primary camera with stepless variable aperture (f/1.63-f/4.0) co-engineered with Leica, and a 5000mAh graphite battery with 120W FlashCharge (0-100% in ~27 mins).",27083,4.4,Incredible display clarity and high refresh rate make scrolling and gaming super smooth. Charging speed is amazingly fast. Though system software comes with a few preinstalled apps that require manual uninstalling.
,Electronics,Samsung,Galaxy A55 5G Special Edition Variant #2085,Asteroid Black,"The Samsung Galaxy A55 5G Special Edition is an advanced mid-range smartphone offering optimized hardware and clean performance. Driven by the Qualcomm Snapdragon 7 Gen 3 chipset with 12GB LPDDR5X RAM with generous 512GB UFS 4.0 storage. It features a 6.67-inch 1.5K 120Hz CrystalRes AMOLED display with Dolby Vision and Gorilla Glass Victus, a versatile camera array with a 50MP 1-inch Sony IMX989 sensor with OIS, 50MP ZEISS APO Floating Telephoto with 4.3x optical zoom and ZEISS T* anti-reflective coating, and a 5500mAh dual-cell battery with 120W SUPERVOOC superfast charging.",43084,4.4,Top-notch camera setup with exceptional portrait modes and zoom capability. Software runs smooth without any stutters. Keep in mind that there is no expandable microSD card slot or 3.5mm headphone jack.
,Electronics,Samsung,Galaxy A35 5G Special Edition Variant #2086,Ocean Cyan,"The Samsung Galaxy A35 5G Special Edition is an advanced budget mid-range smartphone offering optimized hardware and clean performance. Driven by the MediaTek Dimensity 7050 chipset with 16GB heavy-multitasking LPDDR5X RAM and 512GB UFS 4.0 storage. It features a 6.7-inch 120Hz Flexible AMOLED screen with 1300 nits brightness and iconic transparent Glyph LED interface, a versatile camera array with a 50MP Sony LYT-808 main camera with OIS, 50MP telephoto portrait lens (2x optical zoom), and Next AI image processing, and a 5200mAh silicon-carbon high density battery with 100W wired and 66W wireless charging.",31085,4.4,"Solid battery endurance paired with rapid charging. Handles demanding mobile titles without thermal throttling. However, the camera bump on the back is quite prominent."
,Electronics,Samsung,Galaxy M55 5G Special Edition Variant #2087,Peach Fuzz,"The Samsung Galaxy M55 5G Special Edition is an advanced budget mid-range smartphone offering optimized hardware and clean performance. Driven by the Snapdragon 7s Gen 2 chipset with 16GB flagship LPDDR5X RAM paired with massive 1TB UFS 4.0 storage. It features a 6.6-inch FHD+ 120Hz Super AMOLED display with Knox Vault security and Vision Booster, a versatile camera array with a 50MP primary sensor with OIS, 50MP ultrawide with macro mode, and 64MP periscope telephoto with 3x optical zoom, and a 5500mAh heavy-duty battery with 100W SUPERVOOC charging maintaining health over 4 years.",27086,4.4,"Sleek aesthetic design that turns heads. System software is intuitive, responsive, and packed with practical AI features. Though curved display edges occasionally trigger accidental palm touches."
,Electronics,OnePlus,Nord 4 5G Special Edition Variant #2088,Phantom Black,"The OnePlus Nord 4 5G Special Edition is an advanced mid-range smartphone offering optimized hardware and clean performance. Driven by the Qualcomm Snapdragon 7 Gen 3 chipset with LPDDR5 RAM and UFS 3.1 high-speed storage. It features a 6.74-inch 1.5K 120Hz Ultra Clear AMOLED with Aqua Touch wet-finger technology and 2150 nits brightness, a versatile camera array with a Dual 50MP rear camera sensors (Primary OIS + 114-degree Ultrawide) powered by Ultra XDR photography engine, and a 5000mAh battery with 90W Turbo Charge support included in the box.",33087,4.4,"Extremely satisfied with the purchase! The camera quality is outstanding, especially in low light, and the battery comfortably lasts over a day. However, the phone is slightly heavy for single-handed use."
,Electronics,OnePlus,Nord CE 4 5G Special Edition Variant #2089,Titanium Gray,"The OnePlus Nord CE 4 5G Special Edition is an advanced budget mid-range smartphone offering optimized hardware and clean performance. Driven by the MediaTek Dimensity 7050 chipset with LPDDR5X RAM paired with 256GB UFS 4.0 internal storage. It features a 6.67-inch 1.5K 3D Curved AMOLED with 120Hz refresh rate, 1800 nits peak brightness and IP68 protection, a versatile camera array with a 200MP Samsung ISOCELL HP3 camera with OIS, 4x in-sensor lossless zoom, 8MP ultrawide, and 2MP macro lens, and a 5000mAh battery supporting 33W fast charging and 5W reverse wired charging.",27088,4.4,Blazing fast performance for daily multitasking and heavy gaming. The display is vibrant and easily readable under bright sunlight. Though the secondary ultrawide camera could be slightly better in low light.
,Electronics,Redmi,Note 13 Pro+ 5G Special Edition Variant #2090,Natural Titanium,"The Redmi Note 13 Pro+ 5G Special Edition is an advanced mid-range smartphone offering optimized hardware and clean performance. Driven by the Exynos 1480 (4nm) chipset with 12GB LPDDR5X ultra-fast RAM and 256GB UFS 4.0 storage. It features a 6.8-inch QHD+ 120Hz Dynamic AMOLED 2X display with 2600 nits peak brightness and Gorilla Armor, a versatile camera array with a 200MP OIS primary sensor, 50MP periscope telephoto with 5x optical zoom, 10MP 3x telephoto, and 12MP ultrawide, and a 5000mAh battery with 45W wired fast charging, 15W wireless charging, and reverse wireless support.",34089,4.4,"Great value for money smartphone in this price point. Clean UI experience and fast charging makes daily usage hassle-free. On the downside, charging speed could be slightly faster compared to rivals."
,Electronics,Redmi,Note 13 Pro 5G Special Edition Variant #2091,Oasis Green,"The Redmi Note 13 Pro 5G Special Edition is an advanced budget mid-range smartphone offering optimized hardware and clean performance. Driven by the Qualcomm Snapdragon 6 Gen 1 chipset with 12GB LPDDR5X RAM with generous 512GB UFS 4.0 storage. It features a 6.7-inch Super Retina XDR OLED display with ProMotion 120Hz adaptive refresh rate and outdoor peak 2000 nits, a versatile camera array with a 48MP main sensor with sensor-shift OIS, 12MP 5x tetraprism optical zoom telephoto, and 12MP ultrawide, and a 4422mAh battery with MagSafe 15W wireless charging and high efficiency battery optimization.",27090,4.4,"The build quality feels high-end and comfortable to hold. Photos taken with the main lens are sharp with natural color tones. However, a fast wall adapter is not included inside the box."
,Electronics,Redmi,Note 13 5G Special Edition Variant #2092,Midnight Blue,"The Redmi Note 13 5G Special Edition is an advanced budget smartphone offering optimized hardware and clean performance. Driven by the Qualcomm Snapdragon 695 5G chipset with 16GB heavy-multitasking LPDDR5X RAM and 512GB UFS 4.0 storage. It features a 6.7-inch Super Actua LTPO OLED display with 1-120Hz variable refresh rate and 2400 nits peak brightness, a versatile camera array with a 50MP primary camera with OIS, 48MP ultrawide with macro focus, and 48MP telephoto with 5x optical zoom, and a 5050mAh battery with 30W wired charging and 23W wireless charging capability.",19091,4.4,Incredible display clarity and high refresh rate make scrolling and gaming super smooth. Charging speed is amazingly fast. Though system software comes with a few preinstalled apps that require manual uninstalling.
,Electronics,Honor,200 Pro 5G Special Edition Variant #2093,Sunset Orange,"The Honor 200 Pro 5G Special Edition is an advanced upper mid-range smartphone offering optimized hardware and clean performance. Driven by the MediaTek Dimensity 8300 Ultra chipset with 16GB flagship LPDDR5X RAM paired with massive 1TB UFS 4.0 storage. It features a 6.82-inch 2K 120Hz Curved LTPO AMOLED display with 4500 nits peak brightness and Dolby Vision, a versatile camera array with a 50MP Sony LYT-808 primary sensor, 64MP periscope telephoto (3x optical, 120x digital), and 48MP ultrawide with Hasselblad color tuning, and a 5400mAh dual-cell battery supported by 100W SUPERVOOC fast charging (0-100% in 26 mins) and 50W AIRVOOC wireless.",62092,4.4,Top-notch camera setup with exceptional portrait modes and zoom capability. Software runs smooth without any stutters. Keep in mind that there is no expandable microSD card slot or 3.5mm headphone jack.
,Electronics,Honor,200 5G Special Edition Variant #2094,Emerald Green,"The Honor 200 5G Special Edition is an advanced mid-range smartphone offering optimized hardware and clean performance. Driven by the Qualcomm Snapdragon 7 Gen 3 chipset with LPDDR5 RAM and UFS 3.1 high-speed storage. It features a 6.78-inch 1.5K 144Hz 8T LTPO AMOLED display with 3000 nits brightness and 2160Hz PWM dimming, a versatile camera array with a 1-inch 50MP Sony LYT-900 primary camera with stepless variable aperture (f/1.63-f/4.0) co-engineered with Leica, and a 5000mAh graphite battery with 120W FlashCharge (0-100% in ~27 mins).",38093,4.4,"Solid battery endurance paired with rapid charging. Handles demanding mobile titles without thermal throttling. However, the camera bump on the back is quite prominent."
,Electronics,Nothing,CMF by  Phone 1 Special Edition Variant #2095,Starlight Silver,"The CMF by Nothing Phone 1 Special Edition is an advanced budget smartphone offering optimized hardware and clean performance. Driven by the Qualcomm Snapdragon 695 5G chipset with LPDDR5X RAM paired with 256GB UFS 4.0 internal storage. It features a 6.67-inch 1.5K 120Hz CrystalRes AMOLED display with Dolby Vision and Gorilla Glass Victus, a versatile camera array with a 50MP 1-inch Sony IMX989 sensor with OIS, 50MP ZEISS APO Floating Telephoto with 4.3x optical zoom and ZEISS T* anti-reflective coating, and a 5500mAh dual-cell battery with 120W SUPERVOOC superfast charging.",18094,4.4,"Sleek aesthetic design that turns heads. System software is intuitive, responsive, and packed with practical AI features. Though curved display edges occasionally trigger accidental palm touches."
,Electronics,Realme,12 Pro+ 5G Special Edition Variant #2096,Glacier White,"The Realme 12 Pro+ 5G Special Edition is an advanced mid-range smartphone offering optimized hardware and clean performance. Driven by the Exynos 1480 (4nm) chipset with 12GB LPDDR5X ultra-fast RAM and 256GB UFS 4.0 storage. It features a 6.7-inch 120Hz Flexible AMOLED screen with 1300 nits brightness and iconic transparent Glyph LED interface, a versatile camera array with a 50MP Sony LYT-808 main camera with OIS, 50MP telephoto portrait lens (2x optical zoom), and Next AI image processing, and a 5200mAh silicon-carbon high density battery with 100W wired and 66W wireless charging.",32095,4.4,"Extremely satisfied with the purchase! The camera quality is outstanding, especially in low light, and the battery comfortably lasts over a day. However, the phone is slightly heavy for single-handed use."
,Electronics,Realme,P1 Pro 5G Special Edition Variant #2097,Asteroid Black,"The Realme P1 Pro 5G Special Edition is an advanced budget smartphone offering optimized hardware and clean performance. Driven by the MediaTek Dimensity 7300 5G chipset with 12GB LPDDR5X RAM with generous 512GB UFS 4.0 storage. It features a 6.6-inch FHD+ 120Hz Super AMOLED display with Knox Vault security and Vision Booster, a versatile camera array with a 50MP primary sensor with OIS, 50MP ultrawide with macro mode, and 64MP periscope telephoto with 3x optical zoom, and a 5500mAh heavy-duty battery with 100W SUPERVOOC charging maintaining health over 4 years.",22096,4.4,Blazing fast performance for daily multitasking and heavy gaming. The display is vibrant and easily readable under bright sunlight. Though the secondary ultrawide camera could be slightly better in low light.
,Electronics,Vivo,T3 Pro 5G Special Edition Variant #2098,Ocean Cyan,"The Vivo T3 Pro 5G Special Edition is an advanced budget mid-range smartphone offering optimized hardware and clean performance. Driven by the MediaTek Dimensity 7050 chipset with 16GB heavy-multitasking LPDDR5X RAM and 512GB UFS 4.0 storage. It features a 6.74-inch 1.5K 120Hz Ultra Clear AMOLED with Aqua Touch wet-finger technology and 2150 nits brightness, a versatile camera array with a Dual 50MP rear camera sensors (Primary OIS + 114-degree Ultrawide) powered by Ultra XDR photography engine, and a 5000mAh battery with 90W Turbo Charge support included in the box.",27097,4.4,"Great value for money smartphone in this price point. Clean UI experience and fast charging makes daily usage hassle-free. On the downside, charging speed could be slightly faster compared to rivals."
,Electronics,iQOO,Z9 Turbo 5G Special Edition Variant #2099,Peach Fuzz,"The iQOO Z9 Turbo 5G Special Edition is an advanced budget mid-range smartphone offering optimized hardware and clean performance. Driven by the Snapdragon 7s Gen 2 chipset with 16GB flagship LPDDR5X RAM paired with massive 1TB UFS 4.0 storage. It features a 6.67-inch 1.5K 3D Curved AMOLED with 120Hz refresh rate, 1800 nits peak brightness and IP68 protection, a versatile camera array with a 200MP Samsung ISOCELL HP3 camera with OIS, 4x in-sensor lossless zoom, 8MP ultrawide, and 2MP macro lens, and a 5000mAh battery supporting 33W fast charging and 5W reverse wired charging.",24098,4.4,"The build quality feels high-end and comfortable to hold. Photos taken with the main lens are sharp with natural color tones. However, a fast wall adapter is not included inside the box."
,Electronics,Samsung,Galaxy Z Fold 5 5G Special Edition Variant #2100,Phantom Black,"The Samsung Galaxy Z Fold 5 5G Special Edition is an advanced foldable flagship smartphone offering optimized hardware and clean performance. Driven by the Qualcomm Snapdragon 8 Gen 3 chipset with LPDDR5 RAM and UFS 3.1 high-speed storage. It features a 6.8-inch QHD+ 120Hz Dynamic AMOLED 2X display with 2600 nits peak brightness and Gorilla Armor, a versatile camera array with a 200MP OIS primary sensor, 50MP periscope telephoto with 5x optical zoom, 10MP 3x telephoto, and 12MP ultrawide, and a 5000mAh battery with 45W wired fast charging, 15W wireless charging, and reverse wireless support.",165099,4.4,Incredible display clarity and high refresh rate make scrolling and gaming super smooth. Charging speed is amazingly fast. Though system software comes with a few preinstalled apps that require manual uninstalling.
,Electronics,Samsung,Galaxy Z Flip 5 5G Special Edition Variant #2101,Titanium Gray,"The Samsung Galaxy Z Flip 5 5G Special Edition is an advanced foldable flagship smartphone offering optimized hardware and clean performance. Driven by the Qualcomm Snapdragon 8 Gen 2 chipset with LPDDR5X RAM paired with 256GB UFS 4.0 internal storage. It features a 6.7-inch Super Retina XDR OLED display with ProMotion 120Hz adaptive refresh rate and outdoor peak 2000 nits, a versatile camera array with a 48MP main sensor with sensor-shift OIS, 12MP 5x tetraprism optical zoom telephoto, and 12MP ultrawide, and a 4422mAh battery with MagSafe 15W wireless charging and high efficiency battery optimization.",110100,4.4,Top-notch camera setup with exceptional portrait modes and zoom capability. Software runs smooth without any stutters. Keep in mind that there is no expandable microSD card slot or 3.5mm headphone jack.
,Electronics,Motorola,Razr 50 Ultra 5G Special Edition Variant #2102,Natural Titanium,"The Motorola Razr 50 Ultra 5G Special Edition is an advanced foldable flagship smartphone offering optimized hardware and clean performance. Driven by the MediaTek Dimensity 9000+ chipset with 12GB LPDDR5X ultra-fast RAM and 256GB UFS 4.0 storage. It features a 6.7-inch Super Actua LTPO OLED display with 1-120Hz variable refresh rate and 2400 nits peak brightness, a versatile camera array with a 50MP primary camera with OIS, 48MP ultrawide with macro focus, and 48MP telephoto with 5x optical zoom, and a 5050mAh battery with 30W wired charging and 23W wireless charging capability.",95101,4.4,"Solid battery endurance paired with rapid charging. Handles demanding mobile titles without thermal throttling. However, the camera bump on the back is quite prominent."
,Electronics,Tecno,Phantom V Fold 5G Special Edition Variant #2103,Oasis Green,"The Tecno Phantom V Fold 5G Special Edition is an advanced foldable flagship smartphone offering optimized hardware and clean performance. Driven by the Qualcomm Snapdragon 8 Gen 3 chipset with 12GB LPDDR5X RAM with generous 512GB UFS 4.0 storage. It features a 6.82-inch 2K 120Hz Curved LTPO AMOLED display with 4500 nits peak brightness and Dolby Vision, a versatile camera array with a 50MP Sony LYT-808 primary sensor, 64MP periscope telephoto (3x optical, 120x digital), and 48MP ultrawide with Hasselblad color tuning, and a 5400mAh dual-cell battery supported by 100W SUPERVOOC fast charging (0-100% in 26 mins) and 50W AIRVOOC wireless.",75102,4.4,"Sleek aesthetic design that turns heads. System software is intuitive, responsive, and packed with practical AI features. Though curved display edges occasionally trigger accidental palm touches."
,Electronics,Tecno,Phantom V Flip 5G Special Edition Variant #2104,Midnight Blue,"The Tecno Phantom V Flip 5G Special Edition is an advanced foldable mid-range smartphone offering optimized hardware and clean performance. Driven by the MediaTek Dimensity 8050 5G chipset with 16GB heavy-multitasking LPDDR5X RAM and 512GB UFS 4.0 storage. It features a 6.78-inch 1.5K 144Hz 8T LTPO AMOLED display with 3000 nits brightness and 2160Hz PWM dimming, a versatile camera array with a 1-inch 50MP Sony LYT-900 primary camera with stepless variable aperture (f/1.63-f/4.0) co-engineered with Leica, and a 5000mAh graphite battery with 120W FlashCharge (0-100% in ~27 mins).",53103,4.4,"Extremely satisfied with the purchase! The camera quality is outstanding, especially in low light, and the battery comfortably lasts over a day. However, the phone is slightly heavy for single-handed use."
,Electronics,ASUS,ROG Phone 8 Pro 5G Special Edition Variant #2105,Sunset Orange,"The Asus ROG Phone 8 Pro 5G Special Edition is an advanced gaming flagship smartphone offering optimized hardware and clean performance. Driven by the Qualcomm Snapdragon 8 Gen 3 with dedicated GameCool vapour cooling chipset with 16GB flagship LPDDR5X RAM paired with massive 1TB UFS 4.0 storage. It features a 6.67-inch 1.5K 120Hz CrystalRes AMOLED display with Dolby Vision and Gorilla Glass Victus, a versatile camera array with a 50MP 1-inch Sony IMX989 sensor with OIS, 50MP ZEISS APO Floating Telephoto with 4.3x optical zoom and ZEISS T* anti-reflective coating, and a 5500mAh dual-cell battery with 120W SUPERVOOC superfast charging.",100104,4.4,Blazing fast performance for daily multitasking and heavy gaming. The display is vibrant and easily readable under bright sunlight. Though the secondary ultrawide camera could be slightly better in low light.
,Electronics,ASUS,ROG Phone 8 5G Special Edition Variant #2106,Emerald Green,"The Asus ROG Phone 8 5G Special Edition is an advanced gaming flagship smartphone offering optimized hardware and clean performance. Driven by the Qualcomm Snapdragon 8 Gen 3 with dedicated GameCool vapour cooling chipset with LPDDR5 RAM and UFS 3.1 high-speed storage. It features a 6.7-inch 120Hz Flexible AMOLED screen with 1300 nits brightness and iconic transparent Glyph LED interface, a versatile camera array with a 50MP Sony LYT-808 main camera with OIS, 50MP telephoto portrait lens (2x optical zoom), and Next AI image processing, and a 5200mAh silicon-carbon high density battery with 100W wired and 66W wireless charging.",85105,4.4,"Great value for money smartphone in this price point. Clean UI experience and fast charging makes daily usage hassle-free. On the downside, charging speed could be slightly faster compared to rivals."
,Electronics,Samsung,Galaxy S24 Ultra Special Edition Variant #2107,Starlight Silver,"The Samsung Galaxy S24 Ultra Special Edition is an advanced flagship smartphone offering optimized hardware and clean performance. Driven by the MediaTek Dimensity 9300 chipset with LPDDR5X RAM paired with 256GB UFS 4.0 internal storage. It features a 6.6-inch FHD+ 120Hz Super AMOLED display with Knox Vault security and Vision Booster, a versatile camera array with a 50MP primary sensor with OIS, 50MP ultrawide with macro mode, and 64MP periscope telephoto with 3x optical zoom, and a 5500mAh heavy-duty battery with 100W SUPERVOOC charging maintaining health over 4 years.",140106,4.4,"The build quality feels high-end and comfortable to hold. Photos taken with the main lens are sharp with natural color tones. However, a fast wall adapter is not included inside the box."
,Electronics,Samsung,Galaxy S24 Plus Special Edition Variant #2108,Glacier White,"The Samsung Galaxy S24 Plus Special Edition is an advanced flagship smartphone offering optimized hardware and clean performance. Driven by the Qualcomm Snapdragon 8 Gen 3 chipset with 12GB LPDDR5X ultra-fast RAM and 256GB UFS 4.0 storage. It features a 6.74-inch 1.5K 120Hz Ultra Clear AMOLED with Aqua Touch wet-finger technology and 2150 nits brightness, a versatile camera array with a Dual 50MP rear camera sensors (Primary OIS + 114-degree Ultrawide) powered by Ultra XDR photography engine, and a 5000mAh battery with 90W Turbo Charge support included in the box.",110107,4.4,Incredible display clarity and high refresh rate make scrolling and gaming super smooth. Charging speed is amazingly fast. Though system software comes with a few preinstalled apps that require manual uninstalling.
,Electronics,Samsung,Galaxy S24 Special Edition Variant #2109,Asteroid Black,"The Samsung Galaxy S24 Special Edition is an advanced flagship smartphone offering optimized hardware and clean performance. Driven by the Apple A17 Pro (3nm) chipset with 12GB LPDDR5X RAM with generous 512GB UFS 4.0 storage. It features a 6.67-inch 1.5K 3D Curved AMOLED with 120Hz refresh rate, 1800 nits peak brightness and IP68 protection, a versatile camera array with a 200MP Samsung ISOCELL HP3 camera with OIS, 4x in-sensor lossless zoom, 8MP ultrawide, and 2MP macro lens, and a 5000mAh battery supporting 33W fast charging and 5W reverse wired charging.",80108,4.4,Top-notch camera setup with exceptional portrait modes and zoom capability. Software runs smooth without any stutters. Keep in mind that there is no expandable microSD card slot or 3.5mm headphone jack.
,Electronics,Apple,iPhone 15 Pro Max Special Edition Variant #2110,Ocean Cyan,"The Apple iPhone 15 Pro Max Special Edition is an advanced flagship smartphone offering optimized hardware and clean performance. Driven by the Google Tensor G3 chipset with 16GB heavy-multitasking LPDDR5X RAM and 512GB UFS 4.0 storage. It features a 6.8-inch QHD+ 120Hz Dynamic AMOLED 2X display with 2600 nits peak brightness and Gorilla Armor, a versatile camera array with a 200MP OIS primary sensor, 50MP periscope telephoto with 5x optical zoom, 10MP 3x telephoto, and 12MP ultrawide, and a 5000mAh battery with 45W wired fast charging, 15W wireless charging, and reverse wireless support.",180010,4.4,"Solid battery endurance paired with rapid charging. Handles demanding mobile titles without thermal throttling. However, the camera bump on the back is quite prominent."
,Electronics,Apple,iPhone 15 Pro Special Edition Variant #2111,Peach Fuzz,"The Apple iPhone 15 Pro Special Edition is an advanced flagship smartphone offering optimized hardware and clean performance. Driven by the MediaTek Dimensity 9300 chipset with 16GB flagship LPDDR5X RAM paired with massive 1TB UFS 4.0 storage. It features a 6.7-inch Super Retina XDR OLED display with ProMotion 120Hz adaptive refresh rate and outdoor peak 2000 nits, a versatile camera array with a 48MP main sensor with sensor-shift OIS, 12MP 5x tetraprism optical zoom telephoto, and 12MP ultrawide, and a 4422mAh battery with MagSafe 15W wireless charging and high efficiency battery optimization.",145011,4.4,"Sleek aesthetic design that turns heads. System software is intuitive, responsive, and packed with practical AI features. Though curved display edges occasionally trigger accidental palm touches."
,Electronics,Apple,iPhone 15 Plus Special Edition Variant #2112,Phantom Black,"The Apple iPhone 15 Plus Special Edition is an advanced flagship smartphone offering optimized hardware and clean performance. Driven by the Qualcomm Snapdragon 8 Gen 3 chipset with LPDDR5 RAM and UFS 3.1 high-speed storage. It features a 6.7-inch Super Actua LTPO OLED display with 1-120Hz variable refresh rate and 2400 nits peak brightness, a versatile camera array with a 50MP primary camera with OIS, 48MP ultrawide with macro focus, and 48MP telephoto with 5x optical zoom, and a 5050mAh battery with 30W wired charging and 23W wireless charging capability.",100012,4.4,"Extremely satisfied with the purchase! The camera quality is outstanding, especially in low light, and the battery comfortably lasts over a day. However, the phone is slightly heavy for single-handed use."
,Electronics,Apple,iPhone 15 Special Edition Variant #2113,Titanium Gray,"The Apple iPhone 15 Special Edition is an advanced flagship smartphone offering optimized hardware and clean performance. Driven by the Apple A17 Pro (3nm) chipset with LPDDR5X RAM paired with 256GB UFS 4.0 internal storage. It features a 6.82-inch 2K 120Hz Curved LTPO AMOLED display with 4500 nits peak brightness and Dolby Vision, a versatile camera array with a 50MP Sony LYT-808 primary sensor, 64MP periscope telephoto (3x optical, 120x digital), and 48MP ultrawide with Hasselblad color tuning, and a 5400mAh dual-cell battery supported by 100W SUPERVOOC fast charging (0-100% in 26 mins) and 50W AIRVOOC wireless.",90013,4.4,Blazing fast performance for daily multitasking and heavy gaming. The display is vibrant and easily readable under bright sunlight. Though the secondary ultrawide camera could be slightly better in low light.
,Electronics,Google,Pixel 8 Pro Special Edition Variant #2114,Natural Titanium,"The Google Pixel 8 Pro Special Edition is an advanced flagship smartphone offering optimized hardware and clean performance. Driven by the Google Tensor G3 chipset with 12GB LPDDR5X ultra-fast RAM and 256GB UFS 4.0 storage. It features a 6.78-inch 1.5K 144Hz 8T LTPO AMOLED display with 3000 nits brightness and 2160Hz PWM dimming, a versatile camera array with a 1-inch 50MP Sony LYT-900 primary camera with stepless variable aperture (f/1.63-f/4.0) co-engineered with Leica, and a 5000mAh graphite battery with 120W FlashCharge (0-100% in ~27 mins).",114113,4.4,"Great value for money smartphone in this price point. Clean UI experience and fast charging makes daily usage hassle-free. On the downside, charging speed could be slightly faster compared to rivals."
,Electronics,Google,Pixel 8a Special Edition Variant #2115,Oasis Green,"The Google Pixel 8a Special Edition is an advanced mid-range smartphone offering optimized hardware and clean performance. Driven by the Qualcomm Snapdragon 7 Gen 3 chipset with 12GB LPDDR5X RAM with generous 512GB UFS 4.0 storage. It features a 6.67-inch 1.5K 120Hz CrystalRes AMOLED display with Dolby Vision and Gorilla Glass Victus, a versatile camera array with a 50MP 1-inch Sony IMX989 sensor with OIS, 50MP ZEISS APO Floating Telephoto with 4.3x optical zoom and ZEISS T* anti-reflective coating, and a 5500mAh dual-cell battery with 120W SUPERVOOC superfast charging.",60114,4.4,"The build quality feels high-end and comfortable to hold. Photos taken with the main lens are sharp with natural color tones. However, a fast wall adapter is not included inside the box."
,Electronics,OnePlus,12 5G Special Edition Variant #2116,Midnight Blue,"The OnePlus 12 5G Special Edition is an advanced flagship smartphone offering optimized hardware and clean performance. Driven by the Qualcomm Snapdragon 8 Gen 3 chipset with 16GB heavy-multitasking LPDDR5X RAM and 512GB UFS 4.0 storage. It features a 6.7-inch 120Hz Flexible AMOLED screen with 1300 nits brightness and iconic transparent Glyph LED interface, a versatile camera array with a 50MP Sony LYT-808 main camera with OIS, 50MP telephoto portrait lens (2x optical zoom), and Next AI image processing, and a 5200mAh silicon-carbon high density battery with 100W wired and 66W wireless charging.",70115,4.4,Incredible display clarity and high refresh rate make scrolling and gaming super smooth. Charging speed is amazingly fast. Though system software comes with a few preinstalled apps that require manual uninstalling.
,Electronics,OnePlus,12R 5G Special Edition Variant #2117,Sunset Orange,"The OnePlus 12R 5G Special Edition is an advanced upper mid-range smartphone offering optimized hardware and clean performance. Driven by the MediaTek Dimensity 8300 Ultra chipset with 16GB flagship LPDDR5X RAM paired with massive 1TB UFS 4.0 storage. It features a 6.6-inch FHD+ 120Hz Super AMOLED display with Knox Vault security and Vision Booster, a versatile camera array with a 50MP primary sensor with OIS, 50MP ultrawide with macro mode, and 64MP periscope telephoto with 3x optical zoom, and a 5500mAh heavy-duty battery with 100W SUPERVOOC charging maintaining health over 4 years.",43116,4.4,Top-notch camera setup with exceptional portrait modes and zoom capability. Software runs smooth without any stutters. Keep in mind that there is no expandable microSD card slot or 3.5mm headphone jack.
,Electronics,Xiaomi,14 Ultra 5G Special Edition Variant #2118,Emerald Green,"The Xiaomi 14 Ultra 5G Special Edition is an advanced flagship smartphone offering optimized hardware and clean performance. Driven by the Google Tensor G3 chipset with LPDDR5 RAM and UFS 3.1 high-speed storage. It features a 6.74-inch 1.5K 120Hz Ultra Clear AMOLED with Aqua Touch wet-finger technology and 2150 nits brightness, a versatile camera array with a Dual 50MP rear camera sensors (Primary OIS + 114-degree Ultrawide) powered by Ultra XDR photography engine, and a 5000mAh battery with 90W Turbo Charge support included in the box.",110117,4.4,"Solid battery endurance paired with rapid charging. Handles demanding mobile titles without thermal throttling. However, the camera bump on the back is quite prominent."
,Electronics,Xiaomi,14 Civi Special Edition Variant #2119,Starlight Silver,"The Xiaomi 14 Civi Special Edition is an advanced upper mid-range smartphone offering optimized hardware and clean performance. Driven by the Qualcomm Snapdragon 7+ Gen 3 chipset with LPDDR5X RAM paired with 256GB UFS 4.0 internal storage. It features a 6.67-inch 1.5K 3D Curved AMOLED with 120Hz refresh rate, 1800 nits peak brightness and IP68 protection, a versatile camera array with a 200MP Samsung ISOCELL HP3 camera with OIS, 4x in-sensor lossless zoom, 8MP ultrawide, and 2MP macro lens, and a 5000mAh battery supporting 33W fast charging and 5W reverse wired charging.",48118,4.4,"Sleek aesthetic design that turns heads. System software is intuitive, responsive, and packed with practical AI features. Though curved display edges occasionally trigger accidental palm touches."
,Electronics,Vivo,X100 Pro 5G Special Edition Variant #2120,Glacier White,"The Vivo X100 Pro 5G Special Edition is an advanced flagship smartphone offering optimized hardware and clean performance. Driven by the Qualcomm Snapdragon 8 Gen 3 chipset with 12GB LPDDR5X ultra-fast RAM and 256GB UFS 4.0 storage. It features a 6.8-inch QHD+ 120Hz Dynamic AMOLED 2X display with 2600 nits peak brightness and Gorilla Armor, a versatile camera array with a 200MP OIS primary sensor, 50MP periscope telephoto with 5x optical zoom, 10MP 3x telephoto, and 12MP ultrawide, and a 5000mAh battery with 45W wired fast charging, 15W wireless charging, and reverse wireless support.",95119,4.4,"Extremely satisfied with the purchase! The camera quality is outstanding, especially in low light, and the battery comfortably lasts over a day. However, the phone is slightly heavy for single-handed use."
,Electronics,Vivo,V30 Pro 5G Special Edition Variant #2121,Asteroid Black,"The Vivo V30 Pro 5G Special Edition is an advanced mid-range smartphone offering optimized hardware and clean performance. Driven by the Qualcomm Snapdragon 7 Gen 3 chipset with 12GB LPDDR5X RAM with generous 512GB UFS 4.0 storage. It features a 6.7-inch Super Retina XDR OLED display with ProMotion 120Hz adaptive refresh rate and outdoor peak 2000 nits, a versatile camera array with a 48MP main sensor with sensor-shift OIS, 12MP 5x tetraprism optical zoom telephoto, and 12MP ultrawide, and a 4422mAh battery with MagSafe 15W wireless charging and high efficiency battery optimization.",47120,4.4,Blazing fast performance for daily multitasking and heavy gaming. The display is vibrant and easily readable under bright sunlight. Though the secondary ultrawide camera could be slightly better in low light.
,Electronics,iQOO,12 5G Special Edition Variant #2122,Ocean Cyan,"The iQOO 12 5G Special Edition is an advanced performance flagship smartphone offering optimized hardware and clean performance. Driven by the Qualcomm Snapdragon 8s Gen 3 chipset with 16GB heavy-multitasking LPDDR5X RAM and 512GB UFS 4.0 storage. It features a 6.7-inch Super Actua LTPO OLED display with 1-120Hz variable refresh rate and 2400 nits peak brightness, a versatile camera array with a 50MP primary camera with OIS, 48MP ultrawide with macro focus, and 48MP telephoto with 5x optical zoom, and a 5050mAh battery with 30W wired charging and 23W wireless charging capability.",58121,4.4,"Great value for money smartphone in this price point. Clean UI experience and fast charging makes daily usage hassle-free. On the downside, charging speed could be slightly faster compared to rivals."
,Electronics,iQOO,Neo 9 Pro 5G Special Edition Variant #2123,Peach Fuzz,"The iQOO Neo 9 Pro 5G Special Edition is an advanced performance mid-range smartphone offering optimized hardware and clean performance. Driven by the MediaTek Dimensity 8300 Ultra chipset with 16GB flagship LPDDR5X RAM paired with massive 1TB UFS 4.0 storage. It features a 6.82-inch 2K 120Hz Curved LTPO AMOLED display with 4500 nits peak brightness and Dolby Vision, a versatile camera array with a 50MP Sony LYT-808 primary sensor, 64MP periscope telephoto (3x optical, 120x digital), and 48MP ultrawide with Hasselblad color tuning, and a 5400mAh dual-cell battery supported by 100W SUPERVOOC fast charging (0-100% in 26 mins) and 50W AIRVOOC wireless.",38122,4.4,"The build quality feels high-end and comfortable to hold. Photos taken with the main lens are sharp with natural color tones. However, a fast wall adapter is not included inside the box."
,Electronics,Realme,GT 6 5G Special Edition Variant #2124,Phantom Black,"The Realme GT 6 5G Special Edition is an advanced upper mid-range smartphone offering optimized hardware and clean performance. Driven by the Qualcomm Snapdragon 8s Gen 3 chipset with LPDDR5 RAM and UFS 3.1 high-speed storage. It features a 6.78-inch 1.5K 144Hz 8T LTPO AMOLED display with 3000 nits brightness and 2160Hz PWM dimming, a versatile camera array with a 1-inch 50MP Sony LYT-900 primary camera with stepless variable aperture (f/1.63-f/4.0) co-engineered with Leica, and a 5000mAh graphite battery with 120W FlashCharge (0-100% in ~27 mins).",43123,4.4,Incredible display clarity and high refresh rate make scrolling and gaming super smooth. Charging speed is amazingly fast. Though system software comes with a few preinstalled apps that require manual uninstalling.
,Electronics,Realme,GT 6T 5G Special Edition Variant #2125,Titanium Gray,"The Realme GT 6T 5G Special Edition is an advanced mid-range smartphone offering optimized hardware and clean performance. Driven by the MediaTek Dimensity 7200 Pro chipset with LPDDR5X RAM paired with 256GB UFS 4.0 internal storage. It features a 6.67-inch 1.5K 120Hz CrystalRes AMOLED display with Dolby Vision and Gorilla Glass Victus, a versatile camera array with a 50MP 1-inch Sony IMX989 sensor with OIS, 50MP ZEISS APO Floating Telephoto with 4.3x optical zoom and ZEISS T* anti-reflective coating, and a 5500mAh dual-cell battery with 120W SUPERVOOC superfast charging.",33124,4.4,Top-notch camera setup with exceptional portrait modes and zoom capability. Software runs smooth without any stutters. Keep in mind that there is no expandable microSD card slot or 3.5mm headphone jack.
,Electronics,Motorola,Edge 50 Ultra Special Edition Variant #2126,Natural Titanium,"The Motorola Edge 50 Ultra Special Edition is an advanced flagship smartphone offering optimized hardware and clean performance. Driven by the Google Tensor G3 chipset with 12GB LPDDR5X ultra-fast RAM and 256GB UFS 4.0 storage. It features a 6.7-inch 120Hz Flexible AMOLED screen with 1300 nits brightness and iconic transparent Glyph LED interface, a versatile camera array with a 50MP Sony LYT-808 main camera with OIS, 50MP telephoto portrait lens (2x optical zoom), and Next AI image processing, and a 5200mAh silicon-carbon high density battery with 100W wired and 66W wireless charging.",65125,4.4,"Solid battery endurance paired with rapid charging. Handles demanding mobile titles without thermal throttling. However, the camera bump on the back is quite prominent."
,Electronics,Motorola,Edge 50 Pro Special Edition Variant #2127,Oasis Green,"The Motorola Edge 50 Pro Special Edition is an advanced mid-range smartphone offering optimized hardware and clean performance. Driven by the Qualcomm Snapdragon 7 Gen 3 chipset with 12GB LPDDR5X RAM with generous 512GB UFS 4.0 storage. It features a 6.6-inch FHD+ 120Hz Super AMOLED display with Knox Vault security and Vision Booster, a versatile camera array with a 50MP primary sensor with OIS, 50MP ultrawide with macro mode, and 64MP periscope telephoto with 3x optical zoom, and a 5500mAh heavy-duty battery with 100W SUPERVOOC charging maintaining health over 4 years.",36126,4.4,"Sleek aesthetic design that turns heads. System software is intuitive, responsive, and packed with practical AI features. Though curved display edges occasionally trigger accidental palm touches."
,Electronics,Motorola,Edge 50 Fusion Special Edition Variant #2128,Midnight Blue,"The Motorola Edge 50 Fusion Special Edition is an advanced budget mid-range smartphone offering optimized hardware and clean performance. Driven by the MediaTek Dimensity 7050 chipset with 16GB heavy-multitasking LPDDR5X RAM and 512GB UFS 4.0 storage. It features a 6.74-inch 1.5K 120Hz Ultra Clear AMOLED with Aqua Touch wet-finger technology and 2150 nits brightness, a versatile camera array with a Dual 50MP rear camera sensors (Primary OIS + 114-degree Ultrawide) powered by Ultra XDR photography engine, and a 5000mAh battery with 90W Turbo Charge support included in the box.",25127,4.4,"Extremely satisfied with the purchase! The camera quality is outstanding, especially in low light, and the battery comfortably lasts over a day. However, the phone is slightly heavy for single-handed use."
,Electronics,Nothing,Phone  Special Edition Variant #2129,2,"The Nothing Phone (2) Special Edition is an advanced upper mid-range smartphone offering optimized hardware and clean performance. Driven by the MediaTek Dimensity 8300 Ultra chipset with 16GB flagship LPDDR5X RAM paired with massive 1TB UFS 4.0 storage. It features a 6.67-inch 1.5K 3D Curved AMOLED with 120Hz refresh rate, 1800 nits peak brightness and IP68 protection, a versatile camera array with a 200MP Samsung ISOCELL HP3 camera with OIS, 4x in-sensor lossless zoom, 8MP ultrawide, and 2MP macro lens, and a 5000mAh battery supporting 33W fast charging and 5W reverse wired charging.",40128,4.4,Blazing fast performance for daily multitasking and heavy gaming. The display is vibrant and easily readable under bright sunlight. Though the secondary ultrawide camera could be slightly better in low light.
,Electronics,Nothing,Phone  Special Edition Variant #2130,2a,"The Nothing Phone (2a) Special Edition is an advanced budget mid-range smartphone offering optimized hardware and clean performance. Driven by the Qualcomm Snapdragon 6 Gen 1 chipset with LPDDR5 RAM and UFS 3.1 high-speed storage. It features a 6.8-inch QHD+ 120Hz Dynamic AMOLED 2X display with 2600 nits peak brightness and Gorilla Armor, a versatile camera array with a 200MP OIS primary sensor, 50MP periscope telephoto with 5x optical zoom, 10MP 3x telephoto, and 12MP ultrawide, and a 5000mAh battery with 45W wired fast charging, 15W wireless charging, and reverse wireless support.",26129,4.4,"Great value for money smartphone in this price point. Clean UI experience and fast charging makes daily usage hassle-free. On the downside, charging speed could be slightly faster compared to rivals."
,Electronics,POCO,F6 Pro 5G Special Edition Variant #2131,Starlight Silver,"The Poco F6 Pro 5G Special Edition is an advanced performance mid-range smartphone offering optimized hardware and clean performance. Driven by the Qualcomm Snapdragon 7+ Gen 3 chipset with LPDDR5X RAM paired with 256GB UFS 4.0 internal storage. It features a 6.7-inch Super Retina XDR OLED display with ProMotion 120Hz adaptive refresh rate and outdoor peak 2000 nits, a versatile camera array with a 48MP main sensor with sensor-shift OIS, 12MP 5x tetraprism optical zoom telephoto, and 12MP ultrawide, and a 4422mAh battery with MagSafe 15W wireless charging and high efficiency battery optimization.",42130,4.4,"The build quality feels high-end and comfortable to hold. Photos taken with the main lens are sharp with natural color tones. However, a fast wall adapter is not included inside the box."
,Electronics,POCO,F6 5G Special Edition Variant #2132,Glacier White,"The Poco F6 5G Special Edition is an advanced performance budget smartphone offering optimized hardware and clean performance. Driven by the Qualcomm Snapdragon 8s Gen 3 chipset with 12GB LPDDR5X ultra-fast RAM and 256GB UFS 4.0 storage. It features a 6.7-inch Super Actua LTPO OLED display with 1-120Hz variable refresh rate and 2400 nits peak brightness, a versatile camera array with a 50MP primary camera with OIS, 48MP ultrawide with macro focus, and 48MP telephoto with 5x optical zoom, and a 5050mAh battery with 30W wired charging and 23W wireless charging capability.",32131,4.4,Incredible display clarity and high refresh rate make scrolling and gaming super smooth. Charging speed is amazingly fast. Though system software comes with a few preinstalled apps that require manual uninstalling.
,Electronics,POCO,X6 Pro 5G Special Edition Variant #2133,Asteroid Black,"The Poco X6 Pro 5G Special Edition is an advanced performance budget smartphone offering optimized hardware and clean performance. Driven by the MediaTek Dimensity 8300 Ultra chipset with 12GB LPDDR5X RAM with generous 512GB UFS 4.0 storage. It features a 6.82-inch 2K 120Hz Curved LTPO AMOLED display with 4500 nits peak brightness and Dolby Vision, a versatile camera array with a 50MP Sony LYT-808 primary sensor, 64MP periscope telephoto (3x optical, 120x digital), and 48MP ultrawide with Hasselblad color tuning, and a 5400mAh dual-cell battery supported by 100W SUPERVOOC fast charging (0-100% in 26 mins) and 50W AIRVOOC wireless.",27132,4.4,Top-notch camera setup with exceptional portrait modes and zoom capability. Software runs smooth without any stutters. Keep in mind that there is no expandable microSD card slot or 3.5mm headphone jack.
,Electronics,Samsung,Galaxy A55 5G Special Edition Variant #2134,Ocean Cyan,"The Samsung Galaxy A55 5G Special Edition is an advanced mid-range smartphone offering optimized hardware and clean performance. Driven by the MediaTek Dimensity 7200 Pro chipset with 16GB heavy-multitasking LPDDR5X RAM and 512GB UFS 4.0 storage. It features a 6.78-inch 1.5K 144Hz 8T LTPO AMOLED display with 3000 nits brightness and 2160Hz PWM dimming, a versatile camera array with a 1-inch 50MP Sony LYT-900 primary camera with stepless variable aperture (f/1.63-f/4.0) co-engineered with Leica, and a 5000mAh graphite battery with 120W FlashCharge (0-100% in ~27 mins).",43133,4.4,"Solid battery endurance paired with rapid charging. Handles demanding mobile titles without thermal throttling. However, the camera bump on the back is quite prominent."
,Electronics,Samsung,Galaxy A35 5G Special Edition Variant #2135,Peach Fuzz,"The Samsung Galaxy A35 5G Special Edition is an advanced budget mid-range smartphone offering optimized hardware and clean performance. Driven by the Snapdragon 7s Gen 2 chipset with 16GB flagship LPDDR5X RAM paired with massive 1TB UFS 4.0 storage. It features a 6.67-inch 1.5K 120Hz CrystalRes AMOLED display with Dolby Vision and Gorilla Glass Victus, a versatile camera array with a 50MP 1-inch Sony IMX989 sensor with OIS, 50MP ZEISS APO Floating Telephoto with 4.3x optical zoom and ZEISS T* anti-reflective coating, and a 5500mAh dual-cell battery with 120W SUPERVOOC superfast charging.",31134,4.4,"Sleek aesthetic design that turns heads. System software is intuitive, responsive, and packed with practical AI features. Though curved display edges occasionally trigger accidental palm touches."
,Electronics,Samsung,Galaxy M55 5G Special Edition Variant #2136,Phantom Black,"The Samsung Galaxy M55 5G Special Edition is an advanced budget mid-range smartphone offering optimized hardware and clean performance. Driven by the Qualcomm Snapdragon 6 Gen 1 chipset with LPDDR5 RAM and UFS 3.1 high-speed storage. It features a 6.7-inch 120Hz Flexible AMOLED screen with 1300 nits brightness and iconic transparent Glyph LED interface, a versatile camera array with a 50MP Sony LYT-808 main camera with OIS, 50MP telephoto portrait lens (2x optical zoom), and Next AI image processing, and a 5200mAh silicon-carbon high density battery with 100W wired and 66W wireless charging.",27135,4.4,"Extremely satisfied with the purchase! The camera quality is outstanding, especially in low light, and the battery comfortably lasts over a day. However, the phone is slightly heavy for single-handed use."
,Electronics,OnePlus,Nord 4 5G Special Edition Variant #2137,Titanium Gray,"The OnePlus Nord 4 5G Special Edition is an advanced mid-range smartphone offering optimized hardware and clean performance. Driven by the MediaTek Dimensity 7200 Pro chipset with LPDDR5X RAM paired with 256GB UFS 4.0 internal storage. It features a 6.6-inch FHD+ 120Hz Super AMOLED display with Knox Vault security and Vision Booster, a versatile camera array with a 50MP primary sensor with OIS, 50MP ultrawide with macro mode, and 64MP periscope telephoto with 3x optical zoom, and a 5500mAh heavy-duty battery with 100W SUPERVOOC charging maintaining health over 4 years.",33136,4.4,Blazing fast performance for daily multitasking and heavy gaming. The display is vibrant and easily readable under bright sunlight. Though the secondary ultrawide camera could be slightly better in low light.
,Electronics,OnePlus,Nord CE 4 5G Special Edition Variant #2138,Natural Titanium,"The OnePlus Nord CE 4 5G Special Edition is an advanced budget mid-range smartphone offering optimized hardware and clean performance. Driven by the Snapdragon 7s Gen 2 chipset with 12GB LPDDR5X ultra-fast RAM and 256GB UFS 4.0 storage. It features a 6.74-inch 1.5K 120Hz Ultra Clear AMOLED with Aqua Touch wet-finger technology and 2150 nits brightness, a versatile camera array with a Dual 50MP rear camera sensors (Primary OIS + 114-degree Ultrawide) powered by Ultra XDR photography engine, and a 5000mAh battery with 90W Turbo Charge support included in the box.",27137,4.4,"Great value for money smartphone in this price point. Clean UI experience and fast charging makes daily usage hassle-free. On the downside, charging speed could be slightly faster compared to rivals."
,Electronics,Redmi,Note 13 Pro+ 5G Special Edition Variant #2139,Oasis Green,"The Redmi Note 13 Pro+ 5G Special Edition is an advanced mid-range smartphone offering optimized hardware and clean performance. Driven by the Qualcomm Snapdragon 7 Gen 3 chipset with 12GB LPDDR5X RAM with generous 512GB UFS 4.0 storage. It features a 6.67-inch 1.5K 3D Curved AMOLED with 120Hz refresh rate, 1800 nits peak brightness and IP68 protection, a versatile camera array with a 200MP Samsung ISOCELL HP3 camera with OIS, 4x in-sensor lossless zoom, 8MP ultrawide, and 2MP macro lens, and a 5000mAh battery supporting 33W fast charging and 5W reverse wired charging.",34138,4.4,"The build quality feels high-end and comfortable to hold. Photos taken with the main lens are sharp with natural color tones. However, a fast wall adapter is not included inside the box."
,Electronics,Redmi,Note 13 Pro 5G Special Edition Variant #2140,Midnight Blue,"The Redmi Note 13 Pro 5G Special Edition is an advanced budget mid-range smartphone offering optimized hardware and clean performance. Driven by the MediaTek Dimensity 7050 chipset with 16GB heavy-multitasking LPDDR5X RAM and 512GB UFS 4.0 storage. It features a 6.8-inch QHD+ 120Hz Dynamic AMOLED 2X display with 2600 nits peak brightness and Gorilla Armor, a versatile camera array with a 200MP OIS primary sensor, 50MP periscope telephoto with 5x optical zoom, 10MP 3x telephoto, and 12MP ultrawide, and a 5000mAh battery with 45W wired fast charging, 15W wireless charging, and reverse wireless support.",27139,4.4,Incredible display clarity and high refresh rate make scrolling and gaming super smooth. Charging speed is amazingly fast. Though system software comes with a few preinstalled apps that require manual uninstalling.
,Electronics,Redmi,Note 13 5G Special Edition Variant #2141,Sunset Orange,"The Redmi Note 13 5G Special Edition is an advanced budget smartphone offering optimized hardware and clean performance. Driven by the MediaTek Dimensity 6080 chipset with 16GB flagship LPDDR5X RAM paired with massive 1TB UFS 4.0 storage. It features a 6.7-inch Super Retina XDR OLED display with ProMotion 120Hz adaptive refresh rate and outdoor peak 2000 nits, a versatile camera array with a 48MP main sensor with sensor-shift OIS, 12MP 5x tetraprism optical zoom telephoto, and 12MP ultrawide, and a 4422mAh battery with MagSafe 15W wireless charging and high efficiency battery optimization.",19140,4.4,Top-notch camera setup with exceptional portrait modes and zoom capability. Software runs smooth without any stutters. Keep in mind that there is no expandable microSD card slot or 3.5mm headphone jack.
,Electronics,Honor,200 Pro 5G Special Edition Variant #2142,Emerald Green,"The Honor 200 Pro 5G Special Edition is an advanced upper mid-range smartphone offering optimized hardware and clean performance. Driven by the Qualcomm Snapdragon 8s Gen 3 chipset with LPDDR5 RAM and UFS 3.1 high-speed storage. It features a 6.7-inch Super Actua LTPO OLED display with 1-120Hz variable refresh rate and 2400 nits peak brightness, a versatile camera array with a 50MP primary camera with OIS, 48MP ultrawide with macro focus, and 48MP telephoto with 5x optical zoom, and a 5050mAh battery with 30W wired charging and 23W wireless charging capability.",62141,4.4,"Solid battery endurance paired with rapid charging. Handles demanding mobile titles without thermal throttling. However, the camera bump on the back is quite prominent."
,Electronics,Honor,200 5G Special Edition Variant #2143,Starlight Silver,"The Honor 200 5G Special Edition is an advanced mid-range smartphone offering optimized hardware and clean performance. Driven by the MediaTek Dimensity 7200 Pro chipset with LPDDR5X RAM paired with 256GB UFS 4.0 internal storage. It features a 6.82-inch 2K 120Hz Curved LTPO AMOLED display with 4500 nits peak brightness and Dolby Vision, a versatile camera array with a 50MP Sony LYT-808 primary sensor, 64MP periscope telephoto (3x optical, 120x digital), and 48MP ultrawide with Hasselblad color tuning, and a 5400mAh dual-cell battery supported by 100W SUPERVOOC fast charging (0-100% in 26 mins) and 50W AIRVOOC wireless.",38142,4.4,"Sleek aesthetic design that turns heads. System software is intuitive, responsive, and packed with practical AI features. Though curved display edges occasionally trigger accidental palm touches."
,Electronics,Nothing,CMF by  Phone 1 Special Edition Variant #2144,Glacier White,"The CMF by Nothing Phone 1 Special Edition is an advanced budget smartphone offering optimized hardware and clean performance. Driven by the MediaTek Dimensity 6080 chipset with 12GB LPDDR5X ultra-fast RAM and 256GB UFS 4.0 storage. It features a 6.78-inch 1.5K 144Hz 8T LTPO AMOLED display with 3000 nits brightness and 2160Hz PWM dimming, a versatile camera array with a 1-inch 50MP Sony LYT-900 primary camera with stepless variable aperture (f/1.63-f/4.0) co-engineered with Leica, and a 5000mAh graphite battery with 120W FlashCharge (0-100% in ~27 mins).",18143,4.4,"Extremely satisfied with the purchase! The camera quality is outstanding, especially in low light, and the battery comfortably lasts over a day. However, the phone is slightly heavy for single-handed use."
,Electronics,Realme,12 Pro+ 5G Special Edition Variant #2145,Asteroid Black,"The Realme 12 Pro+ 5G Special Edition is an advanced mid-range smartphone offering optimized hardware and clean performance. Driven by the Qualcomm Snapdragon 7 Gen 3 chipset with 12GB LPDDR5X RAM with generous 512GB UFS 4.0 storage. It features a 6.67-inch 1.5K 120Hz CrystalRes AMOLED display with Dolby Vision and Gorilla Glass Victus, a versatile camera array with a 50MP 1-inch Sony IMX989 sensor with OIS, 50MP ZEISS APO Floating Telephoto with 4.3x optical zoom and ZEISS T* anti-reflective coating, and a 5500mAh dual-cell battery with 120W SUPERVOOC superfast charging.",32144,4.4,Blazing fast performance for daily multitasking and heavy gaming. The display is vibrant and easily readable under bright sunlight. Though the secondary ultrawide camera could be slightly better in low light.
,Electronics,Realme,P1 Pro 5G Special Edition Variant #2146,Ocean Cyan,"The Realme P1 Pro 5G Special Edition is an advanced budget smartphone offering optimized hardware and clean performance. Driven by the Qualcomm Snapdragon 695 5G chipset with 16GB heavy-multitasking LPDDR5X RAM and 512GB UFS 4.0 storage. It features a 6.7-inch 120Hz Flexible AMOLED screen with 1300 nits brightness and iconic transparent Glyph LED interface, a versatile camera array with a 50MP Sony LYT-808 main camera with OIS, 50MP telephoto portrait lens (2x optical zoom), and Next AI image processing, and a 5200mAh silicon-carbon high density battery with 100W wired and 66W wireless charging.",22145,4.4,"Great value for money smartphone in this price point. Clean UI experience and fast charging makes daily usage hassle-free. On the downside, charging speed could be slightly faster compared to rivals."
,Electronics,Vivo,T3 Pro 5G Special Edition Variant #2147,Peach Fuzz,"The Vivo T3 Pro 5G Special Edition is an advanced budget mid-range smartphone offering optimized hardware and clean performance. Driven by the Snapdragon 7s Gen 2 chipset with 16GB flagship LPDDR5X RAM paired with massive 1TB UFS 4.0 storage. It features a 6.6-inch FHD+ 120Hz Super AMOLED display with Knox Vault security and Vision Booster, a versatile camera array with a 50MP primary sensor with OIS, 50MP ultrawide with macro mode, and 64MP periscope telephoto with 3x optical zoom, and a 5500mAh heavy-duty battery with 100W SUPERVOOC charging maintaining health over 4 years.",27146,4.4,"The build quality feels high-end and comfortable to hold. Photos taken with the main lens are sharp with natural color tones. However, a fast wall adapter is not included inside the box."
,Electronics,iQOO,Z9 Turbo 5G Special Edition Variant #2148,Phantom Black,"The iQOO Z9 Turbo 5G Special Edition is an advanced budget mid-range smartphone offering optimized hardware and clean performance. Driven by the Qualcomm Snapdragon 6 Gen 1 chipset with LPDDR5 RAM and UFS 3.1 high-speed storage. It features a 6.74-inch 1.5K 120Hz Ultra Clear AMOLED with Aqua Touch wet-finger technology and 2150 nits brightness, a versatile camera array with a Dual 50MP rear camera sensors (Primary OIS + 114-degree Ultrawide) powered by Ultra XDR photography engine, and a 5000mAh battery with 90W Turbo Charge support included in the box.",24147,4.4,Incredible display clarity and high refresh rate make scrolling and gaming super smooth. Charging speed is amazingly fast. Though system software comes with a few preinstalled apps that require manual uninstalling.
,Electronics,Samsung,Galaxy Z Fold 5 5G Special Edition Variant #2149,Titanium Gray,"The Samsung Galaxy Z Fold 5 5G Special Edition is an advanced foldable flagship smartphone offering optimized hardware and clean performance. Driven by the Qualcomm Snapdragon 8 Gen 2 chipset with LPDDR5X RAM paired with 256GB UFS 4.0 internal storage. It features a 6.67-inch 1.5K 3D Curved AMOLED with 120Hz refresh rate, 1800 nits peak brightness and IP68 protection, a versatile camera array with a 200MP Samsung ISOCELL HP3 camera with OIS, 4x in-sensor lossless zoom, 8MP ultrawide, and 2MP macro lens, and a 5000mAh battery supporting 33W fast charging and 5W reverse wired charging.",165148,4.4,Top-notch camera setup with exceptional portrait modes and zoom capability. Software runs smooth without any stutters. Keep in mind that there is no expandable microSD card slot or 3.5mm headphone jack.
,Electronics,Samsung,Galaxy Z Flip 5 5G Special Edition Variant #2150,Natural Titanium,"The Samsung Galaxy Z Flip 5 5G Special Edition is an advanced foldable flagship smartphone offering optimized hardware and clean performance. Driven by the MediaTek Dimensity 9000+ chipset with 12GB LPDDR5X ultra-fast RAM and 256GB UFS 4.0 storage. It features a 6.8-inch QHD+ 120Hz Dynamic AMOLED 2X display with 2600 nits peak brightness and Gorilla Armor, a versatile camera array with a 200MP OIS primary sensor, 50MP periscope telephoto with 5x optical zoom, 10MP 3x telephoto, and 12MP ultrawide, and a 5000mAh battery with 45W wired fast charging, 15W wireless charging, and reverse wireless support.",110149,4.4,"Solid battery endurance paired with rapid charging. Handles demanding mobile titles without thermal throttling. However, the camera bump on the back is quite prominent."
,Electronics,Motorola,Razr 50 Ultra 5G Special Edition Variant #2151,Oasis Green,"The Motorola Razr 50 Ultra 5G Special Edition is an advanced foldable flagship smartphone offering optimized hardware and clean performance. Driven by the Qualcomm Snapdragon 8 Gen 3 chipset with 12GB LPDDR5X RAM with generous 512GB UFS 4.0 storage. It features a 6.7-inch Super Retina XDR OLED display with ProMotion 120Hz adaptive refresh rate and outdoor peak 2000 nits, a versatile camera array with a 48MP main sensor with sensor-shift OIS, 12MP 5x tetraprism optical zoom telephoto, and 12MP ultrawide, and a 4422mAh battery with MagSafe 15W wireless charging and high efficiency battery optimization.",95150,4.4,"Sleek aesthetic design that turns heads. System software is intuitive, responsive, and packed with practical AI features. Though curved display edges occasionally trigger accidental palm touches."
,Electronics,Tecno,Phantom V Fold 5G Special Edition Variant #2152,Midnight Blue,"The Tecno Phantom V Fold 5G Special Edition is an advanced foldable flagship smartphone offering optimized hardware and clean performance. Driven by the Qualcomm Snapdragon 8 Gen 2 chipset with 16GB heavy-multitasking LPDDR5X RAM and 512GB UFS 4.0 storage. It features a 6.7-inch Super Actua LTPO OLED display with 1-120Hz variable refresh rate and 2400 nits peak brightness, a versatile camera array with a 50MP primary camera with OIS, 48MP ultrawide with macro focus, and 48MP telephoto with 5x optical zoom, and a 5050mAh battery with 30W wired charging and 23W wireless charging capability.",75151,4.4,"Extremely satisfied with the purchase! The camera quality is outstanding, especially in low light, and the battery comfortably lasts over a day. However, the phone is slightly heavy for single-handed use."
,Electronics,Tecno,Phantom V Flip 5G Special Edition Variant #2153,Sunset Orange,"The Tecno Phantom V Flip 5G Special Edition is an advanced foldable mid-range smartphone offering optimized hardware and clean performance. Driven by the MediaTek Dimensity 8050 5G chipset with 16GB flagship LPDDR5X RAM paired with massive 1TB UFS 4.0 storage. It features a 6.82-inch 2K 120Hz Curved LTPO AMOLED display with 4500 nits peak brightness and Dolby Vision, a versatile camera array with a 50MP Sony LYT-808 primary sensor, 64MP periscope telephoto (3x optical, 120x digital), and 48MP ultrawide with Hasselblad color tuning, and a 5400mAh dual-cell battery supported by 100W SUPERVOOC fast charging (0-100% in 26 mins) and 50W AIRVOOC wireless.",53152,4.4,Blazing fast performance for daily multitasking and heavy gaming. The display is vibrant and easily readable under bright sunlight. Though the secondary ultrawide camera could be slightly better in low light.
,Electronics,ASUS,ROG Phone 8 Pro 5G Special Edition Variant #2154,Emerald Green,"The Asus ROG Phone 8 Pro 5G Special Edition is an advanced gaming flagship smartphone offering optimized hardware and clean performance. Driven by the Qualcomm Snapdragon 8 Gen 3 with dedicated GameCool vapour cooling chipset with LPDDR5 RAM and UFS 3.1 high-speed storage. It features a 6.78-inch 1.5K 144Hz 8T LTPO AMOLED display with 3000 nits brightness and 2160Hz PWM dimming, a versatile camera array with a 1-inch 50MP Sony LYT-900 primary camera with stepless variable aperture (f/1.63-f/4.0) co-engineered with Leica, and a 5000mAh graphite battery with 120W FlashCharge (0-100% in ~27 mins).",100153,4.4,"Great value for money smartphone in this price point. Clean UI experience and fast charging makes daily usage hassle-free. On the downside, charging speed could be slightly faster compared to rivals."
,Electronics,ASUS,ROG Phone 8 5G Special Edition Variant #2155,Starlight Silver,"The Asus ROG Phone 8 5G Special Edition is an advanced gaming flagship smartphone offering optimized hardware and clean performance. Driven by the Qualcomm Snapdragon 8 Gen 3 with dedicated GameCool vapour cooling chipset with LPDDR5X RAM paired with 256GB UFS 4.0 internal storage. It features a 6.67-inch 1.5K 120Hz CrystalRes AMOLED display with Dolby Vision and Gorilla Glass Victus, a versatile camera array with a 50MP 1-inch Sony IMX989 sensor with OIS, 50MP ZEISS APO Floating Telephoto with 4.3x optical zoom and ZEISS T* anti-reflective coating, and a 5500mAh dual-cell battery with 120W SUPERVOOC superfast charging.",85154,4.4,"The build quality feels high-end and comfortable to hold. Photos taken with the main lens are sharp with natural color tones. However, a fast wall adapter is not included inside the box."
,Electronics,Samsung,Galaxy S24 Ultra Special Edition Variant #2156,Glacier White,"The Samsung Galaxy S24 Ultra Special Edition is an advanced flagship smartphone offering optimized hardware and clean performance. Driven by the Qualcomm Snapdragon 8 Gen 3 chipset with 12GB LPDDR5X ultra-fast RAM and 256GB UFS 4.0 storage. It features a 6.7-inch 120Hz Flexible AMOLED screen with 1300 nits brightness and iconic transparent Glyph LED interface, a versatile camera array with a 50MP Sony LYT-808 main camera with OIS, 50MP telephoto portrait lens (2x optical zoom), and Next AI image processing, and a 5200mAh silicon-carbon high density battery with 100W wired and 66W wireless charging.",140155,4.4,Incredible display clarity and high refresh rate make scrolling and gaming super smooth. Charging speed is amazingly fast. Though system software comes with a few preinstalled apps that require manual uninstalling.
,Electronics,Samsung,Galaxy S24 Plus Special Edition Variant #2157,Asteroid Black,"The Samsung Galaxy S24 Plus Special Edition is an advanced flagship smartphone offering optimized hardware and clean performance. Driven by the Apple A17 Pro (3nm) chipset with 12GB LPDDR5X RAM with generous 512GB UFS 4.0 storage. It features a 6.6-inch FHD+ 120Hz Super AMOLED display with Knox Vault security and Vision Booster, a versatile camera array with a 50MP primary sensor with OIS, 50MP ultrawide with macro mode, and 64MP periscope telephoto with 3x optical zoom, and a 5500mAh heavy-duty battery with 100W SUPERVOOC charging maintaining health over 4 years.",110156,4.4,Top-notch camera setup with exceptional portrait modes and zoom capability. Software runs smooth without any stutters. Keep in mind that there is no expandable microSD card slot or 3.5mm headphone jack.
,Electronics,Samsung,Galaxy S24 Special Edition Variant #2158,Ocean Cyan,"The Samsung Galaxy S24 Special Edition is an advanced flagship smartphone offering optimized hardware and clean performance. Driven by the Google Tensor G3 chipset with 16GB heavy-multitasking LPDDR5X RAM and 512GB UFS 4.0 storage. It features a 6.74-inch 1.5K 120Hz Ultra Clear AMOLED with Aqua Touch wet-finger technology and 2150 nits brightness, a versatile camera array with a Dual 50MP rear camera sensors (Primary OIS + 114-degree Ultrawide) powered by Ultra XDR photography engine, and a 5000mAh battery with 90W Turbo Charge support included in the box.",80157,4.4,"Solid battery endurance paired with rapid charging. Handles demanding mobile titles without thermal throttling. However, the camera bump on the back is quite prominent."
,Electronics,Apple,iPhone 15 Pro Max Special Edition Variant #2159,Peach Fuzz,"The Apple iPhone 15 Pro Max Special Edition is an advanced flagship smartphone offering optimized hardware and clean performance. Driven by the MediaTek Dimensity 9300 chipset with 16GB flagship LPDDR5X RAM paired with massive 1TB UFS 4.0 storage. It features a 6.67-inch 1.5K 3D Curved AMOLED with 120Hz refresh rate, 1800 nits peak brightness and IP68 protection, a versatile camera array with a 200MP Samsung ISOCELL HP3 camera with OIS, 4x in-sensor lossless zoom, 8MP ultrawide, and 2MP macro lens, and a 5000mAh battery supporting 33W fast charging and 5W reverse wired charging.",180059,4.4,"Sleek aesthetic design that turns heads. System software is intuitive, responsive, and packed with practical AI features. Though curved display edges occasionally trigger accidental palm touches."
,Electronics,Apple,iPhone 15 Pro Special Edition Variant #2160,Phantom Black,"The Apple iPhone 15 Pro Special Edition is an advanced flagship smartphone offering optimized hardware and clean performance. Driven by the Qualcomm Snapdragon 8 Gen 3 chipset with LPDDR5 RAM and UFS 3.1 high-speed storage. It features a 6.8-inch QHD+ 120Hz Dynamic AMOLED 2X display with 2600 nits peak brightness and Gorilla Armor, a versatile camera array with a 200MP OIS primary sensor, 50MP periscope telephoto with 5x optical zoom, 10MP 3x telephoto, and 12MP ultrawide, and a 5000mAh battery with 45W wired fast charging, 15W wireless charging, and reverse wireless support.",145060,4.4,"Extremely satisfied with the purchase! The camera quality is outstanding, especially in low light, and the battery comfortably lasts over a day. However, the phone is slightly heavy for single-handed use."
,Electronics,Apple,iPhone 15 Plus Special Edition Variant #2161,Titanium Gray,"The Apple iPhone 15 Plus Special Edition is an advanced flagship smartphone offering optimized hardware and clean performance. Driven by the Apple A17 Pro (3nm) chipset with LPDDR5X RAM paired with 256GB UFS 4.0 internal storage. It features a 6.7-inch Super Retina XDR OLED display with ProMotion 120Hz adaptive refresh rate and outdoor peak 2000 nits, a versatile camera array with a 48MP main sensor with sensor-shift OIS, 12MP 5x tetraprism optical zoom telephoto, and 12MP ultrawide, and a 4422mAh battery with MagSafe 15W wireless charging and high efficiency battery optimization.",100061,4.4,Blazing fast performance for daily multitasking and heavy gaming. The display is vibrant and easily readable under bright sunlight. Though the secondary ultrawide camera could be slightly better in low light.
,Electronics,Apple,iPhone 15 Special Edition Variant #2162,Natural Titanium,"The Apple iPhone 15 Special Edition is an advanced flagship smartphone offering optimized hardware and clean performance. Driven by the Google Tensor G3 chipset with 12GB LPDDR5X ultra-fast RAM and 256GB UFS 4.0 storage. It features a 6.7-inch Super Actua LTPO OLED display with 1-120Hz variable refresh rate and 2400 nits peak brightness, a versatile camera array with a 50MP primary camera with OIS, 48MP ultrawide with macro focus, and 48MP telephoto with 5x optical zoom, and a 5050mAh battery with 30W wired charging and 23W wireless charging capability.",90062,4.4,"Great value for money smartphone in this price point. Clean UI experience and fast charging makes daily usage hassle-free. On the downside, charging speed could be slightly faster compared to rivals."
,Electronics,Google,Pixel 8 Pro Special Edition Variant #2163,Oasis Green,"The Google Pixel 8 Pro Special Edition is an advanced flagship smartphone offering optimized hardware and clean performance. Driven by the MediaTek Dimensity 9300 chipset with 12GB LPDDR5X RAM with generous 512GB UFS 4.0 storage. It features a 6.82-inch 2K 120Hz Curved LTPO AMOLED display with 4500 nits peak brightness and Dolby Vision, a versatile camera array with a 50MP Sony LYT-808 primary sensor, 64MP periscope telephoto (3x optical, 120x digital), and 48MP ultrawide with Hasselblad color tuning, and a 5400mAh dual-cell battery supported by 100W SUPERVOOC fast charging (0-100% in 26 mins) and 50W AIRVOOC wireless.",114162,4.4,"The build quality feels high-end and comfortable to hold. Photos taken with the main lens are sharp with natural color tones. However, a fast wall adapter is not included inside the box."
,Electronics,Google,Pixel 8a Special Edition Variant #2164,Midnight Blue,"The Google Pixel 8a Special Edition is an advanced mid-range smartphone offering optimized hardware and clean performance. Driven by the MediaTek Dimensity 7200 Pro chipset with 16GB heavy-multitasking LPDDR5X RAM and 512GB UFS 4.0 storage. It features a 6.78-inch 1.5K 144Hz 8T LTPO AMOLED display with 3000 nits brightness and 2160Hz PWM dimming, a versatile camera array with a 1-inch 50MP Sony LYT-900 primary camera with stepless variable aperture (f/1.63-f/4.0) co-engineered with Leica, and a 5000mAh graphite battery with 120W FlashCharge (0-100% in ~27 mins).",60163,4.4,Incredible display clarity and high refresh rate make scrolling and gaming super smooth. Charging speed is amazingly fast. Though system software comes with a few preinstalled apps that require manual uninstalling.
,Electronics,OnePlus,12 5G Special Edition Variant #2165,Sunset Orange,"The OnePlus 12 5G Special Edition is an advanced flagship smartphone offering optimized hardware and clean performance. Driven by the Apple A17 Pro (3nm) chipset with 16GB flagship LPDDR5X RAM paired with massive 1TB UFS 4.0 storage. It features a 6.67-inch 1.5K 120Hz CrystalRes AMOLED display with Dolby Vision and Gorilla Glass Victus, a versatile camera array with a 50MP 1-inch Sony IMX989 sensor with OIS, 50MP ZEISS APO Floating Telephoto with 4.3x optical zoom and ZEISS T* anti-reflective coating, and a 5500mAh dual-cell battery with 120W SUPERVOOC superfast charging.",70164,4.4,Top-notch camera setup with exceptional portrait modes and zoom capability. Software runs smooth without any stutters. Keep in mind that there is no expandable microSD card slot or 3.5mm headphone jack.
,Electronics,OnePlus,12R 5G Special Edition Variant #2166,Emerald Green,"The OnePlus 12R 5G Special Edition is an advanced upper mid-range smartphone offering optimized hardware and clean performance. Driven by the Qualcomm Snapdragon 8s Gen 3 chipset with LPDDR5 RAM and UFS 3.1 high-speed storage. It features a 6.7-inch 120Hz Flexible AMOLED screen with 1300 nits brightness and iconic transparent Glyph LED interface, a versatile camera array with a 50MP Sony LYT-808 main camera with OIS, 50MP telephoto portrait lens (2x optical zoom), and Next AI image processing, and a 5200mAh silicon-carbon high density battery with 100W wired and 66W wireless charging.",43165,4.4,"Solid battery endurance paired with rapid charging. Handles demanding mobile titles without thermal throttling. However, the camera bump on the back is quite prominent."
,Electronics,Xiaomi,14 Ultra 5G Special Edition Variant #2167,Starlight Silver,"The Xiaomi 14 Ultra 5G Special Edition is an advanced flagship smartphone offering optimized hardware and clean performance. Driven by the MediaTek Dimensity 9300 chipset with LPDDR5X RAM paired with 256GB UFS 4.0 internal storage. It features a 6.6-inch FHD+ 120Hz Super AMOLED display with Knox Vault security and Vision Booster, a versatile camera array with a 50MP primary sensor with OIS, 50MP ultrawide with macro mode, and 64MP periscope telephoto with 3x optical zoom, and a 5500mAh heavy-duty battery with 100W SUPERVOOC charging maintaining health over 4 years.",110166,4.4,"Sleek aesthetic design that turns heads. System software is intuitive, responsive, and packed with practical AI features. Though curved display edges occasionally trigger accidental palm touches."
,Electronics,Xiaomi,14 Civi Special Edition Variant #2168,Glacier White,"The Xiaomi 14 Civi Special Edition is an advanced upper mid-range smartphone offering optimized hardware and clean performance. Driven by the MediaTek Dimensity 8300 Ultra chipset with 12GB LPDDR5X ultra-fast RAM and 256GB UFS 4.0 storage. It features a 6.74-inch 1.5K 120Hz Ultra Clear AMOLED with Aqua Touch wet-finger technology and 2150 nits brightness, a versatile camera array with a Dual 50MP rear camera sensors (Primary OIS + 114-degree Ultrawide) powered by Ultra XDR photography engine, and a 5000mAh battery with 90W Turbo Charge support included in the box.",48167,4.4,"Extremely satisfied with the purchase! The camera quality is outstanding, especially in low light, and the battery comfortably lasts over a day. However, the phone is slightly heavy for single-handed use."
,Electronics,Vivo,X100 Pro 5G Special Edition Variant #2169,Asteroid Black,"The Vivo X100 Pro 5G Special Edition is an advanced flagship smartphone offering optimized hardware and clean performance. Driven by the Apple A17 Pro (3nm) chipset with 12GB LPDDR5X RAM with generous 512GB UFS 4.0 storage. It features a 6.67-inch 1.5K 3D Curved AMOLED with 120Hz refresh rate, 1800 nits peak brightness and IP68 protection, a versatile camera array with a 200MP Samsung ISOCELL HP3 camera with OIS, 4x in-sensor lossless zoom, 8MP ultrawide, and 2MP macro lens, and a 5000mAh battery supporting 33W fast charging and 5W reverse wired charging.",95168,4.4,Blazing fast performance for daily multitasking and heavy gaming. The display is vibrant and easily readable under bright sunlight. Though the secondary ultrawide camera could be slightly better in low light.
,Electronics,Vivo,V30 Pro 5G Special Edition Variant #2170,Ocean Cyan,"The Vivo V30 Pro 5G Special Edition is an advanced mid-range smartphone offering optimized hardware and clean performance. Driven by the MediaTek Dimensity 7200 Pro chipset with 16GB heavy-multitasking LPDDR5X RAM and 512GB UFS 4.0 storage. It features a 6.8-inch QHD+ 120Hz Dynamic AMOLED 2X display with 2600 nits peak brightness and Gorilla Armor, a versatile camera array with a 200MP OIS primary sensor, 50MP periscope telephoto with 5x optical zoom, 10MP 3x telephoto, and 12MP ultrawide, and a 5000mAh battery with 45W wired fast charging, 15W wireless charging, and reverse wireless support.",47169,4.4,"Great value for money smartphone in this price point. Clean UI experience and fast charging makes daily usage hassle-free. On the downside, charging speed could be slightly faster compared to rivals."
,Electronics,iQOO,12 5G Special Edition Variant #2171,Peach Fuzz,"The iQOO 12 5G Special Edition is an advanced performance flagship smartphone offering optimized hardware and clean performance. Driven by the MediaTek Dimensity 9300 chipset with 16GB flagship LPDDR5X RAM paired with massive 1TB UFS 4.0 storage. It features a 6.7-inch Super Retina XDR OLED display with ProMotion 120Hz adaptive refresh rate and outdoor peak 2000 nits, a versatile camera array with a 48MP main sensor with sensor-shift OIS, 12MP 5x tetraprism optical zoom telephoto, and 12MP ultrawide, and a 4422mAh battery with MagSafe 15W wireless charging and high efficiency battery optimization.",58170,4.4,"The build quality feels high-end and comfortable to hold. Photos taken with the main lens are sharp with natural color tones. However, a fast wall adapter is not included inside the box."
,Electronics,iQOO,Neo 9 Pro 5G Special Edition Variant #2172,Phantom Black,"The iQOO Neo 9 Pro 5G Special Edition is an advanced performance mid-range smartphone offering optimized hardware and clean performance. Driven by the Qualcomm Snapdragon 8 Gen 2 chipset with LPDDR5 RAM and UFS 3.1 high-speed storage. It features a 6.7-inch Super Actua LTPO OLED display with 1-120Hz variable refresh rate and 2400 nits peak brightness, a versatile camera array with a 50MP primary camera with OIS, 48MP ultrawide with macro focus, and 48MP telephoto with 5x optical zoom, and a 5050mAh battery with 30W wired charging and 23W wireless charging capability.",38171,4.4,Incredible display clarity and high refresh rate make scrolling and gaming super smooth. Charging speed is amazingly fast. Though system software comes with a few preinstalled apps that require manual uninstalling.
,Electronics,Realme,GT 6 5G Special Edition Variant #2173,Titanium Gray,"The Realme GT 6 5G Special Edition is an advanced upper mid-range smartphone offering optimized hardware and clean performance. Driven by the Qualcomm Snapdragon 7+ Gen 3 chipset with LPDDR5X RAM paired with 256GB UFS 4.0 internal storage. It features a 6.82-inch 2K 120Hz Curved LTPO AMOLED display with 4500 nits peak brightness and Dolby Vision, a versatile camera array with a 50MP Sony LYT-808 primary sensor, 64MP periscope telephoto (3x optical, 120x digital), and 48MP ultrawide with Hasselblad color tuning, and a 5400mAh dual-cell battery supported by 100W SUPERVOOC fast charging (0-100% in 26 mins) and 50W AIRVOOC wireless.",43172,4.4,Top-notch camera setup with exceptional portrait modes and zoom capability. Software runs smooth without any stutters. Keep in mind that there is no expandable microSD card slot or 3.5mm headphone jack.
,Electronics,Realme,GT 6T 5G Special Edition Variant #2174,Natural Titanium,"The Realme GT 6T 5G Special Edition is an advanced mid-range smartphone offering optimized hardware and clean performance. Driven by the Exynos 1480 (4nm) chipset with 12GB LPDDR5X ultra-fast RAM and 256GB UFS 4.0 storage. It features a 6.78-inch 1.5K 144Hz 8T LTPO AMOLED display with 3000 nits brightness and 2160Hz PWM dimming, a versatile camera array with a 1-inch 50MP Sony LYT-900 primary camera with stepless variable aperture (f/1.63-f/4.0) co-engineered with Leica, and a 5000mAh graphite battery with 120W FlashCharge (0-100% in ~27 mins).",33173,4.4,"Solid battery endurance paired with rapid charging. Handles demanding mobile titles without thermal throttling. However, the camera bump on the back is quite prominent."
,Electronics,Motorola,Edge 50 Ultra Special Edition Variant #2175,Oasis Green,"The Motorola Edge 50 Ultra Special Edition is an advanced flagship smartphone offering optimized hardware and clean performance. Driven by the MediaTek Dimensity 9300 chipset with 12GB LPDDR5X RAM with generous 512GB UFS 4.0 storage. It features a 6.67-inch 1.5K 120Hz CrystalRes AMOLED display with Dolby Vision and Gorilla Glass Victus, a versatile camera array with a 50MP 1-inch Sony IMX989 sensor with OIS, 50MP ZEISS APO Floating Telephoto with 4.3x optical zoom and ZEISS T* anti-reflective coating, and a 5500mAh dual-cell battery with 120W SUPERVOOC superfast charging.",65174,4.4,"Sleek aesthetic design that turns heads. System software is intuitive, responsive, and packed with practical AI features. Though curved display edges occasionally trigger accidental palm touches."
,Electronics,Motorola,Edge 50 Pro Special Edition Variant #2176,Midnight Blue,"The Motorola Edge 50 Pro Special Edition is an advanced mid-range smartphone offering optimized hardware and clean performance. Driven by the MediaTek Dimensity 7200 Pro chipset with 16GB heavy-multitasking LPDDR5X RAM and 512GB UFS 4.0 storage. It features a 6.7-inch 120Hz Flexible AMOLED screen with 1300 nits brightness and iconic transparent Glyph LED interface, a versatile camera array with a 50MP Sony LYT-808 main camera with OIS, 50MP telephoto portrait lens (2x optical zoom), and Next AI image processing, and a 5200mAh silicon-carbon high density battery with 100W wired and 66W wireless charging.",36175,4.4,"Extremely satisfied with the purchase! The camera quality is outstanding, especially in low light, and the battery comfortably lasts over a day. However, the phone is slightly heavy for single-handed use."
,Electronics,Motorola,Edge 50 Fusion Special Edition Variant #2177,Sunset Orange,"The Motorola Edge 50 Fusion Special Edition is an advanced budget mid-range smartphone offering optimized hardware and clean performance. Driven by the Snapdragon 7s Gen 2 chipset with 16GB flagship LPDDR5X RAM paired with massive 1TB UFS 4.0 storage. It features a 6.6-inch FHD+ 120Hz Super AMOLED display with Knox Vault security and Vision Booster, a versatile camera array with a 50MP primary sensor with OIS, 50MP ultrawide with macro mode, and 64MP periscope telephoto with 3x optical zoom, and a 5500mAh heavy-duty battery with 100W SUPERVOOC charging maintaining health over 4 years.",25176,4.4,Blazing fast performance for daily multitasking and heavy gaming. The display is vibrant and easily readable under bright sunlight. Though the secondary ultrawide camera could be slightly better in low light.
,Electronics,Nothing,Phone  Special Edition Variant #2178,2,"The Nothing Phone (2) Special Edition is an advanced upper mid-range smartphone offering optimized hardware and clean performance. Driven by the Qualcomm Snapdragon 8s Gen 3 chipset with LPDDR5 RAM and UFS 3.1 high-speed storage. It features a 6.74-inch 1.5K 120Hz Ultra Clear AMOLED with Aqua Touch wet-finger technology and 2150 nits brightness, a versatile camera array with a Dual 50MP rear camera sensors (Primary OIS + 114-degree Ultrawide) powered by Ultra XDR photography engine, and a 5000mAh battery with 90W Turbo Charge support included in the box.",40177,4.4,"Great value for money smartphone in this price point. Clean UI experience and fast charging makes daily usage hassle-free. On the downside, charging speed could be slightly faster compared to rivals."
,Electronics,Nothing,Phone  Special Edition Variant #2179,2a,"The Nothing Phone (2a) Special Edition is an advanced budget mid-range smartphone offering optimized hardware and clean performance. Driven by the MediaTek Dimensity 7050 chipset with LPDDR5X RAM paired with 256GB UFS 4.0 internal storage. It features a 6.67-inch 1.5K 3D Curved AMOLED with 120Hz refresh rate, 1800 nits peak brightness and IP68 protection, a versatile camera array with a 200MP Samsung ISOCELL HP3 camera with OIS, 4x in-sensor lossless zoom, 8MP ultrawide, and 2MP macro lens, and a 5000mAh battery supporting 33W fast charging and 5W reverse wired charging.",26178,4.4,"The build quality feels high-end and comfortable to hold. Photos taken with the main lens are sharp with natural color tones. However, a fast wall adapter is not included inside the box."
,Electronics,POCO,F6 Pro 5G Special Edition Variant #2180,Glacier White,"The Poco F6 Pro 5G Special Edition is an advanced performance mid-range smartphone offering optimized hardware and clean performance. Driven by the MediaTek Dimensity 8300 Ultra chipset with 12GB LPDDR5X ultra-fast RAM and 256GB UFS 4.0 storage. It features a 6.8-inch QHD+ 120Hz Dynamic AMOLED 2X display with 2600 nits peak brightness and Gorilla Armor, a versatile camera array with a 200MP OIS primary sensor, 50MP periscope telephoto with 5x optical zoom, 10MP 3x telephoto, and 12MP ultrawide, and a 5000mAh battery with 45W wired fast charging, 15W wireless charging, and reverse wireless support.",42179,4.4,Incredible display clarity and high refresh rate make scrolling and gaming super smooth. Charging speed is amazingly fast. Though system software comes with a few preinstalled apps that require manual uninstalling.
,Electronics,POCO,F6 5G Special Edition Variant #2181,Asteroid Black,"The Poco F6 5G Special Edition is an advanced performance budget smartphone offering optimized hardware and clean performance. Driven by the MediaTek Dimensity 8300 Ultra chipset with 12GB LPDDR5X RAM with generous 512GB UFS 4.0 storage. It features a 6.7-inch Super Retina XDR OLED display with ProMotion 120Hz adaptive refresh rate and outdoor peak 2000 nits, a versatile camera array with a 48MP main sensor with sensor-shift OIS, 12MP 5x tetraprism optical zoom telephoto, and 12MP ultrawide, and a 4422mAh battery with MagSafe 15W wireless charging and high efficiency battery optimization.",32180,4.4,Top-notch camera setup with exceptional portrait modes and zoom capability. Software runs smooth without any stutters. Keep in mind that there is no expandable microSD card slot or 3.5mm headphone jack.
,Electronics,POCO,X6 Pro 5G Special Edition Variant #2182,Ocean Cyan,"The Poco X6 Pro 5G Special Edition is an advanced performance budget smartphone offering optimized hardware and clean performance. Driven by the Qualcomm Snapdragon 8s Gen 3 chipset with 16GB heavy-multitasking LPDDR5X RAM and 512GB UFS 4.0 storage. It features a 6.7-inch Super Actua LTPO OLED display with 1-120Hz variable refresh rate and 2400 nits peak brightness, a versatile camera array with a 50MP primary camera with OIS, 48MP ultrawide with macro focus, and 48MP telephoto with 5x optical zoom, and a 5050mAh battery with 30W wired charging and 23W wireless charging capability.",27181,4.4,"Solid battery endurance paired with rapid charging. Handles demanding mobile titles without thermal throttling. However, the camera bump on the back is quite prominent."
,Electronics,Samsung,Galaxy A55 5G Special Edition Variant #2183,Peach Fuzz,"The Samsung Galaxy A55 5G Special Edition is an advanced mid-range smartphone offering optimized hardware and clean performance. Driven by the Exynos 1480 (4nm) chipset with 16GB flagship LPDDR5X RAM paired with massive 1TB UFS 4.0 storage. It features a 6.82-inch 2K 120Hz Curved LTPO AMOLED display with 4500 nits peak brightness and Dolby Vision, a versatile camera array with a 50MP Sony LYT-808 primary sensor, 64MP periscope telephoto (3x optical, 120x digital), and 48MP ultrawide with Hasselblad color tuning, and a 5400mAh dual-cell battery supported by 100W SUPERVOOC fast charging (0-100% in 26 mins) and 50W AIRVOOC wireless.",43182,4.4,"Sleek aesthetic design that turns heads. System software is intuitive, responsive, and packed with practical AI features. Though curved display edges occasionally trigger accidental palm touches."
,Electronics,Samsung,Galaxy A35 5G Special Edition Variant #2184,Phantom Black,"The Samsung Galaxy A35 5G Special Edition is an advanced budget mid-range smartphone offering optimized hardware and clean performance. Driven by the Qualcomm Snapdragon 6 Gen 1 chipset with LPDDR5 RAM and UFS 3.1 high-speed storage. It features a 6.78-inch 1.5K 144Hz 8T LTPO AMOLED display with 3000 nits brightness and 2160Hz PWM dimming, a versatile camera array with a 1-inch 50MP Sony LYT-900 primary camera with stepless variable aperture (f/1.63-f/4.0) co-engineered with Leica, and a 5000mAh graphite battery with 120W FlashCharge (0-100% in ~27 mins).",31183,4.4,"Extremely satisfied with the purchase! The camera quality is outstanding, especially in low light, and the battery comfortably lasts over a day. However, the phone is slightly heavy for single-handed use."
,Electronics,Samsung,Galaxy M55 5G Special Edition Variant #2185,Titanium Gray,"The Samsung Galaxy M55 5G Special Edition is an advanced budget mid-range smartphone offering optimized hardware and clean performance. Driven by the MediaTek Dimensity 7050 chipset with LPDDR5X RAM paired with 256GB UFS 4.0 internal storage. It features a 6.67-inch 1.5K 120Hz CrystalRes AMOLED display with Dolby Vision and Gorilla Glass Victus, a versatile camera array with a 50MP 1-inch Sony IMX989 sensor with OIS, 50MP ZEISS APO Floating Telephoto with 4.3x optical zoom and ZEISS T* anti-reflective coating, and a 5500mAh dual-cell battery with 120W SUPERVOOC superfast charging.",27184,4.4,Blazing fast performance for daily multitasking and heavy gaming. The display is vibrant and easily readable under bright sunlight. Though the secondary ultrawide camera could be slightly better in low light.
,Electronics,OnePlus,Nord 4 5G Special Edition Variant #2186,Natural Titanium,"The OnePlus Nord 4 5G Special Edition is an advanced mid-range smartphone offering optimized hardware and clean performance. Driven by the Exynos 1480 (4nm) chipset with 12GB LPDDR5X ultra-fast RAM and 256GB UFS 4.0 storage. It features a 6.7-inch 120Hz Flexible AMOLED screen with 1300 nits brightness and iconic transparent Glyph LED interface, a versatile camera array with a 50MP Sony LYT-808 main camera with OIS, 50MP telephoto portrait lens (2x optical zoom), and Next AI image processing, and a 5200mAh silicon-carbon high density battery with 100W wired and 66W wireless charging.",33185,4.4,"Great value for money smartphone in this price point. Clean UI experience and fast charging makes daily usage hassle-free. On the downside, charging speed could be slightly faster compared to rivals."
,Electronics,OnePlus,Nord CE 4 5G Special Edition Variant #2187,Oasis Green,"The OnePlus Nord CE 4 5G Special Edition is an advanced budget mid-range smartphone offering optimized hardware and clean performance. Driven by the Qualcomm Snapdragon 6 Gen 1 chipset with 12GB LPDDR5X RAM with generous 512GB UFS 4.0 storage. It features a 6.6-inch FHD+ 120Hz Super AMOLED display with Knox Vault security and Vision Booster, a versatile camera array with a 50MP primary sensor with OIS, 50MP ultrawide with macro mode, and 64MP periscope telephoto with 3x optical zoom, and a 5500mAh heavy-duty battery with 100W SUPERVOOC charging maintaining health over 4 years.",27186,4.4,"The build quality feels high-end and comfortable to hold. Photos taken with the main lens are sharp with natural color tones. However, a fast wall adapter is not included inside the box."
,Electronics,Redmi,Note 13 Pro+ 5G Special Edition Variant #2188,Midnight Blue,"The Redmi Note 13 Pro+ 5G Special Edition is an advanced mid-range smartphone offering optimized hardware and clean performance. Driven by the MediaTek Dimensity 7200 Pro chipset with 16GB heavy-multitasking LPDDR5X RAM and 512GB UFS 4.0 storage. It features a 6.74-inch 1.5K 120Hz Ultra Clear AMOLED with Aqua Touch wet-finger technology and 2150 nits brightness, a versatile camera array with a Dual 50MP rear camera sensors (Primary OIS + 114-degree Ultrawide) powered by Ultra XDR photography engine, and a 5000mAh battery with 90W Turbo Charge support included in the box.",34187,4.4,Incredible display clarity and high refresh rate make scrolling and gaming super smooth. Charging speed is amazingly fast. Though system software comes with a few preinstalled apps that require manual uninstalling.
,Electronics,Redmi,Note 13 Pro 5G Special Edition Variant #2189,Sunset Orange,"The Redmi Note 13 Pro 5G Special Edition is an advanced budget mid-range smartphone offering optimized hardware and clean performance. Driven by the Snapdragon 7s Gen 2 chipset with 16GB flagship LPDDR5X RAM paired with massive 1TB UFS 4.0 storage. It features a 6.67-inch 1.5K 3D Curved AMOLED with 120Hz refresh rate, 1800 nits peak brightness and IP68 protection, a versatile camera array with a 200MP Samsung ISOCELL HP3 camera with OIS, 4x in-sensor lossless zoom, 8MP ultrawide, and 2MP macro lens, and a 5000mAh battery supporting 33W fast charging and 5W reverse wired charging.",27188,4.4,Top-notch camera setup with exceptional portrait modes and zoom capability. Software runs smooth without any stutters. Keep in mind that there is no expandable microSD card slot or 3.5mm headphone jack.
,Electronics,Redmi,Note 13 5G Special Edition Variant #2190,Emerald Green,"The Redmi Note 13 5G Special Edition is an advanced budget smartphone offering optimized hardware and clean performance. Driven by the MediaTek Dimensity 7300 5G chipset with LPDDR5 RAM and UFS 3.1 high-speed storage. It features a 6.8-inch QHD+ 120Hz Dynamic AMOLED 2X display with 2600 nits peak brightness and Gorilla Armor, a versatile camera array with a 200MP OIS primary sensor, 50MP periscope telephoto with 5x optical zoom, 10MP 3x telephoto, and 12MP ultrawide, and a 5000mAh battery with 45W wired fast charging, 15W wireless charging, and reverse wireless support.",19189,4.4,"Solid battery endurance paired with rapid charging. Handles demanding mobile titles without thermal throttling. However, the camera bump on the back is quite prominent."
,Electronics,Honor,200 Pro 5G Special Edition Variant #2191,Starlight Silver,"The Honor 200 Pro 5G Special Edition is an advanced upper mid-range smartphone offering optimized hardware and clean performance. Driven by the Qualcomm Snapdragon 7+ Gen 3 chipset with LPDDR5X RAM paired with 256GB UFS 4.0 internal storage. It features a 6.7-inch Super Retina XDR OLED display with ProMotion 120Hz adaptive refresh rate and outdoor peak 2000 nits, a versatile camera array with a 48MP main sensor with sensor-shift OIS, 12MP 5x tetraprism optical zoom telephoto, and 12MP ultrawide, and a 4422mAh battery with MagSafe 15W wireless charging and high efficiency battery optimization.",62190,4.4,"Sleek aesthetic design that turns heads. System software is intuitive, responsive, and packed with practical AI features. Though curved display edges occasionally trigger accidental palm touches."
,Electronics,Honor,200 5G Special Edition Variant #2192,Glacier White,"The Honor 200 5G Special Edition is an advanced mid-range smartphone offering optimized hardware and clean performance. Driven by the Exynos 1480 (4nm) chipset with 12GB LPDDR5X ultra-fast RAM and 256GB UFS 4.0 storage. It features a 6.7-inch Super Actua LTPO OLED display with 1-120Hz variable refresh rate and 2400 nits peak brightness, a versatile camera array with a 50MP primary camera with OIS, 48MP ultrawide with macro focus, and 48MP telephoto with 5x optical zoom, and a 5050mAh battery with 30W wired charging and 23W wireless charging capability.",38191,4.4,"Extremely satisfied with the purchase! The camera quality is outstanding, especially in low light, and the battery comfortably lasts over a day. However, the phone is slightly heavy for single-handed use."
,Electronics,Nothing,CMF by  Phone 1 Special Edition Variant #2193,Asteroid Black,"The CMF by Nothing Phone 1 Special Edition is an advanced budget smartphone offering optimized hardware and clean performance. Driven by the MediaTek Dimensity 7300 5G chipset with 12GB LPDDR5X RAM with generous 512GB UFS 4.0 storage. It features a 6.82-inch 2K 120Hz Curved LTPO AMOLED display with 4500 nits peak brightness and Dolby Vision, a versatile camera array with a 50MP Sony LYT-808 primary sensor, 64MP periscope telephoto (3x optical, 120x digital), and 48MP ultrawide with Hasselblad color tuning, and a 5400mAh dual-cell battery supported by 100W SUPERVOOC fast charging (0-100% in 26 mins) and 50W AIRVOOC wireless.",18192,4.4,Blazing fast performance for daily multitasking and heavy gaming. The display is vibrant and easily readable under bright sunlight. Though the secondary ultrawide camera could be slightly better in low light.
,Electronics,Realme,12 Pro+ 5G Special Edition Variant #2194,Ocean Cyan,"The Realme 12 Pro+ 5G Special Edition is an advanced mid-range smartphone offering optimized hardware and clean performance. Driven by the MediaTek Dimensity 7200 Pro chipset with 16GB heavy-multitasking LPDDR5X RAM and 512GB UFS 4.0 storage. It features a 6.78-inch 1.5K 144Hz 8T LTPO AMOLED display with 3000 nits brightness and 2160Hz PWM dimming, a versatile camera array with a 1-inch 50MP Sony LYT-900 primary camera with stepless variable aperture (f/1.63-f/4.0) co-engineered with Leica, and a 5000mAh graphite battery with 120W FlashCharge (0-100% in ~27 mins).",32193,4.4,"Great value for money smartphone in this price point. Clean UI experience and fast charging makes daily usage hassle-free. On the downside, charging speed could be slightly faster compared to rivals."
,Electronics,Realme,P1 Pro 5G Special Edition Variant #2195,Peach Fuzz,"The Realme P1 Pro 5G Special Edition is an advanced budget smartphone offering optimized hardware and clean performance. Driven by the MediaTek Dimensity 6080 chipset with 16GB flagship LPDDR5X RAM paired with massive 1TB UFS 4.0 storage. It features a 6.67-inch 1.5K 120Hz CrystalRes AMOLED display with Dolby Vision and Gorilla Glass Victus, a versatile camera array with a 50MP 1-inch Sony IMX989 sensor with OIS, 50MP ZEISS APO Floating Telephoto with 4.3x optical zoom and ZEISS T* anti-reflective coating, and a 5500mAh dual-cell battery with 120W SUPERVOOC superfast charging.",22194,4.4,"The build quality feels high-end and comfortable to hold. Photos taken with the main lens are sharp with natural color tones. However, a fast wall adapter is not included inside the box."
,Electronics,Vivo,T3 Pro 5G Special Edition Variant #2196,Phantom Black,"The Vivo T3 Pro 5G Special Edition is an advanced budget mid-range smartphone offering optimized hardware and clean performance. Driven by the Qualcomm Snapdragon 6 Gen 1 chipset with LPDDR5 RAM and UFS 3.1 high-speed storage. It features a 6.7-inch 120Hz Flexible AMOLED screen with 1300 nits brightness and iconic transparent Glyph LED interface, a versatile camera array with a 50MP Sony LYT-808 main camera with OIS, 50MP telephoto portrait lens (2x optical zoom), and Next AI image processing, and a 5200mAh silicon-carbon high density battery with 100W wired and 66W wireless charging.",27195,4.4,Incredible display clarity and high refresh rate make scrolling and gaming super smooth. Charging speed is amazingly fast. Though system software comes with a few preinstalled apps that require manual uninstalling.
,Electronics,iQOO,Z9 Turbo 5G Special Edition Variant #2197,Titanium Gray,"The iQOO Z9 Turbo 5G Special Edition is an advanced budget mid-range smartphone offering optimized hardware and clean performance. Driven by the MediaTek Dimensity 7050 chipset with LPDDR5X RAM paired with 256GB UFS 4.0 internal storage. It features a 6.6-inch FHD+ 120Hz Super AMOLED display with Knox Vault security and Vision Booster, a versatile camera array with a 50MP primary sensor with OIS, 50MP ultrawide with macro mode, and 64MP periscope telephoto with 3x optical zoom, and a 5500mAh heavy-duty battery with 100W SUPERVOOC charging maintaining health over 4 years.",24196,4.4,Top-notch camera setup with exceptional portrait modes and zoom capability. Software runs smooth without any stutters. Keep in mind that there is no expandable microSD card slot or 3.5mm headphone jack.
,Electronics,Samsung,Galaxy Z Fold 5 5G Special Edition Variant #2198,Natural Titanium,"The Samsung Galaxy Z Fold 5 5G Special Edition is an advanced foldable flagship smartphone offering optimized hardware and clean performance. Driven by the MediaTek Dimensity 9000+ chipset with 12GB LPDDR5X ultra-fast RAM and 256GB UFS 4.0 storage. It features a 6.74-inch 1.5K 120Hz Ultra Clear AMOLED with Aqua Touch wet-finger technology and 2150 nits brightness, a versatile camera array with a Dual 50MP rear camera sensors (Primary OIS + 114-degree Ultrawide) powered by Ultra XDR photography engine, and a 5000mAh battery with 90W Turbo Charge support included in the box.",165197,4.4,"Solid battery endurance paired with rapid charging. Handles demanding mobile titles without thermal throttling. However, the camera bump on the back is quite prominent."
,Electronics,Samsung,Galaxy Z Flip 5 5G Special Edition Variant #2199,Oasis Green,"The Samsung Galaxy Z Flip 5 5G Special Edition is an advanced foldable flagship smartphone offering optimized hardware and clean performance. Driven by the Qualcomm Snapdragon 8 Gen 3 chipset with 12GB LPDDR5X RAM with generous 512GB UFS 4.0 storage. It features a 6.67-inch 1.5K 3D Curved AMOLED with 120Hz refresh rate, 1800 nits peak brightness and IP68 protection, a versatile camera array with a 200MP Samsung ISOCELL HP3 camera with OIS, 4x in-sensor lossless zoom, 8MP ultrawide, and 2MP macro lens, and a 5000mAh battery supporting 33W fast charging and 5W reverse wired charging.",110198,4.4,"Sleek aesthetic design that turns heads. System software is intuitive, responsive, and packed with practical AI features. Though curved display edges occasionally trigger accidental palm touches."
,Electronics,Motorola,Razr 50 Ultra 5G Special Edition Variant #2200,Midnight Blue,"The Motorola Razr 50 Ultra 5G Special Edition is an advanced foldable flagship smartphone offering optimized hardware and clean performance. Driven by the Qualcomm Snapdragon 8 Gen 2 chipset with 16GB heavy-multitasking LPDDR5X RAM and 512GB UFS 4.0 storage. It features a 6.8-inch QHD+ 120Hz Dynamic AMOLED 2X display with 2600 nits peak brightness and Gorilla Armor, a versatile camera array with a 200MP OIS primary sensor, 50MP periscope telephoto with 5x optical zoom, 10MP 3x telephoto, and 12MP ultrawide, and a 5000mAh battery with 45W wired fast charging, 15W wireless charging, and reverse wireless support.",95199,4.4,"Extremely satisfied with the purchase! The camera quality is outstanding, especially in low light, and the battery comfortably lasts over a day. However, the phone is slightly heavy for single-handed use."
,Electronics,Tecno,Phantom V Fold 5G Special Edition Variant #2201,Sunset Orange,"The Tecno Phantom V Fold 5G Special Edition is an advanced foldable flagship smartphone offering optimized hardware and clean performance. Driven by the MediaTek Dimensity 9000+ chipset with 16GB flagship LPDDR5X RAM paired with massive 1TB UFS 4.0 storage. It features a 6.7-inch Super Retina XDR OLED display with ProMotion 120Hz adaptive refresh rate and outdoor peak 2000 nits, a versatile camera array with a 48MP main sensor with sensor-shift OIS, 12MP 5x tetraprism optical zoom telephoto, and 12MP ultrawide, and a 4422mAh battery with MagSafe 15W wireless charging and high efficiency battery optimization.",75200,4.4,Blazing fast performance for daily multitasking and heavy gaming. The display is vibrant and easily readable under bright sunlight. Though the secondary ultrawide camera could be slightly better in low light.
,Electronics,Tecno,Phantom V Flip 5G Special Edition Variant #2202,Emerald Green,"The Tecno Phantom V Flip 5G Special Edition is an advanced foldable mid-range smartphone offering optimized hardware and clean performance. Driven by the MediaTek Dimensity 8050 5G chipset with LPDDR5 RAM and UFS 3.1 high-speed storage. It features a 6.7-inch Super Actua LTPO OLED display with 1-120Hz variable refresh rate and 2400 nits peak brightness, a versatile camera array with a 50MP primary camera with OIS, 48MP ultrawide with macro focus, and 48MP telephoto with 5x optical zoom, and a 5050mAh battery with 30W wired charging and 23W wireless charging capability.",53201,4.4,"Great value for money smartphone in this price point. Clean UI experience and fast charging makes daily usage hassle-free. On the downside, charging speed could be slightly faster compared to rivals."
,Electronics,ASUS,ROG Phone 8 Pro 5G Special Edition Variant #2203,Starlight Silver,"The Asus ROG Phone 8 Pro 5G Special Edition is an advanced gaming flagship smartphone offering optimized hardware and clean performance. Driven by the Qualcomm Snapdragon 8 Gen 3 with dedicated GameCool vapour cooling chipset with LPDDR5X RAM paired with 256GB UFS 4.0 internal storage. It features a 6.82-inch 2K 120Hz Curved LTPO AMOLED display with 4500 nits peak brightness and Dolby Vision, a versatile camera array with a 50MP Sony LYT-808 primary sensor, 64MP periscope telephoto (3x optical, 120x digital), and 48MP ultrawide with Hasselblad color tuning, and a 5400mAh dual-cell battery supported by 100W SUPERVOOC fast charging (0-100% in 26 mins) and 50W AIRVOOC wireless.",100202,4.4,"The build quality feels high-end and comfortable to hold. Photos taken with the main lens are sharp with natural color tones. However, a fast wall adapter is not included inside the box."
,Electronics,ASUS,ROG Phone 8 5G Special Edition Variant #2204,Glacier White,"The Asus ROG Phone 8 5G Special Edition is an advanced gaming flagship smartphone offering optimized hardware and clean performance. Driven by the Qualcomm Snapdragon 8 Gen 3 with dedicated GameCool vapour cooling chipset with 12GB LPDDR5X ultra-fast RAM and 256GB UFS 4.0 storage. It features a 6.78-inch 1.5K 144Hz 8T LTPO AMOLED display with 3000 nits brightness and 2160Hz PWM dimming, a versatile camera array with a 1-inch 50MP Sony LYT-900 primary camera with stepless variable aperture (f/1.63-f/4.0) co-engineered with Leica, and a 5000mAh graphite battery with 120W FlashCharge (0-100% in ~27 mins).",85203,4.4,Incredible display clarity and high refresh rate make scrolling and gaming super smooth. Charging speed is amazingly fast. Though system software comes with a few preinstalled apps that require manual uninstalling.
,Electronics,Samsung,Galaxy S24 Ultra Special Edition Variant #2205,Asteroid Black,"The Samsung Galaxy S24 Ultra Special Edition is an advanced flagship smartphone offering optimized hardware and clean performance. Driven by the Apple A17 Pro (3nm) chipset with 12GB LPDDR5X RAM with generous 512GB UFS 4.0 storage. It features a 6.67-inch 1.5K 120Hz CrystalRes AMOLED display with Dolby Vision and Gorilla Glass Victus, a versatile camera array with a 50MP 1-inch Sony IMX989 sensor with OIS, 50MP ZEISS APO Floating Telephoto with 4.3x optical zoom and ZEISS T* anti-reflective coating, and a 5500mAh dual-cell battery with 120W SUPERVOOC superfast charging.",140204,4.4,Top-notch camera setup with exceptional portrait modes and zoom capability. Software runs smooth without any stutters. Keep in mind that there is no expandable microSD card slot or 3.5mm headphone jack.
,Electronics,Samsung,Galaxy S24 Plus Special Edition Variant #2206,Ocean Cyan,"The Samsung Galaxy S24 Plus Special Edition is an advanced flagship smartphone offering optimized hardware and clean performance. Driven by the Google Tensor G3 chipset with 16GB heavy-multitasking LPDDR5X RAM and 512GB UFS 4.0 storage. It features a 6.7-inch 120Hz Flexible AMOLED screen with 1300 nits brightness and iconic transparent Glyph LED interface, a versatile camera array with a 50MP Sony LYT-808 main camera with OIS, 50MP telephoto portrait lens (2x optical zoom), and Next AI image processing, and a 5200mAh silicon-carbon high density battery with 100W wired and 66W wireless charging.",110205,4.4,"Solid battery endurance paired with rapid charging. Handles demanding mobile titles without thermal throttling. However, the camera bump on the back is quite prominent."
,Electronics,Samsung,Galaxy S24 Special Edition Variant #2207,Peach Fuzz,"The Samsung Galaxy S24 Special Edition is an advanced flagship smartphone offering optimized hardware and clean performance. Driven by the MediaTek Dimensity 9300 chipset with 16GB flagship LPDDR5X RAM paired with massive 1TB UFS 4.0 storage. It features a 6.6-inch FHD+ 120Hz Super AMOLED display with Knox Vault security and Vision Booster, a versatile camera array with a 50MP primary sensor with OIS, 50MP ultrawide with macro mode, and 64MP periscope telephoto with 3x optical zoom, and a 5500mAh heavy-duty battery with 100W SUPERVOOC charging maintaining health over 4 years.",80206,4.4,"Sleek aesthetic design that turns heads. System software is intuitive, responsive, and packed with practical AI features. Though curved display edges occasionally trigger accidental palm touches."
,Electronics,Apple,iPhone 15 Pro Max Special Edition Variant #2208,Phantom Black,"The Apple iPhone 15 Pro Max Special Edition is an advanced flagship smartphone offering optimized hardware and clean performance. Driven by the Qualcomm Snapdragon 8 Gen 3 chipset with LPDDR5 RAM and UFS 3.1 high-speed storage. It features a 6.74-inch 1.5K 120Hz Ultra Clear AMOLED with Aqua Touch wet-finger technology and 2150 nits brightness, a versatile camera array with a Dual 50MP rear camera sensors (Primary OIS + 114-degree Ultrawide) powered by Ultra XDR photography engine, and a 5000mAh battery with 90W Turbo Charge support included in the box.",180108,4.4,"Extremely satisfied with the purchase! The camera quality is outstanding, especially in low light, and the battery comfortably lasts over a day. However, the phone is slightly heavy for single-handed use."
,Electronics,Apple,iPhone 15 Pro Special Edition Variant #2209,Titanium Gray,"The Apple iPhone 15 Pro Special Edition is an advanced flagship smartphone offering optimized hardware and clean performance. Driven by the Apple A17 Pro (3nm) chipset with LPDDR5X RAM paired with 256GB UFS 4.0 internal storage. It features a 6.67-inch 1.5K 3D Curved AMOLED with 120Hz refresh rate, 1800 nits peak brightness and IP68 protection, a versatile camera array with a 200MP Samsung ISOCELL HP3 camera with OIS, 4x in-sensor lossless zoom, 8MP ultrawide, and 2MP macro lens, and a 5000mAh battery supporting 33W fast charging and 5W reverse wired charging.",145109,4.4,Blazing fast performance for daily multitasking and heavy gaming. The display is vibrant and easily readable under bright sunlight. Though the secondary ultrawide camera could be slightly better in low light.
,Electronics,Apple,iPhone 15 Plus Special Edition Variant #2210,Natural Titanium,"The Apple iPhone 15 Plus Special Edition is an advanced flagship smartphone offering optimized hardware and clean performance. Driven by the Google Tensor G3 chipset with 12GB LPDDR5X ultra-fast RAM and 256GB UFS 4.0 storage. It features a 6.8-inch QHD+ 120Hz Dynamic AMOLED 2X display with 2600 nits peak brightness and Gorilla Armor, a versatile camera array with a 200MP OIS primary sensor, 50MP periscope telephoto with 5x optical zoom, 10MP 3x telephoto, and 12MP ultrawide, and a 5000mAh battery with 45W wired fast charging, 15W wireless charging, and reverse wireless support.",100110,4.4,"Great value for money smartphone in this price point. Clean UI experience and fast charging makes daily usage hassle-free. On the downside, charging speed could be slightly faster compared to rivals."
,Electronics,Apple,iPhone 15 Special Edition Variant #2211,Oasis Green,"The Apple iPhone 15 Special Edition is an advanced flagship smartphone offering optimized hardware and clean performance. Driven by the MediaTek Dimensity 9300 chipset with 12GB LPDDR5X RAM with generous 512GB UFS 4.0 storage. It features a 6.7-inch Super Retina XDR OLED display with ProMotion 120Hz adaptive refresh rate and outdoor peak 2000 nits, a versatile camera array with a 48MP main sensor with sensor-shift OIS, 12MP 5x tetraprism optical zoom telephoto, and 12MP ultrawide, and a 4422mAh battery with MagSafe 15W wireless charging and high efficiency battery optimization.",90111,4.4,"The build quality feels high-end and comfortable to hold. Photos taken with the main lens are sharp with natural color tones. However, a fast wall adapter is not included inside the box."
,Electronics,Google,Pixel 8 Pro Special Edition Variant #2212,Midnight Blue,"The Google Pixel 8 Pro Special Edition is an advanced flagship smartphone offering optimized hardware and clean performance. Driven by the Qualcomm Snapdragon 8 Gen 3 chipset with 16GB heavy-multitasking LPDDR5X RAM and 512GB UFS 4.0 storage. It features a 6.7-inch Super Actua LTPO OLED display with 1-120Hz variable refresh rate and 2400 nits peak brightness, a versatile camera array with a 50MP primary camera with OIS, 48MP ultrawide with macro focus, and 48MP telephoto with 5x optical zoom, and a 5050mAh battery with 30W wired charging and 23W wireless charging capability.",114211,4.4,Incredible display clarity and high refresh rate make scrolling and gaming super smooth. Charging speed is amazingly fast. Though system software comes with a few preinstalled apps that require manual uninstalling.
,Electronics,Google,Pixel 8a Special Edition Variant #2213,Sunset Orange,"The Google Pixel 8a Special Edition is an advanced mid-range smartphone offering optimized hardware and clean performance. Driven by the Exynos 1480 (4nm) chipset with 16GB flagship LPDDR5X RAM paired with massive 1TB UFS 4.0 storage. It features a 6.82-inch 2K 120Hz Curved LTPO AMOLED display with 4500 nits peak brightness and Dolby Vision, a versatile camera array with a 50MP Sony LYT-808 primary sensor, 64MP periscope telephoto (3x optical, 120x digital), and 48MP ultrawide with Hasselblad color tuning, and a 5400mAh dual-cell battery supported by 100W SUPERVOOC fast charging (0-100% in 26 mins) and 50W AIRVOOC wireless.",60212,4.4,Top-notch camera setup with exceptional portrait modes and zoom capability. Software runs smooth without any stutters. Keep in mind that there is no expandable microSD card slot or 3.5mm headphone jack.
,Electronics,OnePlus,12 5G Special Edition Variant #2214,Emerald Green,"The OnePlus 12 5G Special Edition is an advanced flagship smartphone offering optimized hardware and clean performance. Driven by the Google Tensor G3 chipset with LPDDR5 RAM and UFS 3.1 high-speed storage. It features a 6.78-inch 1.5K 144Hz 8T LTPO AMOLED display with 3000 nits brightness and 2160Hz PWM dimming, a versatile camera array with a 1-inch 50MP Sony LYT-900 primary camera with stepless variable aperture (f/1.63-f/4.0) co-engineered with Leica, and a 5000mAh graphite battery with 120W FlashCharge (0-100% in ~27 mins).",70213,4.4,"Solid battery endurance paired with rapid charging. Handles demanding mobile titles without thermal throttling. However, the camera bump on the back is quite prominent."
,Electronics,OnePlus,12R 5G Special Edition Variant #2215,Starlight Silver,"The OnePlus 12R 5G Special Edition is an advanced upper mid-range smartphone offering optimized hardware and clean performance. Driven by the Qualcomm Snapdragon 7+ Gen 3 chipset with LPDDR5X RAM paired with 256GB UFS 4.0 internal storage. It features a 6.67-inch 1.5K 120Hz CrystalRes AMOLED display with Dolby Vision and Gorilla Glass Victus, a versatile camera array with a 50MP 1-inch Sony IMX989 sensor with OIS, 50MP ZEISS APO Floating Telephoto with 4.3x optical zoom and ZEISS T* anti-reflective coating, and a 5500mAh dual-cell battery with 120W SUPERVOOC superfast charging.",43214,4.4,"Sleek aesthetic design that turns heads. System software is intuitive, responsive, and packed with practical AI features. Though curved display edges occasionally trigger accidental palm touches."
,Electronics,Xiaomi,14 Ultra 5G Special Edition Variant #2216,Glacier White,"The Xiaomi 14 Ultra 5G Special Edition is an advanced flagship smartphone offering optimized hardware and clean performance. Driven by the Qualcomm Snapdragon 8 Gen 3 chipset with 12GB LPDDR5X ultra-fast RAM and 256GB UFS 4.0 storage. It features a 6.7-inch 120Hz Flexible AMOLED screen with 1300 nits brightness and iconic transparent Glyph LED interface, a versatile camera array with a 50MP Sony LYT-808 main camera with OIS, 50MP telephoto portrait lens (2x optical zoom), and Next AI image processing, and a 5200mAh silicon-carbon high density battery with 100W wired and 66W wireless charging.",110215,4.4,"Extremely satisfied with the purchase! The camera quality is outstanding, especially in low light, and the battery comfortably lasts over a day. However, the phone is slightly heavy for single-handed use."
,Electronics,Xiaomi,14 Civi Special Edition Variant #2217,Asteroid Black,"The Xiaomi 14 Civi Special Edition is an advanced upper mid-range smartphone offering optimized hardware and clean performance. Driven by the Qualcomm Snapdragon 8s Gen 3 chipset with 12GB LPDDR5X RAM with generous 512GB UFS 4.0 storage. It features a 6.6-inch FHD+ 120Hz Super AMOLED display with Knox Vault security and Vision Booster, a versatile camera array with a 50MP primary sensor with OIS, 50MP ultrawide with macro mode, and 64MP periscope telephoto with 3x optical zoom, and a 5500mAh heavy-duty battery with 100W SUPERVOOC charging maintaining health over 4 years.",48216,4.4,Blazing fast performance for daily multitasking and heavy gaming. The display is vibrant and easily readable under bright sunlight. Though the secondary ultrawide camera could be slightly better in low light.
,Electronics,Vivo,X100 Pro 5G Special Edition Variant #2218,Ocean Cyan,"The Vivo X100 Pro 5G Special Edition is an advanced flagship smartphone offering optimized hardware and clean performance. Driven by the Google Tensor G3 chipset with 16GB heavy-multitasking LPDDR5X RAM and 512GB UFS 4.0 storage. It features a 6.74-inch 1.5K 120Hz Ultra Clear AMOLED with Aqua Touch wet-finger technology and 2150 nits brightness, a versatile camera array with a Dual 50MP rear camera sensors (Primary OIS + 114-degree Ultrawide) powered by Ultra XDR photography engine, and a 5000mAh battery with 90W Turbo Charge support included in the box.",95217,4.4,"Great value for money smartphone in this price point. Clean UI experience and fast charging makes daily usage hassle-free. On the downside, charging speed could be slightly faster compared to rivals."
,Electronics,Vivo,V30 Pro 5G Special Edition Variant #2219,Peach Fuzz,"The Vivo V30 Pro 5G Special Edition is an advanced mid-range smartphone offering optimized hardware and clean performance. Driven by the Exynos 1480 (4nm) chipset with 16GB flagship LPDDR5X RAM paired with massive 1TB UFS 4.0 storage. It features a 6.67-inch 1.5K 3D Curved AMOLED with 120Hz refresh rate, 1800 nits peak brightness and IP68 protection, a versatile camera array with a 200MP Samsung ISOCELL HP3 camera with OIS, 4x in-sensor lossless zoom, 8MP ultrawide, and 2MP macro lens, and a 5000mAh battery supporting 33W fast charging and 5W reverse wired charging.",47218,4.4,"The build quality feels high-end and comfortable to hold. Photos taken with the main lens are sharp with natural color tones. However, a fast wall adapter is not included inside the box."
,Electronics,iQOO,12 5G Special Edition Variant #2220,Phantom Black,"The iQOO 12 5G Special Edition is an advanced performance flagship smartphone offering optimized hardware and clean performance. Driven by the Qualcomm Snapdragon 8 Gen 3 chipset with LPDDR5 RAM and UFS 3.1 high-speed storage. It features a 6.8-inch QHD+ 120Hz Dynamic AMOLED 2X display with 2600 nits peak brightness and Gorilla Armor, a versatile camera array with a 200MP OIS primary sensor, 50MP periscope telephoto with 5x optical zoom, 10MP 3x telephoto, and 12MP ultrawide, and a 5000mAh battery with 45W wired fast charging, 15W wireless charging, and reverse wireless support.",58219,4.4,Incredible display clarity and high refresh rate make scrolling and gaming super smooth. Charging speed is amazingly fast. Though system software comes with a few preinstalled apps that require manual uninstalling.
,Electronics,iQOO,Neo 9 Pro 5G Special Edition Variant #2221,Titanium Gray,"The iQOO Neo 9 Pro 5G Special Edition is an advanced performance mid-range smartphone offering optimized hardware and clean performance. Driven by the Qualcomm Snapdragon 7+ Gen 3 chipset with LPDDR5X RAM paired with 256GB UFS 4.0 internal storage. It features a 6.7-inch Super Retina XDR OLED display with ProMotion 120Hz adaptive refresh rate and outdoor peak 2000 nits, a versatile camera array with a 48MP main sensor with sensor-shift OIS, 12MP 5x tetraprism optical zoom telephoto, and 12MP ultrawide, and a 4422mAh battery with MagSafe 15W wireless charging and high efficiency battery optimization.",38220,4.4,Top-notch camera setup with exceptional portrait modes and zoom capability. Software runs smooth without any stutters. Keep in mind that there is no expandable microSD card slot or 3.5mm headphone jack.
,Electronics,Realme,GT 6 5G Special Edition Variant #2222,Natural Titanium,"The Realme GT 6 5G Special Edition is an advanced upper mid-range smartphone offering optimized hardware and clean performance. Driven by the MediaTek Dimensity 8300 Ultra chipset with 12GB LPDDR5X ultra-fast RAM and 256GB UFS 4.0 storage. It features a 6.7-inch Super Actua LTPO OLED display with 1-120Hz variable refresh rate and 2400 nits peak brightness, a versatile camera array with a 50MP primary camera with OIS, 48MP ultrawide with macro focus, and 48MP telephoto with 5x optical zoom, and a 5050mAh battery with 30W wired charging and 23W wireless charging capability.",43221,4.4,"Solid battery endurance paired with rapid charging. Handles demanding mobile titles without thermal throttling. However, the camera bump on the back is quite prominent."
,Electronics,Realme,GT 6T 5G Special Edition Variant #2223,Oasis Green,"The Realme GT 6T 5G Special Edition is an advanced mid-range smartphone offering optimized hardware and clean performance. Driven by the Qualcomm Snapdragon 7 Gen 3 chipset with 12GB LPDDR5X RAM with generous 512GB UFS 4.0 storage. It features a 6.82-inch 2K 120Hz Curved LTPO AMOLED display with 4500 nits peak brightness and Dolby Vision, a versatile camera array with a 50MP Sony LYT-808 primary sensor, 64MP periscope telephoto (3x optical, 120x digital), and 48MP ultrawide with Hasselblad color tuning, and a 5400mAh dual-cell battery supported by 100W SUPERVOOC fast charging (0-100% in 26 mins) and 50W AIRVOOC wireless.",33222,4.4,"Sleek aesthetic design that turns heads. System software is intuitive, responsive, and packed with practical AI features. Though curved display edges occasionally trigger accidental palm touches."
,Electronics,Motorola,Edge 50 Ultra Special Edition Variant #2224,Midnight Blue,"The Motorola Edge 50 Ultra Special Edition is an advanced flagship smartphone offering optimized hardware and clean performance. Driven by the Qualcomm Snapdragon 8 Gen 3 chipset with 16GB heavy-multitasking LPDDR5X RAM and 512GB UFS 4.0 storage. It features a 6.78-inch 1.5K 144Hz 8T LTPO AMOLED display with 3000 nits brightness and 2160Hz PWM dimming, a versatile camera array with a 1-inch 50MP Sony LYT-900 primary camera with stepless variable aperture (f/1.63-f/4.0) co-engineered with Leica, and a 5000mAh graphite battery with 120W FlashCharge (0-100% in ~27 mins).",65223,4.4,"Extremely satisfied with the purchase! The camera quality is outstanding, especially in low light, and the battery comfortably lasts over a day. However, the phone is slightly heavy for single-handed use."
,Electronics,Motorola,Edge 50 Pro Special Edition Variant #2225,Sunset Orange,"The Motorola Edge 50 Pro Special Edition is an advanced mid-range smartphone offering optimized hardware and clean performance. Driven by the Exynos 1480 (4nm) chipset with 16GB flagship LPDDR5X RAM paired with massive 1TB UFS 4.0 storage. It features a 6.67-inch 1.5K 120Hz CrystalRes AMOLED display with Dolby Vision and Gorilla Glass Victus, a versatile camera array with a 50MP 1-inch Sony IMX989 sensor with OIS, 50MP ZEISS APO Floating Telephoto with 4.3x optical zoom and ZEISS T* anti-reflective coating, and a 5500mAh dual-cell battery with 120W SUPERVOOC superfast charging.",36224,4.4,Blazing fast performance for daily multitasking and heavy gaming. The display is vibrant and easily readable under bright sunlight. Though the secondary ultrawide camera could be slightly better in low light.
,Electronics,Motorola,Edge 50 Fusion Special Edition Variant #2226,Emerald Green,"The Motorola Edge 50 Fusion Special Edition is an advanced budget mid-range smartphone offering optimized hardware and clean performance. Driven by the Qualcomm Snapdragon 6 Gen 1 chipset with LPDDR5 RAM and UFS 3.1 high-speed storage. It features a 6.7-inch 120Hz Flexible AMOLED screen with 1300 nits brightness and iconic transparent Glyph LED interface, a versatile camera array with a 50MP Sony LYT-808 main camera with OIS, 50MP telephoto portrait lens (2x optical zoom), and Next AI image processing, and a 5200mAh silicon-carbon high density battery with 100W wired and 66W wireless charging.",25225,4.4,"Great value for money smartphone in this price point. Clean UI experience and fast charging makes daily usage hassle-free. On the downside, charging speed could be slightly faster compared to rivals."
,Electronics,Nothing,Phone  Special Edition Variant #2227,2,"The Nothing Phone (2) Special Edition is an advanced upper mid-range smartphone offering optimized hardware and clean performance. Driven by the Qualcomm Snapdragon 7+ Gen 3 chipset with LPDDR5X RAM paired with 256GB UFS 4.0 internal storage. It features a 6.6-inch FHD+ 120Hz Super AMOLED display with Knox Vault security and Vision Booster, a versatile camera array with a 50MP primary sensor with OIS, 50MP ultrawide with macro mode, and 64MP periscope telephoto with 3x optical zoom, and a 5500mAh heavy-duty battery with 100W SUPERVOOC charging maintaining health over 4 years.",40226,4.4,"The build quality feels high-end and comfortable to hold. Photos taken with the main lens are sharp with natural color tones. However, a fast wall adapter is not included inside the box."
,Electronics,Nothing,Phone  Special Edition Variant #2228,2a,"The Nothing Phone (2a) Special Edition is an advanced budget mid-range smartphone offering optimized hardware and clean performance. Driven by the Snapdragon 7s Gen 2 chipset with 12GB LPDDR5X ultra-fast RAM and 256GB UFS 4.0 storage. It features a 6.74-inch 1.5K 120Hz Ultra Clear AMOLED with Aqua Touch wet-finger technology and 2150 nits brightness, a versatile camera array with a Dual 50MP rear camera sensors (Primary OIS + 114-degree Ultrawide) powered by Ultra XDR photography engine, and a 5000mAh battery with 90W Turbo Charge support included in the box.",26227,4.4,Incredible display clarity and high refresh rate make scrolling and gaming super smooth. Charging speed is amazingly fast. Though system software comes with a few preinstalled apps that require manual uninstalling.
,Electronics,POCO,F6 Pro 5G Special Edition Variant #2229,Asteroid Black,"The Poco F6 Pro 5G Special Edition is an advanced performance mid-range smartphone offering optimized hardware and clean performance. Driven by the Qualcomm Snapdragon 8 Gen 2 chipset with 12GB LPDDR5X RAM with generous 512GB UFS 4.0 storage. It features a 6.67-inch 1.5K 3D Curved AMOLED with 120Hz refresh rate, 1800 nits peak brightness and IP68 protection, a versatile camera array with a 200MP Samsung ISOCELL HP3 camera with OIS, 4x in-sensor lossless zoom, 8MP ultrawide, and 2MP macro lens, and a 5000mAh battery supporting 33W fast charging and 5W reverse wired charging.",42228,4.4,Top-notch camera setup with exceptional portrait modes and zoom capability. Software runs smooth without any stutters. Keep in mind that there is no expandable microSD card slot or 3.5mm headphone jack.
,Electronics,POCO,F6 5G Special Edition Variant #2230,Ocean Cyan,"The Poco F6 5G Special Edition is an advanced performance budget smartphone offering optimized hardware and clean performance. Driven by the Qualcomm Snapdragon 8s Gen 3 chipset with 16GB heavy-multitasking LPDDR5X RAM and 512GB UFS 4.0 storage. It features a 6.8-inch QHD+ 120Hz Dynamic AMOLED 2X display with 2600 nits peak brightness and Gorilla Armor, a versatile camera array with a 200MP OIS primary sensor, 50MP periscope telephoto with 5x optical zoom, 10MP 3x telephoto, and 12MP ultrawide, and a 5000mAh battery with 45W wired fast charging, 15W wireless charging, and reverse wireless support.",32229,4.4,"Solid battery endurance paired with rapid charging. Handles demanding mobile titles without thermal throttling. However, the camera bump on the back is quite prominent."
,Electronics,POCO,X6 Pro 5G Special Edition Variant #2231,Peach Fuzz,"The Poco X6 Pro 5G Special Edition is an advanced performance budget smartphone offering optimized hardware and clean performance. Driven by the MediaTek Dimensity 8300 Ultra chipset with 16GB flagship LPDDR5X RAM paired with massive 1TB UFS 4.0 storage. It features a 6.7-inch Super Retina XDR OLED display with ProMotion 120Hz adaptive refresh rate and outdoor peak 2000 nits, a versatile camera array with a 48MP main sensor with sensor-shift OIS, 12MP 5x tetraprism optical zoom telephoto, and 12MP ultrawide, and a 4422mAh battery with MagSafe 15W wireless charging and high efficiency battery optimization.",27230,4.4,"Sleek aesthetic design that turns heads. System software is intuitive, responsive, and packed with practical AI features. Though curved display edges occasionally trigger accidental palm touches."
,Electronics,Samsung,Galaxy A55 5G Special Edition Variant #2232,Phantom Black,"The Samsung Galaxy A55 5G Special Edition is an advanced mid-range smartphone offering optimized hardware and clean performance. Driven by the Qualcomm Snapdragon 7 Gen 3 chipset with LPDDR5 RAM and UFS 3.1 high-speed storage. It features a 6.7-inch Super Actua LTPO OLED display with 1-120Hz variable refresh rate and 2400 nits peak brightness, a versatile camera array with a 50MP primary camera with OIS, 48MP ultrawide with macro focus, and 48MP telephoto with 5x optical zoom, and a 5050mAh battery with 30W wired charging and 23W wireless charging capability.",43231,4.4,"Extremely satisfied with the purchase! The camera quality is outstanding, especially in low light, and the battery comfortably lasts over a day. However, the phone is slightly heavy for single-handed use."
,Electronics,Samsung,Galaxy A35 5G Special Edition Variant #2233,Titanium Gray,"The Samsung Galaxy A35 5G Special Edition is an advanced budget mid-range smartphone offering optimized hardware and clean performance. Driven by the MediaTek Dimensity 7050 chipset with LPDDR5X RAM paired with 256GB UFS 4.0 internal storage. It features a 6.82-inch 2K 120Hz Curved LTPO AMOLED display with 4500 nits peak brightness and Dolby Vision, a versatile camera array with a 50MP Sony LYT-808 primary sensor, 64MP periscope telephoto (3x optical, 120x digital), and 48MP ultrawide with Hasselblad color tuning, and a 5400mAh dual-cell battery supported by 100W SUPERVOOC fast charging (0-100% in 26 mins) and 50W AIRVOOC wireless.",31232,4.4,Blazing fast performance for daily multitasking and heavy gaming. The display is vibrant and easily readable under bright sunlight. Though the secondary ultrawide camera could be slightly better in low light.
,Electronics,Samsung,Galaxy M55 5G Special Edition Variant #2234,Natural Titanium,"The Samsung Galaxy M55 5G Special Edition is an advanced budget mid-range smartphone offering optimized hardware and clean performance. Driven by the Snapdragon 7s Gen 2 chipset with 12GB LPDDR5X ultra-fast RAM and 256GB UFS 4.0 storage. It features a 6.78-inch 1.5K 144Hz 8T LTPO AMOLED display with 3000 nits brightness and 2160Hz PWM dimming, a versatile camera array with a 1-inch 50MP Sony LYT-900 primary camera with stepless variable aperture (f/1.63-f/4.0) co-engineered with Leica, and a 5000mAh graphite battery with 120W FlashCharge (0-100% in ~27 mins).",27233,4.4,"Great value for money smartphone in this price point. Clean UI experience and fast charging makes daily usage hassle-free. On the downside, charging speed could be slightly faster compared to rivals."
,Electronics,OnePlus,Nord 4 5G Special Edition Variant #2235,Oasis Green,"The OnePlus Nord 4 5G Special Edition is an advanced mid-range smartphone offering optimized hardware and clean performance. Driven by the Qualcomm Snapdragon 7 Gen 3 chipset with 12GB LPDDR5X RAM with generous 512GB UFS 4.0 storage. It features a 6.67-inch 1.5K 120Hz CrystalRes AMOLED display with Dolby Vision and Gorilla Glass Victus, a versatile camera array with a 50MP 1-inch Sony IMX989 sensor with OIS, 50MP ZEISS APO Floating Telephoto with 4.3x optical zoom and ZEISS T* anti-reflective coating, and a 5500mAh dual-cell battery with 120W SUPERVOOC superfast charging.",33234,4.4,"The build quality feels high-end and comfortable to hold. Photos taken with the main lens are sharp with natural color tones. However, a fast wall adapter is not included inside the box."
,Electronics,OnePlus,Nord CE 4 5G Special Edition Variant #2236,Midnight Blue,"The OnePlus Nord CE 4 5G Special Edition is an advanced budget mid-range smartphone offering optimized hardware and clean performance. Driven by the MediaTek Dimensity 7050 chipset with 16GB heavy-multitasking LPDDR5X RAM and 512GB UFS 4.0 storage. It features a 6.7-inch 120Hz Flexible AMOLED screen with 1300 nits brightness and iconic transparent Glyph LED interface, a versatile camera array with a 50MP Sony LYT-808 main camera with OIS, 50MP telephoto portrait lens (2x optical zoom), and Next AI image processing, and a 5200mAh silicon-carbon high density battery with 100W wired and 66W wireless charging.",27235,4.4,Incredible display clarity and high refresh rate make scrolling and gaming super smooth. Charging speed is amazingly fast. Though system software comes with a few preinstalled apps that require manual uninstalling.
,Electronics,Redmi,Note 13 Pro+ 5G Special Edition Variant #2237,Sunset Orange,"The Redmi Note 13 Pro+ 5G Special Edition is an advanced mid-range smartphone offering optimized hardware and clean performance. Driven by the Exynos 1480 (4nm) chipset with 16GB flagship LPDDR5X RAM paired with massive 1TB UFS 4.0 storage. It features a 6.6-inch FHD+ 120Hz Super AMOLED display with Knox Vault security and Vision Booster, a versatile camera array with a 50MP primary sensor with OIS, 50MP ultrawide with macro mode, and 64MP periscope telephoto with 3x optical zoom, and a 5500mAh heavy-duty battery with 100W SUPERVOOC charging maintaining health over 4 years.",34236,4.4,Top-notch camera setup with exceptional portrait modes and zoom capability. Software runs smooth without any stutters. Keep in mind that there is no expandable microSD card slot or 3.5mm headphone jack.
,Electronics,Redmi,Note 13 Pro 5G Special Edition Variant #2238,Emerald Green,"The Redmi Note 13 Pro 5G Special Edition is an advanced budget mid-range smartphone offering optimized hardware and clean performance. Driven by the Qualcomm Snapdragon 6 Gen 1 chipset with LPDDR5 RAM and UFS 3.1 high-speed storage. It features a 6.74-inch 1.5K 120Hz Ultra Clear AMOLED with Aqua Touch wet-finger technology and 2150 nits brightness, a versatile camera array with a Dual 50MP rear camera sensors (Primary OIS + 114-degree Ultrawide) powered by Ultra XDR photography engine, and a 5000mAh battery with 90W Turbo Charge support included in the box.",27237,4.4,"Solid battery endurance paired with rapid charging. Handles demanding mobile titles without thermal throttling. However, the camera bump on the back is quite prominent."
,Electronics,Redmi,Note 13 5G Special Edition Variant #2239,Starlight Silver,"The Redmi Note 13 5G Special Edition is an advanced budget smartphone offering optimized hardware and clean performance. Driven by the Qualcomm Snapdragon 695 5G chipset with LPDDR5X RAM paired with 256GB UFS 4.0 internal storage. It features a 6.67-inch 1.5K 3D Curved AMOLED with 120Hz refresh rate, 1800 nits peak brightness and IP68 protection, a versatile camera array with a 200MP Samsung ISOCELL HP3 camera with OIS, 4x in-sensor lossless zoom, 8MP ultrawide, and 2MP macro lens, and a 5000mAh battery supporting 33W fast charging and 5W reverse wired charging.",19238,4.4,"Sleek aesthetic design that turns heads. System software is intuitive, responsive, and packed with practical AI features. Though curved display edges occasionally trigger accidental palm touches."
,Electronics,Honor,200 Pro 5G Special Edition Variant #2240,Glacier White,"The Honor 200 Pro 5G Special Edition is an advanced upper mid-range smartphone offering optimized hardware and clean performance. Driven by the MediaTek Dimensity 8300 Ultra chipset with 12GB LPDDR5X ultra-fast RAM and 256GB UFS 4.0 storage. It features a 6.8-inch QHD+ 120Hz Dynamic AMOLED 2X display with 2600 nits peak brightness and Gorilla Armor, a versatile camera array with a 200MP OIS primary sensor, 50MP periscope telephoto with 5x optical zoom, 10MP 3x telephoto, and 12MP ultrawide, and a 5000mAh battery with 45W wired fast charging, 15W wireless charging, and reverse wireless support.",62239,4.4,"Extremely satisfied with the purchase! The camera quality is outstanding, especially in low light, and the battery comfortably lasts over a day. However, the phone is slightly heavy for single-handed use."
,Electronics,Honor,200 5G Special Edition Variant #2241,Asteroid Black,"The Honor 200 5G Special Edition is an advanced mid-range smartphone offering optimized hardware and clean performance. Driven by the Qualcomm Snapdragon 7 Gen 3 chipset with 12GB LPDDR5X RAM with generous 512GB UFS 4.0 storage. It features a 6.7-inch Super Retina XDR OLED display with ProMotion 120Hz adaptive refresh rate and outdoor peak 2000 nits, a versatile camera array with a 48MP main sensor with sensor-shift OIS, 12MP 5x tetraprism optical zoom telephoto, and 12MP ultrawide, and a 4422mAh battery with MagSafe 15W wireless charging and high efficiency battery optimization.",38240,4.4,Blazing fast performance for daily multitasking and heavy gaming. The display is vibrant and easily readable under bright sunlight. Though the secondary ultrawide camera could be slightly better in low light.
,Electronics,Nothing,CMF by  Phone 1 Special Edition Variant #2242,Ocean Cyan,"The CMF by Nothing Phone 1 Special Edition is an advanced budget smartphone offering optimized hardware and clean performance. Driven by the Qualcomm Snapdragon 695 5G chipset with 16GB heavy-multitasking LPDDR5X RAM and 512GB UFS 4.0 storage. It features a 6.7-inch Super Actua LTPO OLED display with 1-120Hz variable refresh rate and 2400 nits peak brightness, a versatile camera array with a 50MP primary camera with OIS, 48MP ultrawide with macro focus, and 48MP telephoto with 5x optical zoom, and a 5050mAh battery with 30W wired charging and 23W wireless charging capability.",18241,4.4,"Great value for money smartphone in this price point. Clean UI experience and fast charging makes daily usage hassle-free. On the downside, charging speed could be slightly faster compared to rivals."
,Electronics,Realme,12 Pro+ 5G Special Edition Variant #2243,Peach Fuzz,"The Realme 12 Pro+ 5G Special Edition is an advanced mid-range smartphone offering optimized hardware and clean performance. Driven by the Exynos 1480 (4nm) chipset with 16GB flagship LPDDR5X RAM paired with massive 1TB UFS 4.0 storage. It features a 6.82-inch 2K 120Hz Curved LTPO AMOLED display with 4500 nits peak brightness and Dolby Vision, a versatile camera array with a 50MP Sony LYT-808 primary sensor, 64MP periscope telephoto (3x optical, 120x digital), and 48MP ultrawide with Hasselblad color tuning, and a 5400mAh dual-cell battery supported by 100W SUPERVOOC fast charging (0-100% in 26 mins) and 50W AIRVOOC wireless.",32242,4.4,"The build quality feels high-end and comfortable to hold. Photos taken with the main lens are sharp with natural color tones. However, a fast wall adapter is not included inside the box."
,Electronics,Realme,P1 Pro 5G Special Edition Variant #2244,Phantom Black,"The Realme P1 Pro 5G Special Edition is an advanced budget smartphone offering optimized hardware and clean performance. Driven by the MediaTek Dimensity 7300 5G chipset with LPDDR5 RAM and UFS 3.1 high-speed storage. It features a 6.78-inch 1.5K 144Hz 8T LTPO AMOLED display with 3000 nits brightness and 2160Hz PWM dimming, a versatile camera array with a 1-inch 50MP Sony LYT-900 primary camera with stepless variable aperture (f/1.63-f/4.0) co-engineered with Leica, and a 5000mAh graphite battery with 120W FlashCharge (0-100% in ~27 mins).",22243,4.4,Incredible display clarity and high refresh rate make scrolling and gaming super smooth. Charging speed is amazingly fast. Though system software comes with a few preinstalled apps that require manual uninstalling.
,Electronics,Vivo,T3 Pro 5G Special Edition Variant #2245,Titanium Gray,"The Vivo T3 Pro 5G Special Edition is an advanced budget mid-range smartphone offering optimized hardware and clean performance. Driven by the MediaTek Dimensity 7050 chipset with LPDDR5X RAM paired with 256GB UFS 4.0 internal storage. It features a 6.67-inch 1.5K 120Hz CrystalRes AMOLED display with Dolby Vision and Gorilla Glass Victus, a versatile camera array with a 50MP 1-inch Sony IMX989 sensor with OIS, 50MP ZEISS APO Floating Telephoto with 4.3x optical zoom and ZEISS T* anti-reflective coating, and a 5500mAh dual-cell battery with 120W SUPERVOOC superfast charging.",27244,4.4,Top-notch camera setup with exceptional portrait modes and zoom capability. Software runs smooth without any stutters. Keep in mind that there is no expandable microSD card slot or 3.5mm headphone jack.
,Electronics,iQOO,Z9 Turbo 5G Special Edition Variant #2246,Natural Titanium,"The iQOO Z9 Turbo 5G Special Edition is an advanced budget mid-range smartphone offering optimized hardware and clean performance. Driven by the Snapdragon 7s Gen 2 chipset with 12GB LPDDR5X ultra-fast RAM and 256GB UFS 4.0 storage. It features a 6.7-inch 120Hz Flexible AMOLED screen with 1300 nits brightness and iconic transparent Glyph LED interface, a versatile camera array with a 50MP Sony LYT-808 main camera with OIS, 50MP telephoto portrait lens (2x optical zoom), and Next AI image processing, and a 5200mAh silicon-carbon high density battery with 100W wired and 66W wireless charging.",24245,4.4,"Solid battery endurance paired with rapid charging. Handles demanding mobile titles without thermal throttling. However, the camera bump on the back is quite prominent."
,Electronics,Samsung,Galaxy Z Fold 5 5G Special Edition Variant #2247,Oasis Green,"The Samsung Galaxy Z Fold 5 5G Special Edition is an advanced foldable flagship smartphone offering optimized hardware and clean performance. Driven by the Qualcomm Snapdragon 8 Gen 3 chipset with 12GB LPDDR5X RAM with generous 512GB UFS 4.0 storage. It features a 6.6-inch FHD+ 120Hz Super AMOLED display with Knox Vault security and Vision Booster, a versatile camera array with a 50MP primary sensor with OIS, 50MP ultrawide with macro mode, and 64MP periscope telephoto with 3x optical zoom, and a 5500mAh heavy-duty battery with 100W SUPERVOOC charging maintaining health over 4 years.",165246,4.4,"Sleek aesthetic design that turns heads. System software is intuitive, responsive, and packed with practical AI features. Though curved display edges occasionally trigger accidental palm touches."
,Electronics,Samsung,Galaxy Z Flip 5 5G Special Edition Variant #2248,Midnight Blue,"The Samsung Galaxy Z Flip 5 5G Special Edition is an advanced foldable flagship smartphone offering optimized hardware and clean performance. Driven by the Qualcomm Snapdragon 8 Gen 2 chipset with 16GB heavy-multitasking LPDDR5X RAM and 512GB UFS 4.0 storage. It features a 6.74-inch 1.5K 120Hz Ultra Clear AMOLED with Aqua Touch wet-finger technology and 2150 nits brightness, a versatile camera array with a Dual 50MP rear camera sensors (Primary OIS + 114-degree Ultrawide) powered by Ultra XDR photography engine, and a 5000mAh battery with 90W Turbo Charge support included in the box.",110247,4.4,"Extremely satisfied with the purchase! The camera quality is outstanding, especially in low light, and the battery comfortably lasts over a day. However, the phone is slightly heavy for single-handed use."
,Electronics,Motorola,Razr 50 Ultra 5G Special Edition Variant #2249,Sunset Orange,"The Motorola Razr 50 Ultra 5G Special Edition is an advanced foldable flagship smartphone offering optimized hardware and clean performance. Driven by the MediaTek Dimensity 9000+ chipset with 16GB flagship LPDDR5X RAM paired with massive 1TB UFS 4.0 storage. It features a 6.67-inch 1.5K 3D Curved AMOLED with 120Hz refresh rate, 1800 nits peak brightness and IP68 protection, a versatile camera array with a 200MP Samsung ISOCELL HP3 camera with OIS, 4x in-sensor lossless zoom, 8MP ultrawide, and 2MP macro lens, and a 5000mAh battery supporting 33W fast charging and 5W reverse wired charging.",95248,4.4,Blazing fast performance for daily multitasking and heavy gaming. The display is vibrant and easily readable under bright sunlight. Though the secondary ultrawide camera could be slightly better in low light.
,Electronics,Tecno,Phantom V Fold 5G Special Edition Variant #2250,Emerald Green,"The Tecno Phantom V Fold 5G Special Edition is an advanced foldable flagship smartphone offering optimized hardware and clean performance. Driven by the Qualcomm Snapdragon 8 Gen 3 chipset with LPDDR5 RAM and UFS 3.1 high-speed storage. It features a 6.8-inch QHD+ 120Hz Dynamic AMOLED 2X display with 2600 nits peak brightness and Gorilla Armor, a versatile camera array with a 200MP OIS primary sensor, 50MP periscope telephoto with 5x optical zoom, 10MP 3x telephoto, and 12MP ultrawide, and a 5000mAh battery with 45W wired fast charging, 15W wireless charging, and reverse wireless support.",75249,4.4,"Great value for money smartphone in this price point. Clean UI experience and fast charging makes daily usage hassle-free. On the downside, charging speed could be slightly faster compared to rivals."
,Electronics,Tecno,Phantom V Flip 5G Special Edition Variant #2251,Starlight Silver,"The Tecno Phantom V Flip 5G Special Edition is an advanced foldable mid-range smartphone offering optimized hardware and clean performance. Driven by the MediaTek Dimensity 8050 5G chipset with LPDDR5X RAM paired with 256GB UFS 4.0 internal storage. It features a 6.7-inch Super Retina XDR OLED display with ProMotion 120Hz adaptive refresh rate and outdoor peak 2000 nits, a versatile camera array with a 48MP main sensor with sensor-shift OIS, 12MP 5x tetraprism optical zoom telephoto, and 12MP ultrawide, and a 4422mAh battery with MagSafe 15W wireless charging and high efficiency battery optimization.",53250,4.4,"The build quality feels high-end and comfortable to hold. Photos taken with the main lens are sharp with natural color tones. However, a fast wall adapter is not included inside the box."
,Electronics,ASUS,ROG Phone 8 Pro 5G Special Edition Variant #2252,Glacier White,"The Asus ROG Phone 8 Pro 5G Special Edition is an advanced gaming flagship smartphone offering optimized hardware and clean performance. Driven by the Qualcomm Snapdragon 8 Gen 3 with dedicated GameCool vapour cooling chipset with 12GB LPDDR5X ultra-fast RAM and 256GB UFS 4.0 storage. It features a 6.7-inch Super Actua LTPO OLED display with 1-120Hz variable refresh rate and 2400 nits peak brightness, a versatile camera array with a 50MP primary camera with OIS, 48MP ultrawide with macro focus, and 48MP telephoto with 5x optical zoom, and a 5050mAh battery with 30W wired charging and 23W wireless charging capability.",100251,4.4,Incredible display clarity and high refresh rate make scrolling and gaming super smooth. Charging speed is amazingly fast. Though system software comes with a few preinstalled apps that require manual uninstalling.
,Electronics,ASUS,ROG Phone 8 5G Special Edition Variant #2253,Asteroid Black,"The Asus ROG Phone 8 5G Special Edition is an advanced gaming flagship smartphone offering optimized hardware and clean performance. Driven by the Qualcomm Snapdragon 8 Gen 3 with dedicated GameCool vapour cooling chipset with 12GB LPDDR5X RAM with generous 512GB UFS 4.0 storage. It features a 6.82-inch 2K 120Hz Curved LTPO AMOLED display with 4500 nits peak brightness and Dolby Vision, a versatile camera array with a 50MP Sony LYT-808 primary sensor, 64MP periscope telephoto (3x optical, 120x digital), and 48MP ultrawide with Hasselblad color tuning, and a 5400mAh dual-cell battery supported by 100W SUPERVOOC fast charging (0-100% in 26 mins) and 50W AIRVOOC wireless.",85252,4.4,Top-notch camera setup with exceptional portrait modes and zoom capability. Software runs smooth without any stutters. Keep in mind that there is no expandable microSD card slot or 3.5mm headphone jack.
,Electronics,Samsung,Galaxy S24 Ultra Special Edition Variant #2254,Ocean Cyan,"The Samsung Galaxy S24 Ultra Special Edition is an advanced flagship smartphone offering optimized hardware and clean performance. Driven by the Google Tensor G3 chipset with 16GB heavy-multitasking LPDDR5X RAM and 512GB UFS 4.0 storage. It features a 6.78-inch 1.5K 144Hz 8T LTPO AMOLED display with 3000 nits brightness and 2160Hz PWM dimming, a versatile camera array with a 1-inch 50MP Sony LYT-900 primary camera with stepless variable aperture (f/1.63-f/4.0) co-engineered with Leica, and a 5000mAh graphite battery with 120W FlashCharge (0-100% in ~27 mins).",140253,4.4,"Solid battery endurance paired with rapid charging. Handles demanding mobile titles without thermal throttling. However, the camera bump on the back is quite prominent."
,Electronics,Samsung,Galaxy S24 Plus Special Edition Variant #2255,Peach Fuzz,"The Samsung Galaxy S24 Plus Special Edition is an advanced flagship smartphone offering optimized hardware and clean performance. Driven by the MediaTek Dimensity 9300 chipset with 16GB flagship LPDDR5X RAM paired with massive 1TB UFS 4.0 storage. It features a 6.67-inch 1.5K 120Hz CrystalRes AMOLED display with Dolby Vision and Gorilla Glass Victus, a versatile camera array with a 50MP 1-inch Sony IMX989 sensor with OIS, 50MP ZEISS APO Floating Telephoto with 4.3x optical zoom and ZEISS T* anti-reflective coating, and a 5500mAh dual-cell battery with 120W SUPERVOOC superfast charging.",110254,4.4,"Sleek aesthetic design that turns heads. System software is intuitive, responsive, and packed with practical AI features. Though curved display edges occasionally trigger accidental palm touches."
,Electronics,Samsung,Galaxy S24 Special Edition Variant #2256,Phantom Black,"The Samsung Galaxy S24 Special Edition is an advanced flagship smartphone offering optimized hardware and clean performance. Driven by the Qualcomm Snapdragon 8 Gen 3 chipset with LPDDR5 RAM and UFS 3.1 high-speed storage. It features a 6.7-inch 120Hz Flexible AMOLED screen with 1300 nits brightness and iconic transparent Glyph LED interface, a versatile camera array with a 50MP Sony LYT-808 main camera with OIS, 50MP telephoto portrait lens (2x optical zoom), and Next AI image processing, and a 5200mAh silicon-carbon high density battery with 100W wired and 66W wireless charging.",80255,4.4,"Extremely satisfied with the purchase! The camera quality is outstanding, especially in low light, and the battery comfortably lasts over a day. However, the phone is slightly heavy for single-handed use."
,Electronics,Apple,iPhone 15 Pro Max Special Edition Variant #2257,Titanium Gray,"The Apple iPhone 15 Pro Max Special Edition is an advanced flagship smartphone offering optimized hardware and clean performance. Driven by the Apple A17 Pro (3nm) chipset with LPDDR5X RAM paired with 256GB UFS 4.0 internal storage. It features a 6.6-inch FHD+ 120Hz Super AMOLED display with Knox Vault security and Vision Booster, a versatile camera array with a 50MP primary sensor with OIS, 50MP ultrawide with macro mode, and 64MP periscope telephoto with 3x optical zoom, and a 5500mAh heavy-duty battery with 100W SUPERVOOC charging maintaining health over 4 years.",180157,4.4,Blazing fast performance for daily multitasking and heavy gaming. The display is vibrant and easily readable under bright sunlight. Though the secondary ultrawide camera could be slightly better in low light.
,Electronics,Apple,iPhone 15 Pro Special Edition Variant #2258,Natural Titanium,"The Apple iPhone 15 Pro Special Edition is an advanced flagship smartphone offering optimized hardware and clean performance. Driven by the Google Tensor G3 chipset with 12GB LPDDR5X ultra-fast RAM and 256GB UFS 4.0 storage. It features a 6.74-inch 1.5K 120Hz Ultra Clear AMOLED with Aqua Touch wet-finger technology and 2150 nits brightness, a versatile camera array with a Dual 50MP rear camera sensors (Primary OIS + 114-degree Ultrawide) powered by Ultra XDR photography engine, and a 5000mAh battery with 90W Turbo Charge support included in the box.",145158,4.4,"Great value for money smartphone in this price point. Clean UI experience and fast charging makes daily usage hassle-free. On the downside, charging speed could be slightly faster compared to rivals."
,Electronics,Apple,iPhone 15 Plus Special Edition Variant #2259,Oasis Green,"The Apple iPhone 15 Plus Special Edition is an advanced flagship smartphone offering optimized hardware and clean performance. Driven by the MediaTek Dimensity 9300 chipset with 12GB LPDDR5X RAM with generous 512GB UFS 4.0 storage. It features a 6.67-inch 1.5K 3D Curved AMOLED with 120Hz refresh rate, 1800 nits peak brightness and IP68 protection, a versatile camera array with a 200MP Samsung ISOCELL HP3 camera with OIS, 4x in-sensor lossless zoom, 8MP ultrawide, and 2MP macro lens, and a 5000mAh battery supporting 33W fast charging and 5W reverse wired charging.",100159,4.4,"The build quality feels high-end and comfortable to hold. Photos taken with the main lens are sharp with natural color tones. However, a fast wall adapter is not included inside the box."
,Electronics,Apple,iPhone 15 Special Edition Variant #2260,Midnight Blue,"The Apple iPhone 15 Special Edition is an advanced flagship smartphone offering optimized hardware and clean performance. Driven by the Qualcomm Snapdragon 8 Gen 3 chipset with 16GB heavy-multitasking LPDDR5X RAM and 512GB UFS 4.0 storage. It features a 6.8-inch QHD+ 120Hz Dynamic AMOLED 2X display with 2600 nits peak brightness and Gorilla Armor, a versatile camera array with a 200MP OIS primary sensor, 50MP periscope telephoto with 5x optical zoom, 10MP 3x telephoto, and 12MP ultrawide, and a 5000mAh battery with 45W wired fast charging, 15W wireless charging, and reverse wireless support.",90160,4.4,Incredible display clarity and high refresh rate make scrolling and gaming super smooth. Charging speed is amazingly fast. Though system software comes with a few preinstalled apps that require manual uninstalling.
,Electronics,Google,Pixel 8 Pro Special Edition Variant #2261,Sunset Orange,"The Google Pixel 8 Pro Special Edition is an advanced flagship smartphone offering optimized hardware and clean performance. Driven by the Apple A17 Pro (3nm) chipset with 16GB flagship LPDDR5X RAM paired with massive 1TB UFS 4.0 storage. It features a 6.7-inch Super Retina XDR OLED display with ProMotion 120Hz adaptive refresh rate and outdoor peak 2000 nits, a versatile camera array with a 48MP main sensor with sensor-shift OIS, 12MP 5x tetraprism optical zoom telephoto, and 12MP ultrawide, and a 4422mAh battery with MagSafe 15W wireless charging and high efficiency battery optimization.",114260,4.4,Top-notch camera setup with exceptional portrait modes and zoom capability. Software runs smooth without any stutters. Keep in mind that there is no expandable microSD card slot or 3.5mm headphone jack.
,Electronics,Google,Pixel 8a Special Edition Variant #2262,Emerald Green,"The Google Pixel 8a Special Edition is an advanced mid-range smartphone offering optimized hardware and clean performance. Driven by the Qualcomm Snapdragon 7 Gen 3 chipset with LPDDR5 RAM and UFS 3.1 high-speed storage. It features a 6.7-inch Super Actua LTPO OLED display with 1-120Hz variable refresh rate and 2400 nits peak brightness, a versatile camera array with a 50MP primary camera with OIS, 48MP ultrawide with macro focus, and 48MP telephoto with 5x optical zoom, and a 5050mAh battery with 30W wired charging and 23W wireless charging capability.",60261,4.4,"Solid battery endurance paired with rapid charging. Handles demanding mobile titles without thermal throttling. However, the camera bump on the back is quite prominent."
,Electronics,OnePlus,12 5G Special Edition Variant #2263,Starlight Silver,"The OnePlus 12 5G Special Edition is an advanced flagship smartphone offering optimized hardware and clean performance. Driven by the MediaTek Dimensity 9300 chipset with LPDDR5X RAM paired with 256GB UFS 4.0 internal storage. It features a 6.82-inch 2K 120Hz Curved LTPO AMOLED display with 4500 nits peak brightness and Dolby Vision, a versatile camera array with a 50MP Sony LYT-808 primary sensor, 64MP periscope telephoto (3x optical, 120x digital), and 48MP ultrawide with Hasselblad color tuning, and a 5400mAh dual-cell battery supported by 100W SUPERVOOC fast charging (0-100% in 26 mins) and 50W AIRVOOC wireless.",70262,4.4,"Sleek aesthetic design that turns heads. System software is intuitive, responsive, and packed with practical AI features. Though curved display edges occasionally trigger accidental palm touches."
,Electronics,OnePlus,12R 5G Special Edition Variant #2264,Glacier White,"The OnePlus 12R 5G Special Edition is an advanced upper mid-range smartphone offering optimized hardware and clean performance. Driven by the MediaTek Dimensity 8300 Ultra chipset with 12GB LPDDR5X ultra-fast RAM and 256GB UFS 4.0 storage. It features a 6.78-inch 1.5K 144Hz 8T LTPO AMOLED display with 3000 nits brightness and 2160Hz PWM dimming, a versatile camera array with a 1-inch 50MP Sony LYT-900 primary camera with stepless variable aperture (f/1.63-f/4.0) co-engineered with Leica, and a 5000mAh graphite battery with 120W FlashCharge (0-100% in ~27 mins).",43263,4.4,"Extremely satisfied with the purchase! The camera quality is outstanding, especially in low light, and the battery comfortably lasts over a day. However, the phone is slightly heavy for single-handed use."
,Electronics,Xiaomi,14 Ultra 5G Special Edition Variant #2265,Asteroid Black,"The Xiaomi 14 Ultra 5G Special Edition is an advanced flagship smartphone offering optimized hardware and clean performance. Driven by the Apple A17 Pro (3nm) chipset with 12GB LPDDR5X RAM with generous 512GB UFS 4.0 storage. It features a 6.67-inch 1.5K 120Hz CrystalRes AMOLED display with Dolby Vision and Gorilla Glass Victus, a versatile camera array with a 50MP 1-inch Sony IMX989 sensor with OIS, 50MP ZEISS APO Floating Telephoto with 4.3x optical zoom and ZEISS T* anti-reflective coating, and a 5500mAh dual-cell battery with 120W SUPERVOOC superfast charging.",110264,4.4,Blazing fast performance for daily multitasking and heavy gaming. The display is vibrant and easily readable under bright sunlight. Though the secondary ultrawide camera could be slightly better in low light.
,Electronics,Xiaomi,14 Civi Special Edition Variant #2266,Ocean Cyan,"The Xiaomi 14 Civi Special Edition is an advanced upper mid-range smartphone offering optimized hardware and clean performance. Driven by the Qualcomm Snapdragon 7+ Gen 3 chipset with 16GB heavy-multitasking LPDDR5X RAM and 512GB UFS 4.0 storage. It features a 6.7-inch 120Hz Flexible AMOLED screen with 1300 nits brightness and iconic transparent Glyph LED interface, a versatile camera array with a 50MP Sony LYT-808 main camera with OIS, 50MP telephoto portrait lens (2x optical zoom), and Next AI image processing, and a 5200mAh silicon-carbon high density battery with 100W wired and 66W wireless charging.",48265,4.4,"Great value for money smartphone in this price point. Clean UI experience and fast charging makes daily usage hassle-free. On the downside, charging speed could be slightly faster compared to rivals."
,Electronics,Vivo,X100 Pro 5G Special Edition Variant #2267,Peach Fuzz,"The Vivo X100 Pro 5G Special Edition is an advanced flagship smartphone offering optimized hardware and clean performance. Driven by the MediaTek Dimensity 9300 chipset with 16GB flagship LPDDR5X RAM paired with massive 1TB UFS 4.0 storage. It features a 6.6-inch FHD+ 120Hz Super AMOLED display with Knox Vault security and Vision Booster, a versatile camera array with a 50MP primary sensor with OIS, 50MP ultrawide with macro mode, and 64MP periscope telephoto with 3x optical zoom, and a 5500mAh heavy-duty battery with 100W SUPERVOOC charging maintaining health over 4 years.",95266,4.4,"The build quality feels high-end and comfortable to hold. Photos taken with the main lens are sharp with natural color tones. However, a fast wall adapter is not included inside the box."
,Electronics,Vivo,V30 Pro 5G Special Edition Variant #2268,Phantom Black,"The Vivo V30 Pro 5G Special Edition is an advanced mid-range smartphone offering optimized hardware and clean performance. Driven by the Qualcomm Snapdragon 7 Gen 3 chipset with LPDDR5 RAM and UFS 3.1 high-speed storage. It features a 6.74-inch 1.5K 120Hz Ultra Clear AMOLED with Aqua Touch wet-finger technology and 2150 nits brightness, a versatile camera array with a Dual 50MP rear camera sensors (Primary OIS + 114-degree Ultrawide) powered by Ultra XDR photography engine, and a 5000mAh battery with 90W Turbo Charge support included in the box.",47267,4.4,Incredible display clarity and high refresh rate make scrolling and gaming super smooth. Charging speed is amazingly fast. Though system software comes with a few preinstalled apps that require manual uninstalling.
,Electronics,iQOO,12 5G Special Edition Variant #2269,Titanium Gray,"The iQOO 12 5G Special Edition is an advanced performance flagship smartphone offering optimized hardware and clean performance. Driven by the Qualcomm Snapdragon 8s Gen 3 chipset with LPDDR5X RAM paired with 256GB UFS 4.0 internal storage. It features a 6.67-inch 1.5K 3D Curved AMOLED with 120Hz refresh rate, 1800 nits peak brightness and IP68 protection, a versatile camera array with a 200MP Samsung ISOCELL HP3 camera with OIS, 4x in-sensor lossless zoom, 8MP ultrawide, and 2MP macro lens, and a 5000mAh battery supporting 33W fast charging and 5W reverse wired charging.",58268,4.4,Top-notch camera setup with exceptional portrait modes and zoom capability. Software runs smooth without any stutters. Keep in mind that there is no expandable microSD card slot or 3.5mm headphone jack.
,Electronics,iQOO,Neo 9 Pro 5G Special Edition Variant #2270,Natural Titanium,"The iQOO Neo 9 Pro 5G Special Edition is an advanced performance mid-range smartphone offering optimized hardware and clean performance. Driven by the MediaTek Dimensity 8300 Ultra chipset with 12GB LPDDR5X ultra-fast RAM and 256GB UFS 4.0 storage. It features a 6.8-inch QHD+ 120Hz Dynamic AMOLED 2X display with 2600 nits peak brightness and Gorilla Armor, a versatile camera array with a 200MP OIS primary sensor, 50MP periscope telephoto with 5x optical zoom, 10MP 3x telephoto, and 12MP ultrawide, and a 5000mAh battery with 45W wired fast charging, 15W wireless charging, and reverse wireless support.",38269,4.4,"Solid battery endurance paired with rapid charging. Handles demanding mobile titles without thermal throttling. However, the camera bump on the back is quite prominent."
,Electronics,Realme,GT 6 5G Special Edition Variant #2271,Oasis Green,"The Realme GT 6 5G Special Edition is an advanced upper mid-range smartphone offering optimized hardware and clean performance. Driven by the Qualcomm Snapdragon 8s Gen 3 chipset with 12GB LPDDR5X RAM with generous 512GB UFS 4.0 storage. It features a 6.7-inch Super Retina XDR OLED display with ProMotion 120Hz adaptive refresh rate and outdoor peak 2000 nits, a versatile camera array with a 48MP main sensor with sensor-shift OIS, 12MP 5x tetraprism optical zoom telephoto, and 12MP ultrawide, and a 4422mAh battery with MagSafe 15W wireless charging and high efficiency battery optimization.",43270,4.4,"Sleek aesthetic design that turns heads. System software is intuitive, responsive, and packed with practical AI features. Though curved display edges occasionally trigger accidental palm touches."
,Electronics,Realme,GT 6T 5G Special Edition Variant #2272,Midnight Blue,"The Realme GT 6T 5G Special Edition is an advanced mid-range smartphone offering optimized hardware and clean performance. Driven by the MediaTek Dimensity 7200 Pro chipset with 16GB heavy-multitasking LPDDR5X RAM and 512GB UFS 4.0 storage. It features a 6.7-inch Super Actua LTPO OLED display with 1-120Hz variable refresh rate and 2400 nits peak brightness, a versatile camera array with a 50MP primary camera with OIS, 48MP ultrawide with macro focus, and 48MP telephoto with 5x optical zoom, and a 5050mAh battery with 30W wired charging and 23W wireless charging capability.",33271,4.4,"Extremely satisfied with the purchase! The camera quality is outstanding, especially in low light, and the battery comfortably lasts over a day. However, the phone is slightly heavy for single-handed use."
,Electronics,Motorola,Edge 50 Ultra Special Edition Variant #2273,Sunset Orange,"The Motorola Edge 50 Ultra Special Edition is an advanced flagship smartphone offering optimized hardware and clean performance. Driven by the Apple A17 Pro (3nm) chipset with 16GB flagship LPDDR5X RAM paired with massive 1TB UFS 4.0 storage. It features a 6.82-inch 2K 120Hz Curved LTPO AMOLED display with 4500 nits peak brightness and Dolby Vision, a versatile camera array with a 50MP Sony LYT-808 primary sensor, 64MP periscope telephoto (3x optical, 120x digital), and 48MP ultrawide with Hasselblad color tuning, and a 5400mAh dual-cell battery supported by 100W SUPERVOOC fast charging (0-100% in 26 mins) and 50W AIRVOOC wireless.",65272,4.4,Blazing fast performance for daily multitasking and heavy gaming. The display is vibrant and easily readable under bright sunlight. Though the secondary ultrawide camera could be slightly better in low light.
,Electronics,Motorola,Edge 50 Pro Special Edition Variant #2274,Emerald Green,"The Motorola Edge 50 Pro Special Edition is an advanced mid-range smartphone offering optimized hardware and clean performance. Driven by the Qualcomm Snapdragon 7 Gen 3 chipset with LPDDR5 RAM and UFS 3.1 high-speed storage. It features a 6.78-inch 1.5K 144Hz 8T LTPO AMOLED display with 3000 nits brightness and 2160Hz PWM dimming, a versatile camera array with a 1-inch 50MP Sony LYT-900 primary camera with stepless variable aperture (f/1.63-f/4.0) co-engineered with Leica, and a 5000mAh graphite battery with 120W FlashCharge (0-100% in ~27 mins).",36273,4.4,"Great value for money smartphone in this price point. Clean UI experience and fast charging makes daily usage hassle-free. On the downside, charging speed could be slightly faster compared to rivals."
,Electronics,Motorola,Edge 50 Fusion Special Edition Variant #2275,Starlight Silver,"The Motorola Edge 50 Fusion Special Edition is an advanced budget mid-range smartphone offering optimized hardware and clean performance. Driven by the MediaTek Dimensity 7050 chipset with LPDDR5X RAM paired with 256GB UFS 4.0 internal storage. It features a 6.67-inch 1.5K 120Hz CrystalRes AMOLED display with Dolby Vision and Gorilla Glass Victus, a versatile camera array with a 50MP 1-inch Sony IMX989 sensor with OIS, 50MP ZEISS APO Floating Telephoto with 4.3x optical zoom and ZEISS T* anti-reflective coating, and a 5500mAh dual-cell battery with 120W SUPERVOOC superfast charging.",25274,4.4,"The build quality feels high-end and comfortable to hold. Photos taken with the main lens are sharp with natural color tones. However, a fast wall adapter is not included inside the box."
,Electronics,Nothing,Phone  Special Edition Variant #2276,2,"The Nothing Phone (2) Special Edition is an advanced upper mid-range smartphone offering optimized hardware and clean performance. Driven by the MediaTek Dimensity 8300 Ultra chipset with 12GB LPDDR5X ultra-fast RAM and 256GB UFS 4.0 storage. It features a 6.7-inch 120Hz Flexible AMOLED screen with 1300 nits brightness and iconic transparent Glyph LED interface, a versatile camera array with a 50MP Sony LYT-808 main camera with OIS, 50MP telephoto portrait lens (2x optical zoom), and Next AI image processing, and a 5200mAh silicon-carbon high density battery with 100W wired and 66W wireless charging.",40275,4.4,Incredible display clarity and high refresh rate make scrolling and gaming super smooth. Charging speed is amazingly fast. Though system software comes with a few preinstalled apps that require manual uninstalling.
,Electronics,Nothing,Phone  Special Edition Variant #2277,2a,"The Nothing Phone (2a) Special Edition is an advanced budget mid-range smartphone offering optimized hardware and clean performance. Driven by the Qualcomm Snapdragon 6 Gen 1 chipset with 12GB LPDDR5X RAM with generous 512GB UFS 4.0 storage. It features a 6.6-inch FHD+ 120Hz Super AMOLED display with Knox Vault security and Vision Booster, a versatile camera array with a 50MP primary sensor with OIS, 50MP ultrawide with macro mode, and 64MP periscope telephoto with 3x optical zoom, and a 5500mAh heavy-duty battery with 100W SUPERVOOC charging maintaining health over 4 years.",26276,4.4,Top-notch camera setup with exceptional portrait modes and zoom capability. Software runs smooth without any stutters. Keep in mind that there is no expandable microSD card slot or 3.5mm headphone jack.
,Electronics,POCO,F6 Pro 5G Special Edition Variant #2278,Ocean Cyan,"The Poco F6 Pro 5G Special Edition is an advanced performance mid-range smartphone offering optimized hardware and clean performance. Driven by the Qualcomm Snapdragon 7+ Gen 3 chipset with 16GB heavy-multitasking LPDDR5X RAM and 512GB UFS 4.0 storage. It features a 6.74-inch 1.5K 120Hz Ultra Clear AMOLED with Aqua Touch wet-finger technology and 2150 nits brightness, a versatile camera array with a Dual 50MP rear camera sensors (Primary OIS + 114-degree Ultrawide) powered by Ultra XDR photography engine, and a 5000mAh battery with 90W Turbo Charge support included in the box.",42277,4.4,"Solid battery endurance paired with rapid charging. Handles demanding mobile titles without thermal throttling. However, the camera bump on the back is quite prominent."
,Electronics,POCO,F6 5G Special Edition Variant #2279,Peach Fuzz,"The Poco F6 5G Special Edition is an advanced performance budget smartphone offering optimized hardware and clean performance. Driven by the MediaTek Dimensity 8300 Ultra chipset with 16GB flagship LPDDR5X RAM paired with massive 1TB UFS 4.0 storage. It features a 6.67-inch 1.5K 3D Curved AMOLED with 120Hz refresh rate, 1800 nits peak brightness and IP68 protection, a versatile camera array with a 200MP Samsung ISOCELL HP3 camera with OIS, 4x in-sensor lossless zoom, 8MP ultrawide, and 2MP macro lens, and a 5000mAh battery supporting 33W fast charging and 5W reverse wired charging.",32278,4.4,"Sleek aesthetic design that turns heads. System software is intuitive, responsive, and packed with practical AI features. Though curved display edges occasionally trigger accidental palm touches."
,Electronics,POCO,X6 Pro 5G Special Edition Variant #2280,Phantom Black,"The Poco X6 Pro 5G Special Edition is an advanced performance budget smartphone offering optimized hardware and clean performance. Driven by the Qualcomm Snapdragon 8s Gen 3 chipset with LPDDR5 RAM and UFS 3.1 high-speed storage. It features a 6.8-inch QHD+ 120Hz Dynamic AMOLED 2X display with 2600 nits peak brightness and Gorilla Armor, a versatile camera array with a 200MP OIS primary sensor, 50MP periscope telephoto with 5x optical zoom, 10MP 3x telephoto, and 12MP ultrawide, and a 5000mAh battery with 45W wired fast charging, 15W wireless charging, and reverse wireless support.",27279,4.4,"Extremely satisfied with the purchase! The camera quality is outstanding, especially in low light, and the battery comfortably lasts over a day. However, the phone is slightly heavy for single-handed use."
,Electronics,Samsung,Galaxy A55 5G Special Edition Variant #2281,Titanium Gray,"The Samsung Galaxy A55 5G Special Edition is an advanced mid-range smartphone offering optimized hardware and clean performance. Driven by the MediaTek Dimensity 7200 Pro chipset with LPDDR5X RAM paired with 256GB UFS 4.0 internal storage. It features a 6.7-inch Super Retina XDR OLED display with ProMotion 120Hz adaptive refresh rate and outdoor peak 2000 nits, a versatile camera array with a 48MP main sensor with sensor-shift OIS, 12MP 5x tetraprism optical zoom telephoto, and 12MP ultrawide, and a 4422mAh battery with MagSafe 15W wireless charging and high efficiency battery optimization.",43280,4.4,Blazing fast performance for daily multitasking and heavy gaming. The display is vibrant and easily readable under bright sunlight. Though the secondary ultrawide camera could be slightly better in low light.
,Electronics,Samsung,Galaxy A35 5G Special Edition Variant #2282,Natural Titanium,"The Samsung Galaxy A35 5G Special Edition is an advanced budget mid-range smartphone offering optimized hardware and clean performance. Driven by the Snapdragon 7s Gen 2 chipset with 12GB LPDDR5X ultra-fast RAM and 256GB UFS 4.0 storage. It features a 6.7-inch Super Actua LTPO OLED display with 1-120Hz variable refresh rate and 2400 nits peak brightness, a versatile camera array with a 50MP primary camera with OIS, 48MP ultrawide with macro focus, and 48MP telephoto with 5x optical zoom, and a 5050mAh battery with 30W wired charging and 23W wireless charging capability.",31281,4.4,"Great value for money smartphone in this price point. Clean UI experience and fast charging makes daily usage hassle-free. On the downside, charging speed could be slightly faster compared to rivals."
,Electronics,Samsung,Galaxy M55 5G Special Edition Variant #2283,Oasis Green,"The Samsung Galaxy M55 5G Special Edition is an advanced budget mid-range smartphone offering optimized hardware and clean performance. Driven by the Qualcomm Snapdragon 6 Gen 1 chipset with 12GB LPDDR5X RAM with generous 512GB UFS 4.0 storage. It features a 6.82-inch 2K 120Hz Curved LTPO AMOLED display with 4500 nits peak brightness and Dolby Vision, a versatile camera array with a 50MP Sony LYT-808 primary sensor, 64MP periscope telephoto (3x optical, 120x digital), and 48MP ultrawide with Hasselblad color tuning, and a 5400mAh dual-cell battery supported by 100W SUPERVOOC fast charging (0-100% in 26 mins) and 50W AIRVOOC wireless.",27282,4.4,"The build quality feels high-end and comfortable to hold. Photos taken with the main lens are sharp with natural color tones. However, a fast wall adapter is not included inside the box."
,Electronics,OnePlus,Nord 4 5G Special Edition Variant #2284,Midnight Blue,"The OnePlus Nord 4 5G Special Edition is an advanced mid-range smartphone offering optimized hardware and clean performance. Driven by the MediaTek Dimensity 7200 Pro chipset with 16GB heavy-multitasking LPDDR5X RAM and 512GB UFS 4.0 storage. It features a 6.78-inch 1.5K 144Hz 8T LTPO AMOLED display with 3000 nits brightness and 2160Hz PWM dimming, a versatile camera array with a 1-inch 50MP Sony LYT-900 primary camera with stepless variable aperture (f/1.63-f/4.0) co-engineered with Leica, and a 5000mAh graphite battery with 120W FlashCharge (0-100% in ~27 mins).",33283,4.4,Incredible display clarity and high refresh rate make scrolling and gaming super smooth. Charging speed is amazingly fast. Though system software comes with a few preinstalled apps that require manual uninstalling.
,Electronics,OnePlus,Nord CE 4 5G Special Edition Variant #2285,Sunset Orange,"The OnePlus Nord CE 4 5G Special Edition is an advanced budget mid-range smartphone offering optimized hardware and clean performance. Driven by the Snapdragon 7s Gen 2 chipset with 16GB flagship LPDDR5X RAM paired with massive 1TB UFS 4.0 storage. It features a 6.67-inch 1.5K 120Hz CrystalRes AMOLED display with Dolby Vision and Gorilla Glass Victus, a versatile camera array with a 50MP 1-inch Sony IMX989 sensor with OIS, 50MP ZEISS APO Floating Telephoto with 4.3x optical zoom and ZEISS T* anti-reflective coating, and a 5500mAh dual-cell battery with 120W SUPERVOOC superfast charging.",27284,4.4,Top-notch camera setup with exceptional portrait modes and zoom capability. Software runs smooth without any stutters. Keep in mind that there is no expandable microSD card slot or 3.5mm headphone jack.
,Electronics,Redmi,Note 13 Pro+ 5G Special Edition Variant #2286,Emerald Green,"The Redmi Note 13 Pro+ 5G Special Edition is an advanced mid-range smartphone offering optimized hardware and clean performance. Driven by the Qualcomm Snapdragon 7 Gen 3 chipset with LPDDR5 RAM and UFS 3.1 high-speed storage. It features a 6.7-inch 120Hz Flexible AMOLED screen with 1300 nits brightness and iconic transparent Glyph LED interface, a versatile camera array with a 50MP Sony LYT-808 main camera with OIS, 50MP telephoto portrait lens (2x optical zoom), and Next AI image processing, and a 5200mAh silicon-carbon high density battery with 100W wired and 66W wireless charging.",34285,4.4,"Solid battery endurance paired with rapid charging. Handles demanding mobile titles without thermal throttling. However, the camera bump on the back is quite prominent."
,Electronics,Redmi,Note 13 Pro 5G Special Edition Variant #2287,Starlight Silver,"The Redmi Note 13 Pro 5G Special Edition is an advanced budget mid-range smartphone offering optimized hardware and clean performance. Driven by the MediaTek Dimensity 7050 chipset with LPDDR5X RAM paired with 256GB UFS 4.0 internal storage. It features a 6.6-inch FHD+ 120Hz Super AMOLED display with Knox Vault security and Vision Booster, a versatile camera array with a 50MP primary sensor with OIS, 50MP ultrawide with macro mode, and 64MP periscope telephoto with 3x optical zoom, and a 5500mAh heavy-duty battery with 100W SUPERVOOC charging maintaining health over 4 years.",27286,4.4,"Sleek aesthetic design that turns heads. System software is intuitive, responsive, and packed with practical AI features. Though curved display edges occasionally trigger accidental palm touches."
,Electronics,Redmi,Note 13 5G Special Edition Variant #2288,Glacier White,"The Redmi Note 13 5G Special Edition is an advanced budget smartphone offering optimized hardware and clean performance. Driven by the MediaTek Dimensity 6080 chipset with 12GB LPDDR5X ultra-fast RAM and 256GB UFS 4.0 storage. It features a 6.74-inch 1.5K 120Hz Ultra Clear AMOLED with Aqua Touch wet-finger technology and 2150 nits brightness, a versatile camera array with a Dual 50MP rear camera sensors (Primary OIS + 114-degree Ultrawide) powered by Ultra XDR photography engine, and a 5000mAh battery with 90W Turbo Charge support included in the box.",19287,4.4,"Extremely satisfied with the purchase! The camera quality is outstanding, especially in low light, and the battery comfortably lasts over a day. However, the phone is slightly heavy for single-handed use."
,Electronics,Honor,200 Pro 5G Special Edition Variant #2289,Asteroid Black,"The Honor 200 Pro 5G Special Edition is an advanced upper mid-range smartphone offering optimized hardware and clean performance. Driven by the Qualcomm Snapdragon 8s Gen 3 chipset with 12GB LPDDR5X RAM with generous 512GB UFS 4.0 storage. It features a 6.67-inch 1.5K 3D Curved AMOLED with 120Hz refresh rate, 1800 nits peak brightness and IP68 protection, a versatile camera array with a 200MP Samsung ISOCELL HP3 camera with OIS, 4x in-sensor lossless zoom, 8MP ultrawide, and 2MP macro lens, and a 5000mAh battery supporting 33W fast charging and 5W reverse wired charging.",62288,4.4,Blazing fast performance for daily multitasking and heavy gaming. The display is vibrant and easily readable under bright sunlight. Though the secondary ultrawide camera could be slightly better in low light.
,Electronics,Honor,200 5G Special Edition Variant #2290,Ocean Cyan,"The Honor 200 5G Special Edition is an advanced mid-range smartphone offering optimized hardware and clean performance. Driven by the MediaTek Dimensity 7200 Pro chipset with 16GB heavy-multitasking LPDDR5X RAM and 512GB UFS 4.0 storage. It features a 6.8-inch QHD+ 120Hz Dynamic AMOLED 2X display with 2600 nits peak brightness and Gorilla Armor, a versatile camera array with a 200MP OIS primary sensor, 50MP periscope telephoto with 5x optical zoom, 10MP 3x telephoto, and 12MP ultrawide, and a 5000mAh battery with 45W wired fast charging, 15W wireless charging, and reverse wireless support.",38289,4.4,"Great value for money smartphone in this price point. Clean UI experience and fast charging makes daily usage hassle-free. On the downside, charging speed could be slightly faster compared to rivals."
,Electronics,Nothing,CMF by  Phone 1 Special Edition Variant #2291,Peach Fuzz,"The CMF by Nothing Phone 1 Special Edition is an advanced budget smartphone offering optimized hardware and clean performance. Driven by the MediaTek Dimensity 6080 chipset with 16GB flagship LPDDR5X RAM paired with massive 1TB UFS 4.0 storage. It features a 6.7-inch Super Retina XDR OLED display with ProMotion 120Hz adaptive refresh rate and outdoor peak 2000 nits, a versatile camera array with a 48MP main sensor with sensor-shift OIS, 12MP 5x tetraprism optical zoom telephoto, and 12MP ultrawide, and a 4422mAh battery with MagSafe 15W wireless charging and high efficiency battery optimization.",18290,4.4,"The build quality feels high-end and comfortable to hold. Photos taken with the main lens are sharp with natural color tones. However, a fast wall adapter is not included inside the box."
,Electronics,Realme,12 Pro+ 5G Special Edition Variant #2292,Phantom Black,"The Realme 12 Pro+ 5G Special Edition is an advanced mid-range smartphone offering optimized hardware and clean performance. Driven by the Qualcomm Snapdragon 7 Gen 3 chipset with LPDDR5 RAM and UFS 3.1 high-speed storage. It features a 6.7-inch Super Actua LTPO OLED display with 1-120Hz variable refresh rate and 2400 nits peak brightness, a versatile camera array with a 50MP primary camera with OIS, 48MP ultrawide with macro focus, and 48MP telephoto with 5x optical zoom, and a 5050mAh battery with 30W wired charging and 23W wireless charging capability.",32291,4.4,Incredible display clarity and high refresh rate make scrolling and gaming super smooth. Charging speed is amazingly fast. Though system software comes with a few preinstalled apps that require manual uninstalling.
,Electronics,Realme,P1 Pro 5G Special Edition Variant #2293,Titanium Gray,"The Realme P1 Pro 5G Special Edition is an advanced budget smartphone offering optimized hardware and clean performance. Driven by the Qualcomm Snapdragon 695 5G chipset with LPDDR5X RAM paired with 256GB UFS 4.0 internal storage. It features a 6.82-inch 2K 120Hz Curved LTPO AMOLED display with 4500 nits peak brightness and Dolby Vision, a versatile camera array with a 50MP Sony LYT-808 primary sensor, 64MP periscope telephoto (3x optical, 120x digital), and 48MP ultrawide with Hasselblad color tuning, and a 5400mAh dual-cell battery supported by 100W SUPERVOOC fast charging (0-100% in 26 mins) and 50W AIRVOOC wireless.",22292,4.4,Top-notch camera setup with exceptional portrait modes and zoom capability. Software runs smooth without any stutters. Keep in mind that there is no expandable microSD card slot or 3.5mm headphone jack.
,Electronics,Vivo,T3 Pro 5G Special Edition Variant #2294,Natural Titanium,"The Vivo T3 Pro 5G Special Edition is an advanced budget mid-range smartphone offering optimized hardware and clean performance. Driven by the Snapdragon 7s Gen 2 chipset with 12GB LPDDR5X ultra-fast RAM and 256GB UFS 4.0 storage. It features a 6.78-inch 1.5K 144Hz 8T LTPO AMOLED display with 3000 nits brightness and 2160Hz PWM dimming, a versatile camera array with a 1-inch 50MP Sony LYT-900 primary camera with stepless variable aperture (f/1.63-f/4.0) co-engineered with Leica, and a 5000mAh graphite battery with 120W FlashCharge (0-100% in ~27 mins).",27293,4.4,"Solid battery endurance paired with rapid charging. Handles demanding mobile titles without thermal throttling. However, the camera bump on the back is quite prominent."
,Electronics,iQOO,Z9 Turbo 5G Special Edition Variant #2295,Oasis Green,"The iQOO Z9 Turbo 5G Special Edition is an advanced budget mid-range smartphone offering optimized hardware and clean performance. Driven by the Qualcomm Snapdragon 6 Gen 1 chipset with 12GB LPDDR5X RAM with generous 512GB UFS 4.0 storage. It features a 6.67-inch 1.5K 120Hz CrystalRes AMOLED display with Dolby Vision and Gorilla Glass Victus, a versatile camera array with a 50MP 1-inch Sony IMX989 sensor with OIS, 50MP ZEISS APO Floating Telephoto with 4.3x optical zoom and ZEISS T* anti-reflective coating, and a 5500mAh dual-cell battery with 120W SUPERVOOC superfast charging.",24294,4.4,"Sleek aesthetic design that turns heads. System software is intuitive, responsive, and packed with practical AI features. Though curved display edges occasionally trigger accidental palm touches."
,Electronics,Samsung,Galaxy Z Fold 5 5G Special Edition Variant #2296,Midnight Blue,"The Samsung Galaxy Z Fold 5 5G Special Edition is an advanced foldable flagship smartphone offering optimized hardware and clean performance. Driven by the Qualcomm Snapdragon 8 Gen 2 chipset with 16GB heavy-multitasking LPDDR5X RAM and 512GB UFS 4.0 storage. It features a 6.7-inch 120Hz Flexible AMOLED screen with 1300 nits brightness and iconic transparent Glyph LED interface, a versatile camera array with a 50MP Sony LYT-808 main camera with OIS, 50MP telephoto portrait lens (2x optical zoom), and Next AI image processing, and a 5200mAh silicon-carbon high density battery with 100W wired and 66W wireless charging.",165295,4.4,"Extremely satisfied with the purchase! The camera quality is outstanding, especially in low light, and the battery comfortably lasts over a day. However, the phone is slightly heavy for single-handed use."
,Electronics,Samsung,Galaxy Z Flip 5 5G Special Edition Variant #2297,Sunset Orange,"The Samsung Galaxy Z Flip 5 5G Special Edition is an advanced foldable flagship smartphone offering optimized hardware and clean performance. Driven by the MediaTek Dimensity 9000+ chipset with 16GB flagship LPDDR5X RAM paired with massive 1TB UFS 4.0 storage. It features a 6.6-inch FHD+ 120Hz Super AMOLED display with Knox Vault security and Vision Booster, a versatile camera array with a 50MP primary sensor with OIS, 50MP ultrawide with macro mode, and 64MP periscope telephoto with 3x optical zoom, and a 5500mAh heavy-duty battery with 100W SUPERVOOC charging maintaining health over 4 years.",110296,4.4,Blazing fast performance for daily multitasking and heavy gaming. The display is vibrant and easily readable under bright sunlight. Though the secondary ultrawide camera could be slightly better in low light.
,Electronics,Motorola,Razr 50 Ultra 5G Special Edition Variant #2298,Emerald Green,"The Motorola Razr 50 Ultra 5G Special Edition is an advanced foldable flagship smartphone offering optimized hardware and clean performance. Driven by the Qualcomm Snapdragon 8 Gen 3 chipset with LPDDR5 RAM and UFS 3.1 high-speed storage. It features a 6.74-inch 1.5K 120Hz Ultra Clear AMOLED with Aqua Touch wet-finger technology and 2150 nits brightness, a versatile camera array with a Dual 50MP rear camera sensors (Primary OIS + 114-degree Ultrawide) powered by Ultra XDR photography engine, and a 5000mAh battery with 90W Turbo Charge support included in the box.",95297,4.4,"Great value for money smartphone in this price point. Clean UI experience and fast charging makes daily usage hassle-free. On the downside, charging speed could be slightly faster compared to rivals."
,Electronics,Tecno,Phantom V Fold 5G Special Edition Variant #2299,Starlight Silver,"The Tecno Phantom V Fold 5G Special Edition is an advanced foldable flagship smartphone offering optimized hardware and clean performance. Driven by the Qualcomm Snapdragon 8 Gen 2 chipset with LPDDR5X RAM paired with 256GB UFS 4.0 internal storage. It features a 6.67-inch 1.5K 3D Curved AMOLED with 120Hz refresh rate, 1800 nits peak brightness and IP68 protection, a versatile camera array with a 200MP Samsung ISOCELL HP3 camera with OIS, 4x in-sensor lossless zoom, 8MP ultrawide, and 2MP macro lens, and a 5000mAh battery supporting 33W fast charging and 5W reverse wired charging.",75298,4.4,"The build quality feels high-end and comfortable to hold. Photos taken with the main lens are sharp with natural color tones. However, a fast wall adapter is not included inside the box."
,Electronics,Tecno,Phantom V Flip 5G Special Edition Variant #2300,Glacier White,"The Tecno Phantom V Flip 5G Special Edition is an advanced foldable mid-range smartphone offering optimized hardware and clean performance. Driven by the MediaTek Dimensity 8050 5G chipset with 12GB LPDDR5X ultra-fast RAM and 256GB UFS 4.0 storage. It features a 6.8-inch QHD+ 120Hz Dynamic AMOLED 2X display with 2600 nits peak brightness and Gorilla Armor, a versatile camera array with a 200MP OIS primary sensor, 50MP periscope telephoto with 5x optical zoom, 10MP 3x telephoto, and 12MP ultrawide, and a 5000mAh battery with 45W wired fast charging, 15W wireless charging, and reverse wireless support.",53299,4.4,Incredible display clarity and high refresh rate make scrolling and gaming super smooth. Charging speed is amazingly fast. Though system software comes with a few preinstalled apps that require manual uninstalling.
,Electronics,ASUS,ROG Phone 8 Pro 5G Special Edition Variant #2301,Asteroid Black,"The Asus ROG Phone 8 Pro 5G Special Edition is an advanced gaming flagship smartphone offering optimized hardware and clean performance. Driven by the Qualcomm Snapdragon 8 Gen 3 with dedicated GameCool vapour cooling chipset with 12GB LPDDR5X RAM with generous 512GB UFS 4.0 storage. It features a 6.7-inch Super Retina XDR OLED display with ProMotion 120Hz adaptive refresh rate and outdoor peak 2000 nits, a versatile camera array with a 48MP main sensor with sensor-shift OIS, 12MP 5x tetraprism optical zoom telephoto, and 12MP ultrawide, and a 4422mAh battery with MagSafe 15W wireless charging and high efficiency battery optimization.",100300,4.4,Top-notch camera setup with exceptional portrait modes and zoom capability. Software runs smooth without any stutters. Keep in mind that there is no expandable microSD card slot or 3.5mm headphone jack.
,Electronics,ASUS,ROG Phone 8 5G Special Edition Variant #2302,Ocean Cyan,"The Asus ROG Phone 8 5G Special Edition is an advanced gaming flagship smartphone offering optimized hardware and clean performance. Driven by the Qualcomm Snapdragon 8 Gen 3 with dedicated GameCool vapour cooling chipset with 16GB heavy-multitasking LPDDR5X RAM and 512GB UFS 4.0 storage. It features a 6.7-inch Super Actua LTPO OLED display with 1-120Hz variable refresh rate and 2400 nits peak brightness, a versatile camera array with a 50MP primary camera with OIS, 48MP ultrawide with macro focus, and 48MP telephoto with 5x optical zoom, and a 5050mAh battery with 30W wired charging and 23W wireless charging capability.",85301,4.4,"Solid battery endurance paired with rapid charging. Handles demanding mobile titles without thermal throttling. However, the camera bump on the back is quite prominent."
,Electronics,Samsung,Galaxy S24 Ultra Special Edition Variant #2303,Peach Fuzz,"The Samsung Galaxy S24 Ultra Special Edition is an advanced flagship smartphone offering optimized hardware and clean performance. Driven by the MediaTek Dimensity 9300 chipset with 16GB flagship LPDDR5X RAM paired with massive 1TB UFS 4.0 storage. It features a 6.82-inch 2K 120Hz Curved LTPO AMOLED display with 4500 nits peak brightness and Dolby Vision, a versatile camera array with a 50MP Sony LYT-808 primary sensor, 64MP periscope telephoto (3x optical, 120x digital), and 48MP ultrawide with Hasselblad color tuning, and a 5400mAh dual-cell battery supported by 100W SUPERVOOC fast charging (0-100% in 26 mins) and 50W AIRVOOC wireless.",140302,4.4,"Sleek aesthetic design that turns heads. System software is intuitive, responsive, and packed with practical AI features. Though curved display edges occasionally trigger accidental palm touches."
,Electronics,Samsung,Galaxy S24 Plus Special Edition Variant #2304,Phantom Black,"The Samsung Galaxy S24 Plus Special Edition is an advanced flagship smartphone offering optimized hardware and clean performance. Driven by the Qualcomm Snapdragon 8 Gen 3 chipset with LPDDR5 RAM and UFS 3.1 high-speed storage. It features a 6.78-inch 1.5K 144Hz 8T LTPO AMOLED display with 3000 nits brightness and 2160Hz PWM dimming, a versatile camera array with a 1-inch 50MP Sony LYT-900 primary camera with stepless variable aperture (f/1.63-f/4.0) co-engineered with Leica, and a 5000mAh graphite battery with 120W FlashCharge (0-100% in ~27 mins).",110303,4.4,"Extremely satisfied with the purchase! The camera quality is outstanding, especially in low light, and the battery comfortably lasts over a day. However, the phone is slightly heavy for single-handed use."
,Electronics,Samsung,Galaxy S24 Special Edition Variant #2305,Titanium Gray,"The Samsung Galaxy S24 Special Edition is an advanced flagship smartphone offering optimized hardware and clean performance. Driven by the Apple A17 Pro (3nm) chipset with LPDDR5X RAM paired with 256GB UFS 4.0 internal storage. It features a 6.67-inch 1.5K 120Hz CrystalRes AMOLED display with Dolby Vision and Gorilla Glass Victus, a versatile camera array with a 50MP 1-inch Sony IMX989 sensor with OIS, 50MP ZEISS APO Floating Telephoto with 4.3x optical zoom and ZEISS T* anti-reflective coating, and a 5500mAh dual-cell battery with 120W SUPERVOOC superfast charging.",80304,4.4,Blazing fast performance for daily multitasking and heavy gaming. The display is vibrant and easily readable under bright sunlight. Though the secondary ultrawide camera could be slightly better in low light.
,Electronics,Apple,iPhone 15 Pro Max Special Edition Variant #2306,Natural Titanium,"The Apple iPhone 15 Pro Max Special Edition is an advanced flagship smartphone offering optimized hardware and clean performance. Driven by the Google Tensor G3 chipset with 12GB LPDDR5X ultra-fast RAM and 256GB UFS 4.0 storage. It features a 6.7-inch 120Hz Flexible AMOLED screen with 1300 nits brightness and iconic transparent Glyph LED interface, a versatile camera array with a 50MP Sony LYT-808 main camera with OIS, 50MP telephoto portrait lens (2x optical zoom), and Next AI image processing, and a 5200mAh silicon-carbon high density battery with 100W wired and 66W wireless charging.",180206,4.4,"Great value for money smartphone in this price point. Clean UI experience and fast charging makes daily usage hassle-free. On the downside, charging speed could be slightly faster compared to rivals."
,Electronics,Apple,iPhone 15 Pro Special Edition Variant #2307,Oasis Green,"The Apple iPhone 15 Pro Special Edition is an advanced flagship smartphone offering optimized hardware and clean performance. Driven by the MediaTek Dimensity 9300 chipset with 12GB LPDDR5X RAM with generous 512GB UFS 4.0 storage. It features a 6.6-inch FHD+ 120Hz Super AMOLED display with Knox Vault security and Vision Booster, a versatile camera array with a 50MP primary sensor with OIS, 50MP ultrawide with macro mode, and 64MP periscope telephoto with 3x optical zoom, and a 5500mAh heavy-duty battery with 100W SUPERVOOC charging maintaining health over 4 years.",145207,4.4,"The build quality feels high-end and comfortable to hold. Photos taken with the main lens are sharp with natural color tones. However, a fast wall adapter is not included inside the box."
,Electronics,Apple,iPhone 15 Plus Special Edition Variant #2308,Midnight Blue,"The Apple iPhone 15 Plus Special Edition is an advanced flagship smartphone offering optimized hardware and clean performance. Driven by the Qualcomm Snapdragon 8 Gen 3 chipset with 16GB heavy-multitasking LPDDR5X RAM and 512GB UFS 4.0 storage. It features a 6.74-inch 1.5K 120Hz Ultra Clear AMOLED with Aqua Touch wet-finger technology and 2150 nits brightness, a versatile camera array with a Dual 50MP rear camera sensors (Primary OIS + 114-degree Ultrawide) powered by Ultra XDR photography engine, and a 5000mAh battery with 90W Turbo Charge support included in the box.",100208,4.4,Incredible display clarity and high refresh rate make scrolling and gaming super smooth. Charging speed is amazingly fast. Though system software comes with a few preinstalled apps that require manual uninstalling.
,Electronics,Apple,iPhone 15 Special Edition Variant #2309,Sunset Orange,"The Apple iPhone 15 Special Edition is an advanced flagship smartphone offering optimized hardware and clean performance. Driven by the Apple A17 Pro (3nm) chipset with 16GB flagship LPDDR5X RAM paired with massive 1TB UFS 4.0 storage. It features a 6.67-inch 1.5K 3D Curved AMOLED with 120Hz refresh rate, 1800 nits peak brightness and IP68 protection, a versatile camera array with a 200MP Samsung ISOCELL HP3 camera with OIS, 4x in-sensor lossless zoom, 8MP ultrawide, and 2MP macro lens, and a 5000mAh battery supporting 33W fast charging and 5W reverse wired charging.",90209,4.4,Top-notch camera setup with exceptional portrait modes and zoom capability. Software runs smooth without any stutters. Keep in mind that there is no expandable microSD card slot or 3.5mm headphone jack.
,Electronics,Google,Pixel 8 Pro Special Edition Variant #2310,Emerald Green,"The Google Pixel 8 Pro Special Edition is an advanced flagship smartphone offering optimized hardware and clean performance. Driven by the Google Tensor G3 chipset with LPDDR5 RAM and UFS 3.1 high-speed storage. It features a 6.8-inch QHD+ 120Hz Dynamic AMOLED 2X display with 2600 nits peak brightness and Gorilla Armor, a versatile camera array with a 200MP OIS primary sensor, 50MP periscope telephoto with 5x optical zoom, 10MP 3x telephoto, and 12MP ultrawide, and a 5000mAh battery with 45W wired fast charging, 15W wireless charging, and reverse wireless support.",114309,4.4,"Solid battery endurance paired with rapid charging. Handles demanding mobile titles without thermal throttling. However, the camera bump on the back is quite prominent."
,Electronics,Google,Pixel 8a Special Edition Variant #2311,Starlight Silver,"The Google Pixel 8a Special Edition is an advanced mid-range smartphone offering optimized hardware and clean performance. Driven by the MediaTek Dimensity 7200 Pro chipset with LPDDR5X RAM paired with 256GB UFS 4.0 internal storage. It features a 6.7-inch Super Retina XDR OLED display with ProMotion 120Hz adaptive refresh rate and outdoor peak 2000 nits, a versatile camera array with a 48MP main sensor with sensor-shift OIS, 12MP 5x tetraprism optical zoom telephoto, and 12MP ultrawide, and a 4422mAh battery with MagSafe 15W wireless charging and high efficiency battery optimization.",60310,4.4,"Sleek aesthetic design that turns heads. System software is intuitive, responsive, and packed with practical AI features. Though curved display edges occasionally trigger accidental palm touches."
,Electronics,OnePlus,12 5G Special Edition Variant #2312,Glacier White,"The OnePlus 12 5G Special Edition is an advanced flagship smartphone offering optimized hardware and clean performance. Driven by the Qualcomm Snapdragon 8 Gen 3 chipset with 12GB LPDDR5X ultra-fast RAM and 256GB UFS 4.0 storage. It features a 6.7-inch Super Actua LTPO OLED display with 1-120Hz variable refresh rate and 2400 nits peak brightness, a versatile camera array with a 50MP primary camera with OIS, 48MP ultrawide with macro focus, and 48MP telephoto with 5x optical zoom, and a 5050mAh battery with 30W wired charging and 23W wireless charging capability.",70311,4.4,"Extremely satisfied with the purchase! The camera quality is outstanding, especially in low light, and the battery comfortably lasts over a day. However, the phone is slightly heavy for single-handed use."
,Electronics,OnePlus,12R 5G Special Edition Variant #2313,Asteroid Black,"The OnePlus 12R 5G Special Edition is an advanced upper mid-range smartphone offering optimized hardware and clean performance. Driven by the Qualcomm Snapdragon 8s Gen 3 chipset with 12GB LPDDR5X RAM with generous 512GB UFS 4.0 storage. It features a 6.82-inch 2K 120Hz Curved LTPO AMOLED display with 4500 nits peak brightness and Dolby Vision, a versatile camera array with a 50MP Sony LYT-808 primary sensor, 64MP periscope telephoto (3x optical, 120x digital), and 48MP ultrawide with Hasselblad color tuning, and a 5400mAh dual-cell battery supported by 100W SUPERVOOC fast charging (0-100% in 26 mins) and 50W AIRVOOC wireless.",43312,4.4,Blazing fast performance for daily multitasking and heavy gaming. The display is vibrant and easily readable under bright sunlight. Though the secondary ultrawide camera could be slightly better in low light.
,Electronics,Xiaomi,14 Ultra 5G Special Edition Variant #2314,Ocean Cyan,"The Xiaomi 14 Ultra 5G Special Edition is an advanced flagship smartphone offering optimized hardware and clean performance. Driven by the Google Tensor G3 chipset with 16GB heavy-multitasking LPDDR5X RAM and 512GB UFS 4.0 storage. It features a 6.78-inch 1.5K 144Hz 8T LTPO AMOLED display with 3000 nits brightness and 2160Hz PWM dimming, a versatile camera array with a 1-inch 50MP Sony LYT-900 primary camera with stepless variable aperture (f/1.63-f/4.0) co-engineered with Leica, and a 5000mAh graphite battery with 120W FlashCharge (0-100% in ~27 mins).",110313,4.4,"Great value for money smartphone in this price point. Clean UI experience and fast charging makes daily usage hassle-free. On the downside, charging speed could be slightly faster compared to rivals."
,Electronics,Xiaomi,14 Civi Special Edition Variant #2315,Peach Fuzz,"The Xiaomi 14 Civi Special Edition is an advanced upper mid-range smartphone offering optimized hardware and clean performance. Driven by the MediaTek Dimensity 8300 Ultra chipset with 16GB flagship LPDDR5X RAM paired with massive 1TB UFS 4.0 storage. It features a 6.67-inch 1.5K 120Hz CrystalRes AMOLED display with Dolby Vision and Gorilla Glass Victus, a versatile camera array with a 50MP 1-inch Sony IMX989 sensor with OIS, 50MP ZEISS APO Floating Telephoto with 4.3x optical zoom and ZEISS T* anti-reflective coating, and a 5500mAh dual-cell battery with 120W SUPERVOOC superfast charging.",48314,4.4,"The build quality feels high-end and comfortable to hold. Photos taken with the main lens are sharp with natural color tones. However, a fast wall adapter is not included inside the box."
,Electronics,Vivo,X100 Pro 5G Special Edition Variant #2316,Phantom Black,"The Vivo X100 Pro 5G Special Edition is an advanced flagship smartphone offering optimized hardware and clean performance. Driven by the Qualcomm Snapdragon 8 Gen 3 chipset with LPDDR5 RAM and UFS 3.1 high-speed storage. It features a 6.7-inch 120Hz Flexible AMOLED screen with 1300 nits brightness and iconic transparent Glyph LED interface, a versatile camera array with a 50MP Sony LYT-808 main camera with OIS, 50MP telephoto portrait lens (2x optical zoom), and Next AI image processing, and a 5200mAh silicon-carbon high density battery with 100W wired and 66W wireless charging.",95315,4.4,Incredible display clarity and high refresh rate make scrolling and gaming super smooth. Charging speed is amazingly fast. Though system software comes with a few preinstalled apps that require manual uninstalling.
,Electronics,Vivo,V30 Pro 5G Special Edition Variant #2317,Titanium Gray,"The Vivo V30 Pro 5G Special Edition is an advanced mid-range smartphone offering optimized hardware and clean performance. Driven by the MediaTek Dimensity 7200 Pro chipset with LPDDR5X RAM paired with 256GB UFS 4.0 internal storage. It features a 6.6-inch FHD+ 120Hz Super AMOLED display with Knox Vault security and Vision Booster, a versatile camera array with a 50MP primary sensor with OIS, 50MP ultrawide with macro mode, and 64MP periscope telephoto with 3x optical zoom, and a 5500mAh heavy-duty battery with 100W SUPERVOOC charging maintaining health over 4 years.",47316,4.4,Top-notch camera setup with exceptional portrait modes and zoom capability. Software runs smooth without any stutters. Keep in mind that there is no expandable microSD card slot or 3.5mm headphone jack.
,Electronics,iQOO,12 5G Special Edition Variant #2318,Natural Titanium,"The iQOO 12 5G Special Edition is an advanced performance flagship smartphone offering optimized hardware and clean performance. Driven by the MediaTek Dimensity 9300 chipset with 12GB LPDDR5X ultra-fast RAM and 256GB UFS 4.0 storage. It features a 6.74-inch 1.5K 120Hz Ultra Clear AMOLED with Aqua Touch wet-finger technology and 2150 nits brightness, a versatile camera array with a Dual 50MP rear camera sensors (Primary OIS + 114-degree Ultrawide) powered by Ultra XDR photography engine, and a 5000mAh battery with 90W Turbo Charge support included in the box.",58317,4.4,"Solid battery endurance paired with rapid charging. Handles demanding mobile titles without thermal throttling. However, the camera bump on the back is quite prominent."
,Electronics,iQOO,Neo 9 Pro 5G Special Edition Variant #2319,Oasis Green,"The iQOO Neo 9 Pro 5G Special Edition is an advanced performance mid-range smartphone offering optimized hardware and clean performance. Driven by the Qualcomm Snapdragon 8 Gen 2 chipset with 12GB LPDDR5X RAM with generous 512GB UFS 4.0 storage. It features a 6.67-inch 1.5K 3D Curved AMOLED with 120Hz refresh rate, 1800 nits peak brightness and IP68 protection, a versatile camera array with a 200MP Samsung ISOCELL HP3 camera with OIS, 4x in-sensor lossless zoom, 8MP ultrawide, and 2MP macro lens, and a 5000mAh battery supporting 33W fast charging and 5W reverse wired charging.",38318,4.4,"Sleek aesthetic design that turns heads. System software is intuitive, responsive, and packed with practical AI features. Though curved display edges occasionally trigger accidental palm touches."
,Electronics,Realme,GT 6 5G Special Edition Variant #2320,Midnight Blue,"The Realme GT 6 5G Special Edition is an advanced upper mid-range smartphone offering optimized hardware and clean performance. Driven by the Qualcomm Snapdragon 7+ Gen 3 chipset with 16GB heavy-multitasking LPDDR5X RAM and 512GB UFS 4.0 storage. It features a 6.8-inch QHD+ 120Hz Dynamic AMOLED 2X display with 2600 nits peak brightness and Gorilla Armor, a versatile camera array with a 200MP OIS primary sensor, 50MP periscope telephoto with 5x optical zoom, 10MP 3x telephoto, and 12MP ultrawide, and a 5000mAh battery with 45W wired fast charging, 15W wireless charging, and reverse wireless support.",43319,4.4,"Extremely satisfied with the purchase! The camera quality is outstanding, especially in low light, and the battery comfortably lasts over a day. However, the phone is slightly heavy for single-handed use."
,Electronics,Realme,GT 6T 5G Special Edition Variant #2321,Sunset Orange,"The Realme GT 6T 5G Special Edition is an advanced mid-range smartphone offering optimized hardware and clean performance. Driven by the Exynos 1480 (4nm) chipset with 16GB flagship LPDDR5X RAM paired with massive 1TB UFS 4.0 storage. It features a 6.7-inch Super Retina XDR OLED display with ProMotion 120Hz adaptive refresh rate and outdoor peak 2000 nits, a versatile camera array with a 48MP main sensor with sensor-shift OIS, 12MP 5x tetraprism optical zoom telephoto, and 12MP ultrawide, and a 4422mAh battery with MagSafe 15W wireless charging and high efficiency battery optimization.",33320,4.4,Blazing fast performance for daily multitasking and heavy gaming. The display is vibrant and easily readable under bright sunlight. Though the secondary ultrawide camera could be slightly better in low light.
,Electronics,Motorola,Edge 50 Ultra Special Edition Variant #2322,Emerald Green,"The Motorola Edge 50 Ultra Special Edition is an advanced flagship smartphone offering optimized hardware and clean performance. Driven by the Google Tensor G3 chipset with LPDDR5 RAM and UFS 3.1 high-speed storage. It features a 6.7-inch Super Actua LTPO OLED display with 1-120Hz variable refresh rate and 2400 nits peak brightness, a versatile camera array with a 50MP primary camera with OIS, 48MP ultrawide with macro focus, and 48MP telephoto with 5x optical zoom, and a 5050mAh battery with 30W wired charging and 23W wireless charging capability.",65321,4.4,"Great value for money smartphone in this price point. Clean UI experience and fast charging makes daily usage hassle-free. On the downside, charging speed could be slightly faster compared to rivals."
,Electronics,Motorola,Edge 50 Pro Special Edition Variant #2323,Starlight Silver,"The Motorola Edge 50 Pro Special Edition is an advanced mid-range smartphone offering optimized hardware and clean performance. Driven by the MediaTek Dimensity 7200 Pro chipset with LPDDR5X RAM paired with 256GB UFS 4.0 internal storage. It features a 6.82-inch 2K 120Hz Curved LTPO AMOLED display with 4500 nits peak brightness and Dolby Vision, a versatile camera array with a 50MP Sony LYT-808 primary sensor, 64MP periscope telephoto (3x optical, 120x digital), and 48MP ultrawide with Hasselblad color tuning, and a 5400mAh dual-cell battery supported by 100W SUPERVOOC fast charging (0-100% in 26 mins) and 50W AIRVOOC wireless.",36322,4.4,"The build quality feels high-end and comfortable to hold. Photos taken with the main lens are sharp with natural color tones. However, a fast wall adapter is not included inside the box."
,Electronics,Motorola,Edge 50 Fusion Special Edition Variant #2324,Glacier White,"The Motorola Edge 50 Fusion Special Edition is an advanced budget mid-range smartphone offering optimized hardware and clean performance. Driven by the Snapdragon 7s Gen 2 chipset with 12GB LPDDR5X ultra-fast RAM and 256GB UFS 4.0 storage. It features a 6.78-inch 1.5K 144Hz 8T LTPO AMOLED display with 3000 nits brightness and 2160Hz PWM dimming, a versatile camera array with a 1-inch 50MP Sony LYT-900 primary camera with stepless variable aperture (f/1.63-f/4.0) co-engineered with Leica, and a 5000mAh graphite battery with 120W FlashCharge (0-100% in ~27 mins).",25323,4.4,Incredible display clarity and high refresh rate make scrolling and gaming super smooth. Charging speed is amazingly fast. Though system software comes with a few preinstalled apps that require manual uninstalling.
,Electronics,Nothing,Phone  Special Edition Variant #2325,2,"The Nothing Phone (2) Special Edition is an advanced upper mid-range smartphone offering optimized hardware and clean performance. Driven by the Qualcomm Snapdragon 8s Gen 3 chipset with 12GB LPDDR5X RAM with generous 512GB UFS 4.0 storage. It features a 6.67-inch 1.5K 120Hz CrystalRes AMOLED display with Dolby Vision and Gorilla Glass Victus, a versatile camera array with a 50MP 1-inch Sony IMX989 sensor with OIS, 50MP ZEISS APO Floating Telephoto with 4.3x optical zoom and ZEISS T* anti-reflective coating, and a 5500mAh dual-cell battery with 120W SUPERVOOC superfast charging.",40324,4.4,Top-notch camera setup with exceptional portrait modes and zoom capability. Software runs smooth without any stutters. Keep in mind that there is no expandable microSD card slot or 3.5mm headphone jack.
,Electronics,Nothing,Phone  Special Edition Variant #2326,2a,"The Nothing Phone (2a) Special Edition is an advanced budget mid-range smartphone offering optimized hardware and clean performance. Driven by the MediaTek Dimensity 7050 chipset with 16GB heavy-multitasking LPDDR5X RAM and 512GB UFS 4.0 storage. It features a 6.7-inch 120Hz Flexible AMOLED screen with 1300 nits brightness and iconic transparent Glyph LED interface, a versatile camera array with a 50MP Sony LYT-808 main camera with OIS, 50MP telephoto portrait lens (2x optical zoom), and Next AI image processing, and a 5200mAh silicon-carbon high density battery with 100W wired and 66W wireless charging.",26325,4.4,"Solid battery endurance paired with rapid charging. Handles demanding mobile titles without thermal throttling. However, the camera bump on the back is quite prominent."
,Electronics,POCO,F6 Pro 5G Special Edition Variant #2327,Peach Fuzz,"The Poco F6 Pro 5G Special Edition is an advanced performance mid-range smartphone offering optimized hardware and clean performance. Driven by the MediaTek Dimensity 8300 Ultra chipset with 16GB flagship LPDDR5X RAM paired with massive 1TB UFS 4.0 storage. It features a 6.6-inch FHD+ 120Hz Super AMOLED display with Knox Vault security and Vision Booster, a versatile camera array with a 50MP primary sensor with OIS, 50MP ultrawide with macro mode, and 64MP periscope telephoto with 3x optical zoom, and a 5500mAh heavy-duty battery with 100W SUPERVOOC charging maintaining health over 4 years.",42326,4.4,"Sleek aesthetic design that turns heads. System software is intuitive, responsive, and packed with practical AI features. Though curved display edges occasionally trigger accidental palm touches."
,Electronics,POCO,F6 5G Special Edition Variant #2328,Phantom Black,"The Poco F6 5G Special Edition is an advanced performance budget smartphone offering optimized hardware and clean performance. Driven by the Qualcomm Snapdragon 8s Gen 3 chipset with LPDDR5 RAM and UFS 3.1 high-speed storage. It features a 6.74-inch 1.5K 120Hz Ultra Clear AMOLED with Aqua Touch wet-finger technology and 2150 nits brightness, a versatile camera array with a Dual 50MP rear camera sensors (Primary OIS + 114-degree Ultrawide) powered by Ultra XDR photography engine, and a 5000mAh battery with 90W Turbo Charge support included in the box.",32327,4.4,"Extremely satisfied with the purchase! The camera quality is outstanding, especially in low light, and the battery comfortably lasts over a day. However, the phone is slightly heavy for single-handed use."
,Electronics,POCO,X6 Pro 5G Special Edition Variant #2329,Titanium Gray,"The Poco X6 Pro 5G Special Edition is an advanced performance budget smartphone offering optimized hardware and clean performance. Driven by the MediaTek Dimensity 8300 Ultra chipset with LPDDR5X RAM paired with 256GB UFS 4.0 internal storage. It features a 6.67-inch 1.5K 3D Curved AMOLED with 120Hz refresh rate, 1800 nits peak brightness and IP68 protection, a versatile camera array with a 200MP Samsung ISOCELL HP3 camera with OIS, 4x in-sensor lossless zoom, 8MP ultrawide, and 2MP macro lens, and a 5000mAh battery supporting 33W fast charging and 5W reverse wired charging.",27328,4.4,Blazing fast performance for daily multitasking and heavy gaming. The display is vibrant and easily readable under bright sunlight. Though the secondary ultrawide camera could be slightly better in low light.
,Electronics,Samsung,Galaxy A55 5G Special Edition Variant #2330,Natural Titanium,"The Samsung Galaxy A55 5G Special Edition is an advanced mid-range smartphone offering optimized hardware and clean performance. Driven by the Exynos 1480 (4nm) chipset with 12GB LPDDR5X ultra-fast RAM and 256GB UFS 4.0 storage. It features a 6.8-inch QHD+ 120Hz Dynamic AMOLED 2X display with 2600 nits peak brightness and Gorilla Armor, a versatile camera array with a 200MP OIS primary sensor, 50MP periscope telephoto with 5x optical zoom, 10MP 3x telephoto, and 12MP ultrawide, and a 5000mAh battery with 45W wired fast charging, 15W wireless charging, and reverse wireless support.",43329,4.4,"Great value for money smartphone in this price point. Clean UI experience and fast charging makes daily usage hassle-free. On the downside, charging speed could be slightly faster compared to rivals."
,Electronics,Samsung,Galaxy A35 5G Special Edition Variant #2331,Oasis Green,"The Samsung Galaxy A35 5G Special Edition is an advanced budget mid-range smartphone offering optimized hardware and clean performance. Driven by the Qualcomm Snapdragon 6 Gen 1 chipset with 12GB LPDDR5X RAM with generous 512GB UFS 4.0 storage. It features a 6.7-inch Super Retina XDR OLED display with ProMotion 120Hz adaptive refresh rate and outdoor peak 2000 nits, a versatile camera array with a 48MP main sensor with sensor-shift OIS, 12MP 5x tetraprism optical zoom telephoto, and 12MP ultrawide, and a 4422mAh battery with MagSafe 15W wireless charging and high efficiency battery optimization.",31330,4.4,"The build quality feels high-end and comfortable to hold. Photos taken with the main lens are sharp with natural color tones. However, a fast wall adapter is not included inside the box."
,Electronics,Samsung,Galaxy M55 5G Special Edition Variant #2332,Midnight Blue,"The Samsung Galaxy M55 5G Special Edition is an advanced budget mid-range smartphone offering optimized hardware and clean performance. Driven by the MediaTek Dimensity 7050 chipset with 16GB heavy-multitasking LPDDR5X RAM and 512GB UFS 4.0 storage. It features a 6.7-inch Super Actua LTPO OLED display with 1-120Hz variable refresh rate and 2400 nits peak brightness, a versatile camera array with a 50MP primary camera with OIS, 48MP ultrawide with macro focus, and 48MP telephoto with 5x optical zoom, and a 5050mAh battery with 30W wired charging and 23W wireless charging capability.",27331,4.4,Incredible display clarity and high refresh rate make scrolling and gaming super smooth. Charging speed is amazingly fast. Though system software comes with a few preinstalled apps that require manual uninstalling.
,Electronics,OnePlus,Nord 4 5G Special Edition Variant #2333,Sunset Orange,"The OnePlus Nord 4 5G Special Edition is an advanced mid-range smartphone offering optimized hardware and clean performance. Driven by the Exynos 1480 (4nm) chipset with 16GB flagship LPDDR5X RAM paired with massive 1TB UFS 4.0 storage. It features a 6.82-inch 2K 120Hz Curved LTPO AMOLED display with 4500 nits peak brightness and Dolby Vision, a versatile camera array with a 50MP Sony LYT-808 primary sensor, 64MP periscope telephoto (3x optical, 120x digital), and 48MP ultrawide with Hasselblad color tuning, and a 5400mAh dual-cell battery supported by 100W SUPERVOOC fast charging (0-100% in 26 mins) and 50W AIRVOOC wireless.",33332,4.4,Top-notch camera setup with exceptional portrait modes and zoom capability. Software runs smooth without any stutters. Keep in mind that there is no expandable microSD card slot or 3.5mm headphone jack.
,Electronics,OnePlus,Nord CE 4 5G Special Edition Variant #2334,Emerald Green,"The OnePlus Nord CE 4 5G Special Edition is an advanced budget mid-range smartphone offering optimized hardware and clean performance. Driven by the Qualcomm Snapdragon 6 Gen 1 chipset with LPDDR5 RAM and UFS 3.1 high-speed storage. It features a 6.78-inch 1.5K 144Hz 8T LTPO AMOLED display with 3000 nits brightness and 2160Hz PWM dimming, a versatile camera array with a 1-inch 50MP Sony LYT-900 primary camera with stepless variable aperture (f/1.63-f/4.0) co-engineered with Leica, and a 5000mAh graphite battery with 120W FlashCharge (0-100% in ~27 mins).",27333,4.4,"Solid battery endurance paired with rapid charging. Handles demanding mobile titles without thermal throttling. However, the camera bump on the back is quite prominent."
,Electronics,Redmi,Note 13 Pro+ 5G Special Edition Variant #2335,Starlight Silver,"The Redmi Note 13 Pro+ 5G Special Edition is an advanced mid-range smartphone offering optimized hardware and clean performance. Driven by the MediaTek Dimensity 7200 Pro chipset with LPDDR5X RAM paired with 256GB UFS 4.0 internal storage. It features a 6.67-inch 1.5K 120Hz CrystalRes AMOLED display with Dolby Vision and Gorilla Glass Victus, a versatile camera array with a 50MP 1-inch Sony IMX989 sensor with OIS, 50MP ZEISS APO Floating Telephoto with 4.3x optical zoom and ZEISS T* anti-reflective coating, and a 5500mAh dual-cell battery with 120W SUPERVOOC superfast charging.",34334,4.4,"Sleek aesthetic design that turns heads. System software is intuitive, responsive, and packed with practical AI features. Though curved display edges occasionally trigger accidental palm touches."
,Electronics,Redmi,Note 13 Pro 5G Special Edition Variant #2336,Glacier White,"The Redmi Note 13 Pro 5G Special Edition is an advanced budget mid-range smartphone offering optimized hardware and clean performance. Driven by the Snapdragon 7s Gen 2 chipset with 12GB LPDDR5X ultra-fast RAM and 256GB UFS 4.0 storage. It features a 6.7-inch 120Hz Flexible AMOLED screen with 1300 nits brightness and iconic transparent Glyph LED interface, a versatile camera array with a 50MP Sony LYT-808 main camera with OIS, 50MP telephoto portrait lens (2x optical zoom), and Next AI image processing, and a 5200mAh silicon-carbon high density battery with 100W wired and 66W wireless charging.",27335,4.4,"Extremely satisfied with the purchase! The camera quality is outstanding, especially in low light, and the battery comfortably lasts over a day. However, the phone is slightly heavy for single-handed use."
,Electronics,Redmi,Note 13 5G Special Edition Variant #2337,Asteroid Black,"The Redmi Note 13 5G Special Edition is an advanced budget smartphone offering optimized hardware and clean performance. Driven by the MediaTek Dimensity 7300 5G chipset with 12GB LPDDR5X RAM with generous 512GB UFS 4.0 storage. It features a 6.6-inch FHD+ 120Hz Super AMOLED display with Knox Vault security and Vision Booster, a versatile camera array with a 50MP primary sensor with OIS, 50MP ultrawide with macro mode, and 64MP periscope telephoto with 3x optical zoom, and a 5500mAh heavy-duty battery with 100W SUPERVOOC charging maintaining health over 4 years.",19336,4.4,Blazing fast performance for daily multitasking and heavy gaming. The display is vibrant and easily readable under bright sunlight. Though the secondary ultrawide camera could be slightly better in low light.
,Electronics,Honor,200 Pro 5G Special Edition Variant #2338,Ocean Cyan,"The Honor 200 Pro 5G Special Edition is an advanced upper mid-range smartphone offering optimized hardware and clean performance. Driven by the Qualcomm Snapdragon 7+ Gen 3 chipset with 16GB heavy-multitasking LPDDR5X RAM and 512GB UFS 4.0 storage. It features a 6.74-inch 1.5K 120Hz Ultra Clear AMOLED with Aqua Touch wet-finger technology and 2150 nits brightness, a versatile camera array with a Dual 50MP rear camera sensors (Primary OIS + 114-degree Ultrawide) powered by Ultra XDR photography engine, and a 5000mAh battery with 90W Turbo Charge support included in the box.",62337,4.4,"Great value for money smartphone in this price point. Clean UI experience and fast charging makes daily usage hassle-free. On the downside, charging speed could be slightly faster compared to rivals."
,Electronics,Honor,200 5G Special Edition Variant #2339,Peach Fuzz,"The Honor 200 5G Special Edition is an advanced mid-range smartphone offering optimized hardware and clean performance. Driven by the Exynos 1480 (4nm) chipset with 16GB flagship LPDDR5X RAM paired with massive 1TB UFS 4.0 storage. It features a 6.67-inch 1.5K 3D Curved AMOLED with 120Hz refresh rate, 1800 nits peak brightness and IP68 protection, a versatile camera array with a 200MP Samsung ISOCELL HP3 camera with OIS, 4x in-sensor lossless zoom, 8MP ultrawide, and 2MP macro lens, and a 5000mAh battery supporting 33W fast charging and 5W reverse wired charging.",38338,4.4,"The build quality feels high-end and comfortable to hold. Photos taken with the main lens are sharp with natural color tones. However, a fast wall adapter is not included inside the box."
,Electronics,Nothing,CMF by  Phone 1 Special Edition Variant #2340,Phantom Black,"The CMF by Nothing Phone 1 Special Edition is an advanced budget smartphone offering optimized hardware and clean performance. Driven by the MediaTek Dimensity 7300 5G chipset with LPDDR5 RAM and UFS 3.1 high-speed storage. It features a 6.8-inch QHD+ 120Hz Dynamic AMOLED 2X display with 2600 nits peak brightness and Gorilla Armor, a versatile camera array with a 200MP OIS primary sensor, 50MP periscope telephoto with 5x optical zoom, 10MP 3x telephoto, and 12MP ultrawide, and a 5000mAh battery with 45W wired fast charging, 15W wireless charging, and reverse wireless support.",18339,4.4,Incredible display clarity and high refresh rate make scrolling and gaming super smooth. Charging speed is amazingly fast. Though system software comes with a few preinstalled apps that require manual uninstalling.
,Electronics,Realme,12 Pro+ 5G Special Edition Variant #2341,Titanium Gray,"The Realme 12 Pro+ 5G Special Edition is an advanced mid-range smartphone offering optimized hardware and clean performance. Driven by the MediaTek Dimensity 7200 Pro chipset with LPDDR5X RAM paired with 256GB UFS 4.0 internal storage. It features a 6.7-inch Super Retina XDR OLED display with ProMotion 120Hz adaptive refresh rate and outdoor peak 2000 nits, a versatile camera array with a 48MP main sensor with sensor-shift OIS, 12MP 5x tetraprism optical zoom telephoto, and 12MP ultrawide, and a 4422mAh battery with MagSafe 15W wireless charging and high efficiency battery optimization.",32340,4.4,Top-notch camera setup with exceptional portrait modes and zoom capability. Software runs smooth without any stutters. Keep in mind that there is no expandable microSD card slot or 3.5mm headphone jack.
,Electronics,Realme,P1 Pro 5G Special Edition Variant #2342,Natural Titanium,"The Realme P1 Pro 5G Special Edition is an advanced budget smartphone offering optimized hardware and clean performance. Driven by the MediaTek Dimensity 6080 chipset with 12GB LPDDR5X ultra-fast RAM and 256GB UFS 4.0 storage. It features a 6.7-inch Super Actua LTPO OLED display with 1-120Hz variable refresh rate and 2400 nits peak brightness, a versatile camera array with a 50MP primary camera with OIS, 48MP ultrawide with macro focus, and 48MP telephoto with 5x optical zoom, and a 5050mAh battery with 30W wired charging and 23W wireless charging capability.",22341,4.4,"Solid battery endurance paired with rapid charging. Handles demanding mobile titles without thermal throttling. However, the camera bump on the back is quite prominent."
,Electronics,Vivo,T3 Pro 5G Special Edition Variant #2343,Oasis Green,"The Vivo T3 Pro 5G Special Edition is an advanced budget mid-range smartphone offering optimized hardware and clean performance. Driven by the Qualcomm Snapdragon 6 Gen 1 chipset with 12GB LPDDR5X RAM with generous 512GB UFS 4.0 storage. It features a 6.82-inch 2K 120Hz Curved LTPO AMOLED display with 4500 nits peak brightness and Dolby Vision, a versatile camera array with a 50MP Sony LYT-808 primary sensor, 64MP periscope telephoto (3x optical, 120x digital), and 48MP ultrawide with Hasselblad color tuning, and a 5400mAh dual-cell battery supported by 100W SUPERVOOC fast charging (0-100% in 26 mins) and 50W AIRVOOC wireless.",27342,4.4,"Sleek aesthetic design that turns heads. System software is intuitive, responsive, and packed with practical AI features. Though curved display edges occasionally trigger accidental palm touches."
,Electronics,iQOO,Z9 Turbo 5G Special Edition Variant #2344,Midnight Blue,"The iQOO Z9 Turbo 5G Special Edition is an advanced budget mid-range smartphone offering optimized hardware and clean performance. Driven by the MediaTek Dimensity 7050 chipset with 16GB heavy-multitasking LPDDR5X RAM and 512GB UFS 4.0 storage. It features a 6.78-inch 1.5K 144Hz 8T LTPO AMOLED display with 3000 nits brightness and 2160Hz PWM dimming, a versatile camera array with a 1-inch 50MP Sony LYT-900 primary camera with stepless variable aperture (f/1.63-f/4.0) co-engineered with Leica, and a 5000mAh graphite battery with 120W FlashCharge (0-100% in ~27 mins).",24343,4.4,"Extremely satisfied with the purchase! The camera quality is outstanding, especially in low light, and the battery comfortably lasts over a day. However, the phone is slightly heavy for single-handed use."
,Electronics,Samsung,Galaxy Z Fold 5 5G Special Edition Variant #2345,Sunset Orange,"The Samsung Galaxy Z Fold 5 5G Special Edition is an advanced foldable flagship smartphone offering optimized hardware and clean performance. Driven by the MediaTek Dimensity 9000+ chipset with 16GB flagship LPDDR5X RAM paired with massive 1TB UFS 4.0 storage. It features a 6.67-inch 1.5K 120Hz CrystalRes AMOLED display with Dolby Vision and Gorilla Glass Victus, a versatile camera array with a 50MP 1-inch Sony IMX989 sensor with OIS, 50MP ZEISS APO Floating Telephoto with 4.3x optical zoom and ZEISS T* anti-reflective coating, and a 5500mAh dual-cell battery with 120W SUPERVOOC superfast charging.",165344,4.4,Blazing fast performance for daily multitasking and heavy gaming. The display is vibrant and easily readable under bright sunlight. Though the secondary ultrawide camera could be slightly better in low light.
,Electronics,Samsung,Galaxy Z Flip 5 5G Special Edition Variant #2346,Emerald Green,"The Samsung Galaxy Z Flip 5 5G Special Edition is an advanced foldable flagship smartphone offering optimized hardware and clean performance. Driven by the Qualcomm Snapdragon 8 Gen 3 chipset with LPDDR5 RAM and UFS 3.1 high-speed storage. It features a 6.7-inch 120Hz Flexible AMOLED screen with 1300 nits brightness and iconic transparent Glyph LED interface, a versatile camera array with a 50MP Sony LYT-808 main camera with OIS, 50MP telephoto portrait lens (2x optical zoom), and Next AI image processing, and a 5200mAh silicon-carbon high density battery with 100W wired and 66W wireless charging.",110345,4.4,"Great value for money smartphone in this price point. Clean UI experience and fast charging makes daily usage hassle-free. On the downside, charging speed could be slightly faster compared to rivals."
,Electronics,Motorola,Razr 50 Ultra 5G Special Edition Variant #2347,Starlight Silver,"The Motorola Razr 50 Ultra 5G Special Edition is an advanced foldable flagship smartphone offering optimized hardware and clean performance. Driven by the Qualcomm Snapdragon 8 Gen 2 chipset with LPDDR5X RAM paired with 256GB UFS 4.0 internal storage. It features a 6.6-inch FHD+ 120Hz Super AMOLED display with Knox Vault security and Vision Booster, a versatile camera array with a 50MP primary sensor with OIS, 50MP ultrawide with macro mode, and 64MP periscope telephoto with 3x optical zoom, and a 5500mAh heavy-duty battery with 100W SUPERVOOC charging maintaining health over 4 years.",95346,4.4,"The build quality feels high-end and comfortable to hold. Photos taken with the main lens are sharp with natural color tones. However, a fast wall adapter is not included inside the box."
,Electronics,Tecno,Phantom V Fold 5G Special Edition Variant #2348,Glacier White,"The Tecno Phantom V Fold 5G Special Edition is an advanced foldable flagship smartphone offering optimized hardware and clean performance. Driven by the MediaTek Dimensity 9000+ chipset with 12GB LPDDR5X ultra-fast RAM and 256GB UFS 4.0 storage. It features a 6.74-inch 1.5K 120Hz Ultra Clear AMOLED with Aqua Touch wet-finger technology and 2150 nits brightness, a versatile camera array with a Dual 50MP rear camera sensors (Primary OIS + 114-degree Ultrawide) powered by Ultra XDR photography engine, and a 5000mAh battery with 90W Turbo Charge support included in the box.",75347,4.4,Incredible display clarity and high refresh rate make scrolling and gaming super smooth. Charging speed is amazingly fast. Though system software comes with a few preinstalled apps that require manual uninstalling.
,Electronics,Tecno,Phantom V Flip 5G Special Edition Variant #2349,Asteroid Black,"The Tecno Phantom V Flip 5G Special Edition is an advanced foldable mid-range smartphone offering optimized hardware and clean performance. Driven by the MediaTek Dimensity 8050 5G chipset with 12GB LPDDR5X RAM with generous 512GB UFS 4.0 storage. It features a 6.67-inch 1.5K 3D Curved AMOLED with 120Hz refresh rate, 1800 nits peak brightness and IP68 protection, a versatile camera array with a 200MP Samsung ISOCELL HP3 camera with OIS, 4x in-sensor lossless zoom, 8MP ultrawide, and 2MP macro lens, and a 5000mAh battery supporting 33W fast charging and 5W reverse wired charging.",53348,4.4,Top-notch camera setup with exceptional portrait modes and zoom capability. Software runs smooth without any stutters. Keep in mind that there is no expandable microSD card slot or 3.5mm headphone jack.
,Electronics,ASUS,ROG Phone 8 Pro 5G Special Edition Variant #2350,Ocean Cyan,"The Asus ROG Phone 8 Pro 5G Special Edition is an advanced gaming flagship smartphone offering optimized hardware and clean performance. Driven by the Qualcomm Snapdragon 8 Gen 3 with dedicated GameCool vapour cooling chipset with 16GB heavy-multitasking LPDDR5X RAM and 512GB UFS 4.0 storage. It features a 6.8-inch QHD+ 120Hz Dynamic AMOLED 2X display with 2600 nits peak brightness and Gorilla Armor, a versatile camera array with a 200MP OIS primary sensor, 50MP periscope telephoto with 5x optical zoom, 10MP 3x telephoto, and 12MP ultrawide, and a 5000mAh battery with 45W wired fast charging, 15W wireless charging, and reverse wireless support.",100349,4.4,"Solid battery endurance paired with rapid charging. Handles demanding mobile titles without thermal throttling. However, the camera bump on the back is quite prominent."
,Electronics,ASUS,ROG Phone 8 5G Special Edition Variant #2351,Peach Fuzz,"The Asus ROG Phone 8 5G Special Edition is an advanced gaming flagship smartphone offering optimized hardware and clean performance. Driven by the Qualcomm Snapdragon 8 Gen 3 with dedicated GameCool vapour cooling chipset with 16GB flagship LPDDR5X RAM paired with massive 1TB UFS 4.0 storage. It features a 6.7-inch Super Retina XDR OLED display with ProMotion 120Hz adaptive refresh rate and outdoor peak 2000 nits, a versatile camera array with a 48MP main sensor with sensor-shift OIS, 12MP 5x tetraprism optical zoom telephoto, and 12MP ultrawide, and a 4422mAh battery with MagSafe 15W wireless charging and high efficiency battery optimization.",85350,4.4,"Sleek aesthetic design that turns heads. System software is intuitive, responsive, and packed with practical AI features. Though curved display edges occasionally trigger accidental palm touches."
,Electronics,Samsung,Galaxy S24 Ultra Special Edition Variant #2352,Phantom Black,"The Samsung Galaxy S24 Ultra Special Edition is an advanced flagship smartphone offering optimized hardware and clean performance. Driven by the Qualcomm Snapdragon 8 Gen 3 chipset with LPDDR5 RAM and UFS 3.1 high-speed storage. It features a 6.7-inch Super Actua LTPO OLED display with 1-120Hz variable refresh rate and 2400 nits peak brightness, a versatile camera array with a 50MP primary camera with OIS, 48MP ultrawide with macro focus, and 48MP telephoto with 5x optical zoom, and a 5050mAh battery with 30W wired charging and 23W wireless charging capability.",140351,4.4,"Extremely satisfied with the purchase! The camera quality is outstanding, especially in low light, and the battery comfortably lasts over a day. However, the phone is slightly heavy for single-handed use."
,Electronics,Samsung,Galaxy S24 Plus Special Edition Variant #2353,Titanium Gray,"The Samsung Galaxy S24 Plus Special Edition is an advanced flagship smartphone offering optimized hardware and clean performance. Driven by the Apple A17 Pro (3nm) chipset with LPDDR5X RAM paired with 256GB UFS 4.0 internal storage. It features a 6.82-inch 2K 120Hz Curved LTPO AMOLED display with 4500 nits peak brightness and Dolby Vision, a versatile camera array with a 50MP Sony LYT-808 primary sensor, 64MP periscope telephoto (3x optical, 120x digital), and 48MP ultrawide with Hasselblad color tuning, and a 5400mAh dual-cell battery supported by 100W SUPERVOOC fast charging (0-100% in 26 mins) and 50W AIRVOOC wireless.",110352,4.4,Blazing fast performance for daily multitasking and heavy gaming. The display is vibrant and easily readable under bright sunlight. Though the secondary ultrawide camera could be slightly better in low light.
,Electronics,Samsung,Galaxy S24 Special Edition Variant #2354,Natural Titanium,"The Samsung Galaxy S24 Special Edition is an advanced flagship smartphone offering optimized hardware and clean performance. Driven by the Google Tensor G3 chipset with 12GB LPDDR5X ultra-fast RAM and 256GB UFS 4.0 storage. It features a 6.78-inch 1.5K 144Hz 8T LTPO AMOLED display with 3000 nits brightness and 2160Hz PWM dimming, a versatile camera array with a 1-inch 50MP Sony LYT-900 primary camera with stepless variable aperture (f/1.63-f/4.0) co-engineered with Leica, and a 5000mAh graphite battery with 120W FlashCharge (0-100% in ~27 mins).",80353,4.4,"Great value for money smartphone in this price point. Clean UI experience and fast charging makes daily usage hassle-free. On the downside, charging speed could be slightly faster compared to rivals."
,Electronics,Apple,iPhone 15 Pro Max Special Edition Variant #2355,Oasis Green,"The Apple iPhone 15 Pro Max Special Edition is an advanced flagship smartphone offering optimized hardware and clean performance. Driven by the MediaTek Dimensity 9300 chipset with 12GB LPDDR5X RAM with generous 512GB UFS 4.0 storage. It features a 6.67-inch 1.5K 120Hz CrystalRes AMOLED display with Dolby Vision and Gorilla Glass Victus, a versatile camera array with a 50MP 1-inch Sony IMX989 sensor with OIS, 50MP ZEISS APO Floating Telephoto with 4.3x optical zoom and ZEISS T* anti-reflective coating, and a 5500mAh dual-cell battery with 120W SUPERVOOC superfast charging.",180255,4.4,"The build quality feels high-end and comfortable to hold. Photos taken with the main lens are sharp with natural color tones. However, a fast wall adapter is not included inside the box."
,Electronics,Apple,iPhone 15 Pro Special Edition Variant #2356,Midnight Blue,"The Apple iPhone 15 Pro Special Edition is an advanced flagship smartphone offering optimized hardware and clean performance. Driven by the Qualcomm Snapdragon 8 Gen 3 chipset with 16GB heavy-multitasking LPDDR5X RAM and 512GB UFS 4.0 storage. It features a 6.7-inch 120Hz Flexible AMOLED screen with 1300 nits brightness and iconic transparent Glyph LED interface, a versatile camera array with a 50MP Sony LYT-808 main camera with OIS, 50MP telephoto portrait lens (2x optical zoom), and Next AI image processing, and a 5200mAh silicon-carbon high density battery with 100W wired and 66W wireless charging.",145256,4.4,Incredible display clarity and high refresh rate make scrolling and gaming super smooth. Charging speed is amazingly fast. Though system software comes with a few preinstalled apps that require manual uninstalling.
,Electronics,Apple,iPhone 15 Plus Special Edition Variant #2357,Sunset Orange,"The Apple iPhone 15 Plus Special Edition is an advanced flagship smartphone offering optimized hardware and clean performance. Driven by the Apple A17 Pro (3nm) chipset with 16GB flagship LPDDR5X RAM paired with massive 1TB UFS 4.0 storage. It features a 6.6-inch FHD+ 120Hz Super AMOLED display with Knox Vault security and Vision Booster, a versatile camera array with a 50MP primary sensor with OIS, 50MP ultrawide with macro mode, and 64MP periscope telephoto with 3x optical zoom, and a 5500mAh heavy-duty battery with 100W SUPERVOOC charging maintaining health over 4 years.",100257,4.4,Top-notch camera setup with exceptional portrait modes and zoom capability. Software runs smooth without any stutters. Keep in mind that there is no expandable microSD card slot or 3.5mm headphone jack.
,Electronics,Apple,iPhone 15 Special Edition Variant #2358,Emerald Green,"The Apple iPhone 15 Special Edition is an advanced flagship smartphone offering optimized hardware and clean performance. Driven by the Google Tensor G3 chipset with LPDDR5 RAM and UFS 3.1 high-speed storage. It features a 6.74-inch 1.5K 120Hz Ultra Clear AMOLED with Aqua Touch wet-finger technology and 2150 nits brightness, a versatile camera array with a Dual 50MP rear camera sensors (Primary OIS + 114-degree Ultrawide) powered by Ultra XDR photography engine, and a 5000mAh battery with 90W Turbo Charge support included in the box.",90258,4.4,"Solid battery endurance paired with rapid charging. Handles demanding mobile titles without thermal throttling. However, the camera bump on the back is quite prominent."
,Electronics,Google,Pixel 8 Pro Special Edition Variant #2359,Starlight Silver,"The Google Pixel 8 Pro Special Edition is an advanced flagship smartphone offering optimized hardware and clean performance. Driven by the MediaTek Dimensity 9300 chipset with LPDDR5X RAM paired with 256GB UFS 4.0 internal storage. It features a 6.67-inch 1.5K 3D Curved AMOLED with 120Hz refresh rate, 1800 nits peak brightness and IP68 protection, a versatile camera array with a 200MP Samsung ISOCELL HP3 camera with OIS, 4x in-sensor lossless zoom, 8MP ultrawide, and 2MP macro lens, and a 5000mAh battery supporting 33W fast charging and 5W reverse wired charging.",114358,4.4,"Sleek aesthetic design that turns heads. System software is intuitive, responsive, and packed with practical AI features. Though curved display edges occasionally trigger accidental palm touches."
,Electronics,Google,Pixel 8a Special Edition Variant #2360,Glacier White,"The Google Pixel 8a Special Edition is an advanced mid-range smartphone offering optimized hardware and clean performance. Driven by the Exynos 1480 (4nm) chipset with 12GB LPDDR5X ultra-fast RAM and 256GB UFS 4.0 storage. It features a 6.8-inch QHD+ 120Hz Dynamic AMOLED 2X display with 2600 nits peak brightness and Gorilla Armor, a versatile camera array with a 200MP OIS primary sensor, 50MP periscope telephoto with 5x optical zoom, 10MP 3x telephoto, and 12MP ultrawide, and a 5000mAh battery with 45W wired fast charging, 15W wireless charging, and reverse wireless support.",60359,4.4,"Extremely satisfied with the purchase! The camera quality is outstanding, especially in low light, and the battery comfortably lasts over a day. However, the phone is slightly heavy for single-handed use."
,Electronics,OnePlus,12 5G Special Edition Variant #2361,Asteroid Black,"The OnePlus 12 5G Special Edition is an advanced flagship smartphone offering optimized hardware and clean performance. Driven by the Apple A17 Pro (3nm) chipset with 12GB LPDDR5X RAM with generous 512GB UFS 4.0 storage. It features a 6.7-inch Super Retina XDR OLED display with ProMotion 120Hz adaptive refresh rate and outdoor peak 2000 nits, a versatile camera array with a 48MP main sensor with sensor-shift OIS, 12MP 5x tetraprism optical zoom telephoto, and 12MP ultrawide, and a 4422mAh battery with MagSafe 15W wireless charging and high efficiency battery optimization.",70360,4.4,Blazing fast performance for daily multitasking and heavy gaming. The display is vibrant and easily readable under bright sunlight. Though the secondary ultrawide camera could be slightly better in low light.
,Electronics,OnePlus,12R 5G Special Edition Variant #2362,Ocean Cyan,"The OnePlus 12R 5G Special Edition is an advanced upper mid-range smartphone offering optimized hardware and clean performance. Driven by the Qualcomm Snapdragon 7+ Gen 3 chipset with 16GB heavy-multitasking LPDDR5X RAM and 512GB UFS 4.0 storage. It features a 6.7-inch Super Actua LTPO OLED display with 1-120Hz variable refresh rate and 2400 nits peak brightness, a versatile camera array with a 50MP primary camera with OIS, 48MP ultrawide with macro focus, and 48MP telephoto with 5x optical zoom, and a 5050mAh battery with 30W wired charging and 23W wireless charging capability.",43361,4.4,"Great value for money smartphone in this price point. Clean UI experience and fast charging makes daily usage hassle-free. On the downside, charging speed could be slightly faster compared to rivals."
,Electronics,Xiaomi,14 Ultra 5G Special Edition Variant #2363,Peach Fuzz,"The Xiaomi 14 Ultra 5G Special Edition is an advanced flagship smartphone offering optimized hardware and clean performance. Driven by the MediaTek Dimensity 9300 chipset with 16GB flagship LPDDR5X RAM paired with massive 1TB UFS 4.0 storage. It features a 6.82-inch 2K 120Hz Curved LTPO AMOLED display with 4500 nits peak brightness and Dolby Vision, a versatile camera array with a 50MP Sony LYT-808 primary sensor, 64MP periscope telephoto (3x optical, 120x digital), and 48MP ultrawide with Hasselblad color tuning, and a 5400mAh dual-cell battery supported by 100W SUPERVOOC fast charging (0-100% in 26 mins) and 50W AIRVOOC wireless.",110362,4.4,"The build quality feels high-end and comfortable to hold. Photos taken with the main lens are sharp with natural color tones. However, a fast wall adapter is not included inside the box."
,Electronics,Xiaomi,14 Civi Special Edition Variant #2364,Phantom Black,"The Xiaomi 14 Civi Special Edition is an advanced upper mid-range smartphone offering optimized hardware and clean performance. Driven by the Qualcomm Snapdragon 8s Gen 3 chipset with LPDDR5 RAM and UFS 3.1 high-speed storage. It features a 6.78-inch 1.5K 144Hz 8T LTPO AMOLED display with 3000 nits brightness and 2160Hz PWM dimming, a versatile camera array with a 1-inch 50MP Sony LYT-900 primary camera with stepless variable aperture (f/1.63-f/4.0) co-engineered with Leica, and a 5000mAh graphite battery with 120W FlashCharge (0-100% in ~27 mins).",48363,4.4,Incredible display clarity and high refresh rate make scrolling and gaming super smooth. Charging speed is amazingly fast. Though system software comes with a few preinstalled apps that require manual uninstalling.
,Electronics,Vivo,X100 Pro 5G Special Edition Variant #2365,Titanium Gray,"The Vivo X100 Pro 5G Special Edition is an advanced flagship smartphone offering optimized hardware and clean performance. Driven by the Apple A17 Pro (3nm) chipset with LPDDR5X RAM paired with 256GB UFS 4.0 internal storage. It features a 6.67-inch 1.5K 120Hz CrystalRes AMOLED display with Dolby Vision and Gorilla Glass Victus, a versatile camera array with a 50MP 1-inch Sony IMX989 sensor with OIS, 50MP ZEISS APO Floating Telephoto with 4.3x optical zoom and ZEISS T* anti-reflective coating, and a 5500mAh dual-cell battery with 120W SUPERVOOC superfast charging.",95364,4.4,Top-notch camera setup with exceptional portrait modes and zoom capability. Software runs smooth without any stutters. Keep in mind that there is no expandable microSD card slot or 3.5mm headphone jack.
,Electronics,Vivo,V30 Pro 5G Special Edition Variant #2366,Natural Titanium,"The Vivo V30 Pro 5G Special Edition is an advanced mid-range smartphone offering optimized hardware and clean performance. Driven by the Exynos 1480 (4nm) chipset with 12GB LPDDR5X ultra-fast RAM and 256GB UFS 4.0 storage. It features a 6.7-inch 120Hz Flexible AMOLED screen with 1300 nits brightness and iconic transparent Glyph LED interface, a versatile camera array with a 50MP Sony LYT-808 main camera with OIS, 50MP telephoto portrait lens (2x optical zoom), and Next AI image processing, and a 5200mAh silicon-carbon high density battery with 100W wired and 66W wireless charging.",47365,4.4,"Solid battery endurance paired with rapid charging. Handles demanding mobile titles without thermal throttling. However, the camera bump on the back is quite prominent."
,Electronics,iQOO,12 5G Special Edition Variant #2367,Oasis Green,"The iQOO 12 5G Special Edition is an advanced performance flagship smartphone offering optimized hardware and clean performance. Driven by the Qualcomm Snapdragon 8 Gen 3 chipset with 12GB LPDDR5X RAM with generous 512GB UFS 4.0 storage. It features a 6.6-inch FHD+ 120Hz Super AMOLED display with Knox Vault security and Vision Booster, a versatile camera array with a 50MP primary sensor with OIS, 50MP ultrawide with macro mode, and 64MP periscope telephoto with 3x optical zoom, and a 5500mAh heavy-duty battery with 100W SUPERVOOC charging maintaining health over 4 years.",58366,4.4,"Sleek aesthetic design that turns heads. System software is intuitive, responsive, and packed with practical AI features. Though curved display edges occasionally trigger accidental palm touches."
,Electronics,iQOO,Neo 9 Pro 5G Special Edition Variant #2368,Midnight Blue,"The iQOO Neo 9 Pro 5G Special Edition is an advanced performance mid-range smartphone offering optimized hardware and clean performance. Driven by the Qualcomm Snapdragon 7+ Gen 3 chipset with 16GB heavy-multitasking LPDDR5X RAM and 512GB UFS 4.0 storage. It features a 6.74-inch 1.5K 120Hz Ultra Clear AMOLED with Aqua Touch wet-finger technology and 2150 nits brightness, a versatile camera array with a Dual 50MP rear camera sensors (Primary OIS + 114-degree Ultrawide) powered by Ultra XDR photography engine, and a 5000mAh battery with 90W Turbo Charge support included in the box.",38367,4.4,"Extremely satisfied with the purchase! The camera quality is outstanding, especially in low light, and the battery comfortably lasts over a day. However, the phone is slightly heavy for single-handed use."
,Electronics,Realme,GT 6 5G Special Edition Variant #2369,Sunset Orange,"The Realme GT 6 5G Special Edition is an advanced upper mid-range smartphone offering optimized hardware and clean performance. Driven by the MediaTek Dimensity 8300 Ultra chipset with 16GB flagship LPDDR5X RAM paired with massive 1TB UFS 4.0 storage. It features a 6.67-inch 1.5K 3D Curved AMOLED with 120Hz refresh rate, 1800 nits peak brightness and IP68 protection, a versatile camera array with a 200MP Samsung ISOCELL HP3 camera with OIS, 4x in-sensor lossless zoom, 8MP ultrawide, and 2MP macro lens, and a 5000mAh battery supporting 33W fast charging and 5W reverse wired charging.",43368,4.4,Blazing fast performance for daily multitasking and heavy gaming. The display is vibrant and easily readable under bright sunlight. Though the secondary ultrawide camera could be slightly better in low light.
,Electronics,Realme,GT 6T 5G Special Edition Variant #2370,Emerald Green,"The Realme GT 6T 5G Special Edition is an advanced mid-range smartphone offering optimized hardware and clean performance. Driven by the Qualcomm Snapdragon 7 Gen 3 chipset with LPDDR5 RAM and UFS 3.1 high-speed storage. It features a 6.8-inch QHD+ 120Hz Dynamic AMOLED 2X display with 2600 nits peak brightness and Gorilla Armor, a versatile camera array with a 200MP OIS primary sensor, 50MP periscope telephoto with 5x optical zoom, 10MP 3x telephoto, and 12MP ultrawide, and a 5000mAh battery with 45W wired fast charging, 15W wireless charging, and reverse wireless support.",33369,4.4,"Great value for money smartphone in this price point. Clean UI experience and fast charging makes daily usage hassle-free. On the downside, charging speed could be slightly faster compared to rivals."
,Electronics,Motorola,Edge 50 Ultra Special Edition Variant #2371,Starlight Silver,"The Motorola Edge 50 Ultra Special Edition is an advanced flagship smartphone offering optimized hardware and clean performance. Driven by the MediaTek Dimensity 9300 chipset with LPDDR5X RAM paired with 256GB UFS 4.0 internal storage. It features a 6.7-inch Super Retina XDR OLED display with ProMotion 120Hz adaptive refresh rate and outdoor peak 2000 nits, a versatile camera array with a 48MP main sensor with sensor-shift OIS, 12MP 5x tetraprism optical zoom telephoto, and 12MP ultrawide, and a 4422mAh battery with MagSafe 15W wireless charging and high efficiency battery optimization.",65370,4.4,"The build quality feels high-end and comfortable to hold. Photos taken with the main lens are sharp with natural color tones. However, a fast wall adapter is not included inside the box."
,Electronics,Motorola,Edge 50 Pro Special Edition Variant #2372,Glacier White,"The Motorola Edge 50 Pro Special Edition is an advanced mid-range smartphone offering optimized hardware and clean performance. Driven by the Exynos 1480 (4nm) chipset with 12GB LPDDR5X ultra-fast RAM and 256GB UFS 4.0 storage. It features a 6.7-inch Super Actua LTPO OLED display with 1-120Hz variable refresh rate and 2400 nits peak brightness, a versatile camera array with a 50MP primary camera with OIS, 48MP ultrawide with macro focus, and 48MP telephoto with 5x optical zoom, and a 5050mAh battery with 30W wired charging and 23W wireless charging capability.",36371,4.4,Incredible display clarity and high refresh rate make scrolling and gaming super smooth. Charging speed is amazingly fast. Though system software comes with a few preinstalled apps that require manual uninstalling.
,Electronics,Motorola,Edge 50 Fusion Special Edition Variant #2373,Asteroid Black,"The Motorola Edge 50 Fusion Special Edition is an advanced budget mid-range smartphone offering optimized hardware and clean performance. Driven by the Qualcomm Snapdragon 6 Gen 1 chipset with 12GB LPDDR5X RAM with generous 512GB UFS 4.0 storage. It features a 6.82-inch 2K 120Hz Curved LTPO AMOLED display with 4500 nits peak brightness and Dolby Vision, a versatile camera array with a 50MP Sony LYT-808 primary sensor, 64MP periscope telephoto (3x optical, 120x digital), and 48MP ultrawide with Hasselblad color tuning, and a 5400mAh dual-cell battery supported by 100W SUPERVOOC fast charging (0-100% in 26 mins) and 50W AIRVOOC wireless.",25372,4.4,Top-notch camera setup with exceptional portrait modes and zoom capability. Software runs smooth without any stutters. Keep in mind that there is no expandable microSD card slot or 3.5mm headphone jack.
,Electronics,Nothing,Phone  Special Edition Variant #2374,2,"The Nothing Phone (2) Special Edition is an advanced upper mid-range smartphone offering optimized hardware and clean performance. Driven by the Qualcomm Snapdragon 7+ Gen 3 chipset with 16GB heavy-multitasking LPDDR5X RAM and 512GB UFS 4.0 storage. It features a 6.78-inch 1.5K 144Hz 8T LTPO AMOLED display with 3000 nits brightness and 2160Hz PWM dimming, a versatile camera array with a 1-inch 50MP Sony LYT-900 primary camera with stepless variable aperture (f/1.63-f/4.0) co-engineered with Leica, and a 5000mAh graphite battery with 120W FlashCharge (0-100% in ~27 mins).",40373,4.4,"Solid battery endurance paired with rapid charging. Handles demanding mobile titles without thermal throttling. However, the camera bump on the back is quite prominent."
,Electronics,Nothing,Phone  Special Edition Variant #2375,2a,"The Nothing Phone (2a) Special Edition is an advanced budget mid-range smartphone offering optimized hardware and clean performance. Driven by the Snapdragon 7s Gen 2 chipset with 16GB flagship LPDDR5X RAM paired with massive 1TB UFS 4.0 storage. It features a 6.67-inch 1.5K 120Hz CrystalRes AMOLED display with Dolby Vision and Gorilla Glass Victus, a versatile camera array with a 50MP 1-inch Sony IMX989 sensor with OIS, 50MP ZEISS APO Floating Telephoto with 4.3x optical zoom and ZEISS T* anti-reflective coating, and a 5500mAh dual-cell battery with 120W SUPERVOOC superfast charging.",26374,4.4,"Sleek aesthetic design that turns heads. System software is intuitive, responsive, and packed with practical AI features. Though curved display edges occasionally trigger accidental palm touches."
,Electronics,POCO,F6 Pro 5G Special Edition Variant #2376,Phantom Black,"The Poco F6 Pro 5G Special Edition is an advanced performance mid-range smartphone offering optimized hardware and clean performance. Driven by the Qualcomm Snapdragon 8 Gen 2 chipset with LPDDR5 RAM and UFS 3.1 high-speed storage. It features a 6.7-inch 120Hz Flexible AMOLED screen with 1300 nits brightness and iconic transparent Glyph LED interface, a versatile camera array with a 50MP Sony LYT-808 main camera with OIS, 50MP telephoto portrait lens (2x optical zoom), and Next AI image processing, and a 5200mAh silicon-carbon high density battery with 100W wired and 66W wireless charging.",42375,4.4,"Extremely satisfied with the purchase! The camera quality is outstanding, especially in low light, and the battery comfortably lasts over a day. However, the phone is slightly heavy for single-handed use."
,Electronics,POCO,F6 5G Special Edition Variant #2377,Titanium Gray,"The Poco F6 5G Special Edition is an advanced performance budget smartphone offering optimized hardware and clean performance. Driven by the MediaTek Dimensity 8300 Ultra chipset with LPDDR5X RAM paired with 256GB UFS 4.0 internal storage. It features a 6.6-inch FHD+ 120Hz Super AMOLED display with Knox Vault security and Vision Booster, a versatile camera array with a 50MP primary sensor with OIS, 50MP ultrawide with macro mode, and 64MP periscope telephoto with 3x optical zoom, and a 5500mAh heavy-duty battery with 100W SUPERVOOC charging maintaining health over 4 years.",32376,4.4,Blazing fast performance for daily multitasking and heavy gaming. The display is vibrant and easily readable under bright sunlight. Though the secondary ultrawide camera could be slightly better in low light.
,Electronics,POCO,X6 Pro 5G Special Edition Variant #2378,Natural Titanium,"The Poco X6 Pro 5G Special Edition is an advanced performance budget smartphone offering optimized hardware and clean performance. Driven by the Qualcomm Snapdragon 8s Gen 3 chipset with 12GB LPDDR5X ultra-fast RAM and 256GB UFS 4.0 storage. It features a 6.74-inch 1.5K 120Hz Ultra Clear AMOLED with Aqua Touch wet-finger technology and 2150 nits brightness, a versatile camera array with a Dual 50MP rear camera sensors (Primary OIS + 114-degree Ultrawide) powered by Ultra XDR photography engine, and a 5000mAh battery with 90W Turbo Charge support included in the box.",27377,4.4,"Great value for money smartphone in this price point. Clean UI experience and fast charging makes daily usage hassle-free. On the downside, charging speed could be slightly faster compared to rivals."
,Electronics,Samsung,Galaxy A55 5G Special Edition Variant #2379,Oasis Green,"The Samsung Galaxy A55 5G Special Edition is an advanced mid-range smartphone offering optimized hardware and clean performance. Driven by the Qualcomm Snapdragon 7 Gen 3 chipset with 12GB LPDDR5X RAM with generous 512GB UFS 4.0 storage. It features a 6.67-inch 1.5K 3D Curved AMOLED with 120Hz refresh rate, 1800 nits peak brightness and IP68 protection, a versatile camera array with a 200MP Samsung ISOCELL HP3 camera with OIS, 4x in-sensor lossless zoom, 8MP ultrawide, and 2MP macro lens, and a 5000mAh battery supporting 33W fast charging and 5W reverse wired charging.",43378,4.4,"The build quality feels high-end and comfortable to hold. Photos taken with the main lens are sharp with natural color tones. However, a fast wall adapter is not included inside the box."
,Electronics,Samsung,Galaxy A35 5G Special Edition Variant #2380,Midnight Blue,"The Samsung Galaxy A35 5G Special Edition is an advanced budget mid-range smartphone offering optimized hardware and clean performance. Driven by the MediaTek Dimensity 7050 chipset with 16GB heavy-multitasking LPDDR5X RAM and 512GB UFS 4.0 storage. It features a 6.8-inch QHD+ 120Hz Dynamic AMOLED 2X display with 2600 nits peak brightness and Gorilla Armor, a versatile camera array with a 200MP OIS primary sensor, 50MP periscope telephoto with 5x optical zoom, 10MP 3x telephoto, and 12MP ultrawide, and a 5000mAh battery with 45W wired fast charging, 15W wireless charging, and reverse wireless support.",31379,4.4,Incredible display clarity and high refresh rate make scrolling and gaming super smooth. Charging speed is amazingly fast. Though system software comes with a few preinstalled apps that require manual uninstalling.
,Electronics,Samsung,Galaxy M55 5G Special Edition Variant #2381,Sunset Orange,"The Samsung Galaxy M55 5G Special Edition is an advanced budget mid-range smartphone offering optimized hardware and clean performance. Driven by the Snapdragon 7s Gen 2 chipset with 16GB flagship LPDDR5X RAM paired with massive 1TB UFS 4.0 storage. It features a 6.7-inch Super Retina XDR OLED display with ProMotion 120Hz adaptive refresh rate and outdoor peak 2000 nits, a versatile camera array with a 48MP main sensor with sensor-shift OIS, 12MP 5x tetraprism optical zoom telephoto, and 12MP ultrawide, and a 4422mAh battery with MagSafe 15W wireless charging and high efficiency battery optimization.",27380,4.4,Top-notch camera setup with exceptional portrait modes and zoom capability. Software runs smooth without any stutters. Keep in mind that there is no expandable microSD card slot or 3.5mm headphone jack.
,Electronics,OnePlus,Nord 4 5G Special Edition Variant #2382,Emerald Green,"The OnePlus Nord 4 5G Special Edition is an advanced mid-range smartphone offering optimized hardware and clean performance. Driven by the Qualcomm Snapdragon 7 Gen 3 chipset with LPDDR5 RAM and UFS 3.1 high-speed storage. It features a 6.7-inch Super Actua LTPO OLED display with 1-120Hz variable refresh rate and 2400 nits peak brightness, a versatile camera array with a 50MP primary camera with OIS, 48MP ultrawide with macro focus, and 48MP telephoto with 5x optical zoom, and a 5050mAh battery with 30W wired charging and 23W wireless charging capability.",33381,4.4,"Solid battery endurance paired with rapid charging. Handles demanding mobile titles without thermal throttling. However, the camera bump on the back is quite prominent."
,Electronics,OnePlus,Nord CE 4 5G Special Edition Variant #2383,Starlight Silver,"The OnePlus Nord CE 4 5G Special Edition is an advanced budget mid-range smartphone offering optimized hardware and clean performance. Driven by the MediaTek Dimensity 7050 chipset with LPDDR5X RAM paired with 256GB UFS 4.0 internal storage. It features a 6.82-inch 2K 120Hz Curved LTPO AMOLED display with 4500 nits peak brightness and Dolby Vision, a versatile camera array with a 50MP Sony LYT-808 primary sensor, 64MP periscope telephoto (3x optical, 120x digital), and 48MP ultrawide with Hasselblad color tuning, and a 5400mAh dual-cell battery supported by 100W SUPERVOOC fast charging (0-100% in 26 mins) and 50W AIRVOOC wireless.",27382,4.4,"Sleek aesthetic design that turns heads. System software is intuitive, responsive, and packed with practical AI features. Though curved display edges occasionally trigger accidental palm touches."
,Electronics,Redmi,Note 13 Pro+ 5G Special Edition Variant #2384,Glacier White,"The Redmi Note 13 Pro+ 5G Special Edition is an advanced mid-range smartphone offering optimized hardware and clean performance. Driven by the Exynos 1480 (4nm) chipset with 12GB LPDDR5X ultra-fast RAM and 256GB UFS 4.0 storage. It features a 6.78-inch 1.5K 144Hz 8T LTPO AMOLED display with 3000 nits brightness and 2160Hz PWM dimming, a versatile camera array with a 1-inch 50MP Sony LYT-900 primary camera with stepless variable aperture (f/1.63-f/4.0) co-engineered with Leica, and a 5000mAh graphite battery with 120W FlashCharge (0-100% in ~27 mins).",34383,4.4,"Extremely satisfied with the purchase! The camera quality is outstanding, especially in low light, and the battery comfortably lasts over a day. However, the phone is slightly heavy for single-handed use."
,Electronics,Redmi,Note 13 Pro 5G Special Edition Variant #2385,Asteroid Black,"The Redmi Note 13 Pro 5G Special Edition is an advanced budget mid-range smartphone offering optimized hardware and clean performance. Driven by the Qualcomm Snapdragon 6 Gen 1 chipset with 12GB LPDDR5X RAM with generous 512GB UFS 4.0 storage. It features a 6.67-inch 1.5K 120Hz CrystalRes AMOLED display with Dolby Vision and Gorilla Glass Victus, a versatile camera array with a 50MP 1-inch Sony IMX989 sensor with OIS, 50MP ZEISS APO Floating Telephoto with 4.3x optical zoom and ZEISS T* anti-reflective coating, and a 5500mAh dual-cell battery with 120W SUPERVOOC superfast charging.",27384,4.4,Blazing fast performance for daily multitasking and heavy gaming. The display is vibrant and easily readable under bright sunlight. Though the secondary ultrawide camera could be slightly better in low light.
,Electronics,Redmi,Note 13 5G Special Edition Variant #2386,Ocean Cyan,"The Redmi Note 13 5G Special Edition is an advanced budget smartphone offering optimized hardware and clean performance. Driven by the Qualcomm Snapdragon 695 5G chipset with 16GB heavy-multitasking LPDDR5X RAM and 512GB UFS 4.0 storage. It features a 6.7-inch 120Hz Flexible AMOLED screen with 1300 nits brightness and iconic transparent Glyph LED interface, a versatile camera array with a 50MP Sony LYT-808 main camera with OIS, 50MP telephoto portrait lens (2x optical zoom), and Next AI image processing, and a 5200mAh silicon-carbon high density battery with 100W wired and 66W wireless charging.",19385,4.4,"Great value for money smartphone in this price point. Clean UI experience and fast charging makes daily usage hassle-free. On the downside, charging speed could be slightly faster compared to rivals."
,Electronics,Honor,200 Pro 5G Special Edition Variant #2387,Peach Fuzz,"The Honor 200 Pro 5G Special Edition is an advanced upper mid-range smartphone offering optimized hardware and clean performance. Driven by the MediaTek Dimensity 8300 Ultra chipset with 16GB flagship LPDDR5X RAM paired with massive 1TB UFS 4.0 storage. It features a 6.6-inch FHD+ 120Hz Super AMOLED display with Knox Vault security and Vision Booster, a versatile camera array with a 50MP primary sensor with OIS, 50MP ultrawide with macro mode, and 64MP periscope telephoto with 3x optical zoom, and a 5500mAh heavy-duty battery with 100W SUPERVOOC charging maintaining health over 4 years.",62386,4.4,"The build quality feels high-end and comfortable to hold. Photos taken with the main lens are sharp with natural color tones. However, a fast wall adapter is not included inside the box."
,Electronics,Honor,200 5G Special Edition Variant #2388,Phantom Black,"The Honor 200 5G Special Edition is an advanced mid-range smartphone offering optimized hardware and clean performance. Driven by the Qualcomm Snapdragon 7 Gen 3 chipset with LPDDR5 RAM and UFS 3.1 high-speed storage. It features a 6.74-inch 1.5K 120Hz Ultra Clear AMOLED with Aqua Touch wet-finger technology and 2150 nits brightness, a versatile camera array with a Dual 50MP rear camera sensors (Primary OIS + 114-degree Ultrawide) powered by Ultra XDR photography engine, and a 5000mAh battery with 90W Turbo Charge support included in the box.",38387,4.4,Incredible display clarity and high refresh rate make scrolling and gaming super smooth. Charging speed is amazingly fast. Though system software comes with a few preinstalled apps that require manual uninstalling.
,Electronics,Nothing,CMF by  Phone 1 Special Edition Variant #2389,Titanium Gray,"The CMF by Nothing Phone 1 Special Edition is an advanced budget smartphone offering optimized hardware and clean performance. Driven by the Qualcomm Snapdragon 695 5G chipset with LPDDR5X RAM paired with 256GB UFS 4.0 internal storage. It features a 6.67-inch 1.5K 3D Curved AMOLED with 120Hz refresh rate, 1800 nits peak brightness and IP68 protection, a versatile camera array with a 200MP Samsung ISOCELL HP3 camera with OIS, 4x in-sensor lossless zoom, 8MP ultrawide, and 2MP macro lens, and a 5000mAh battery supporting 33W fast charging and 5W reverse wired charging.",18388,4.4,Top-notch camera setup with exceptional portrait modes and zoom capability. Software runs smooth without any stutters. Keep in mind that there is no expandable microSD card slot or 3.5mm headphone jack.
,Electronics,Realme,12 Pro+ 5G Special Edition Variant #2390,Natural Titanium,"The Realme 12 Pro+ 5G Special Edition is an advanced mid-range smartphone offering optimized hardware and clean performance. Driven by the Exynos 1480 (4nm) chipset with 12GB LPDDR5X ultra-fast RAM and 256GB UFS 4.0 storage. It features a 6.8-inch QHD+ 120Hz Dynamic AMOLED 2X display with 2600 nits peak brightness and Gorilla Armor, a versatile camera array with a 200MP OIS primary sensor, 50MP periscope telephoto with 5x optical zoom, 10MP 3x telephoto, and 12MP ultrawide, and a 5000mAh battery with 45W wired fast charging, 15W wireless charging, and reverse wireless support.",32389,4.4,"Solid battery endurance paired with rapid charging. Handles demanding mobile titles without thermal throttling. However, the camera bump on the back is quite prominent."
,Electronics,Realme,P1 Pro 5G Special Edition Variant #2391,Oasis Green,"The Realme P1 Pro 5G Special Edition is an advanced budget smartphone offering optimized hardware and clean performance. Driven by the MediaTek Dimensity 7300 5G chipset with 12GB LPDDR5X RAM with generous 512GB UFS 4.0 storage. It features a 6.7-inch Super Retina XDR OLED display with ProMotion 120Hz adaptive refresh rate and outdoor peak 2000 nits, a versatile camera array with a 48MP main sensor with sensor-shift OIS, 12MP 5x tetraprism optical zoom telephoto, and 12MP ultrawide, and a 4422mAh battery with MagSafe 15W wireless charging and high efficiency battery optimization.",22390,4.4,"Sleek aesthetic design that turns heads. System software is intuitive, responsive, and packed with practical AI features. Though curved display edges occasionally trigger accidental palm touches."
,Electronics,Vivo,T3 Pro 5G Special Edition Variant #2392,Midnight Blue,"The Vivo T3 Pro 5G Special Edition is an advanced budget mid-range smartphone offering optimized hardware and clean performance. Driven by the MediaTek Dimensity 7050 chipset with 16GB heavy-multitasking LPDDR5X RAM and 512GB UFS 4.0 storage. It features a 6.7-inch Super Actua LTPO OLED display with 1-120Hz variable refresh rate and 2400 nits peak brightness, a versatile camera array with a 50MP primary camera with OIS, 48MP ultrawide with macro focus, and 48MP telephoto with 5x optical zoom, and a 5050mAh battery with 30W wired charging and 23W wireless charging capability.",27391,4.4,"Extremely satisfied with the purchase! The camera quality is outstanding, especially in low light, and the battery comfortably lasts over a day. However, the phone is slightly heavy for single-handed use."
,Electronics,iQOO,Z9 Turbo 5G Special Edition Variant #2393,Sunset Orange,"The iQOO Z9 Turbo 5G Special Edition is an advanced budget mid-range smartphone offering optimized hardware and clean performance. Driven by the Snapdragon 7s Gen 2 chipset with 16GB flagship LPDDR5X RAM paired with massive 1TB UFS 4.0 storage. It features a 6.82-inch 2K 120Hz Curved LTPO AMOLED display with 4500 nits peak brightness and Dolby Vision, a versatile camera array with a 50MP Sony LYT-808 primary sensor, 64MP periscope telephoto (3x optical, 120x digital), and 48MP ultrawide with Hasselblad color tuning, and a 5400mAh dual-cell battery supported by 100W SUPERVOOC fast charging (0-100% in 26 mins) and 50W AIRVOOC wireless.",24392,4.4,Blazing fast performance for daily multitasking and heavy gaming. The display is vibrant and easily readable under bright sunlight. Though the secondary ultrawide camera could be slightly better in low light.
,Electronics,Samsung,Galaxy Z Fold 5 5G Special Edition Variant #2394,Emerald Green,"The Samsung Galaxy Z Fold 5 5G Special Edition is an advanced foldable flagship smartphone offering optimized hardware and clean performance. Driven by the Qualcomm Snapdragon 8 Gen 3 chipset with LPDDR5 RAM and UFS 3.1 high-speed storage. It features a 6.78-inch 1.5K 144Hz 8T LTPO AMOLED display with 3000 nits brightness and 2160Hz PWM dimming, a versatile camera array with a 1-inch 50MP Sony LYT-900 primary camera with stepless variable aperture (f/1.63-f/4.0) co-engineered with Leica, and a 5000mAh graphite battery with 120W FlashCharge (0-100% in ~27 mins).",165393,4.4,"Great value for money smartphone in this price point. Clean UI experience and fast charging makes daily usage hassle-free. On the downside, charging speed could be slightly faster compared to rivals."
,Electronics,Samsung,Galaxy Z Flip 5 5G Special Edition Variant #2395,Starlight Silver,"The Samsung Galaxy Z Flip 5 5G Special Edition is an advanced foldable flagship smartphone offering optimized hardware and clean performance. Driven by the Qualcomm Snapdragon 8 Gen 2 chipset with LPDDR5X RAM paired with 256GB UFS 4.0 internal storage. It features a 6.67-inch 1.5K 120Hz CrystalRes AMOLED display with Dolby Vision and Gorilla Glass Victus, a versatile camera array with a 50MP 1-inch Sony IMX989 sensor with OIS, 50MP ZEISS APO Floating Telephoto with 4.3x optical zoom and ZEISS T* anti-reflective coating, and a 5500mAh dual-cell battery with 120W SUPERVOOC superfast charging.",110394,4.4,"The build quality feels high-end and comfortable to hold. Photos taken with the main lens are sharp with natural color tones. However, a fast wall adapter is not included inside the box."
,Electronics,Motorola,Razr 50 Ultra 5G Special Edition Variant #2396,Glacier White,"The Motorola Razr 50 Ultra 5G Special Edition is an advanced foldable flagship smartphone offering optimized hardware and clean performance. Driven by the MediaTek Dimensity 9000+ chipset with 12GB LPDDR5X ultra-fast RAM and 256GB UFS 4.0 storage. It features a 6.7-inch 120Hz Flexible AMOLED screen with 1300 nits brightness and iconic transparent Glyph LED interface, a versatile camera array with a 50MP Sony LYT-808 main camera with OIS, 50MP telephoto portrait lens (2x optical zoom), and Next AI image processing, and a 5200mAh silicon-carbon high density battery with 100W wired and 66W wireless charging.",95395,4.4,Incredible display clarity and high refresh rate make scrolling and gaming super smooth. Charging speed is amazingly fast. Though system software comes with a few preinstalled apps that require manual uninstalling.
,Electronics,Tecno,Phantom V Fold 5G Special Edition Variant #2397,Asteroid Black,"The Tecno Phantom V Fold 5G Special Edition is an advanced foldable flagship smartphone offering optimized hardware and clean performance. Driven by the Qualcomm Snapdragon 8 Gen 3 chipset with 12GB LPDDR5X RAM with generous 512GB UFS 4.0 storage. It features a 6.6-inch FHD+ 120Hz Super AMOLED display with Knox Vault security and Vision Booster, a versatile camera array with a 50MP primary sensor with OIS, 50MP ultrawide with macro mode, and 64MP periscope telephoto with 3x optical zoom, and a 5500mAh heavy-duty battery with 100W SUPERVOOC charging maintaining health over 4 years.",75396,4.4,Top-notch camera setup with exceptional portrait modes and zoom capability. Software runs smooth without any stutters. Keep in mind that there is no expandable microSD card slot or 3.5mm headphone jack.
,Electronics,Tecno,Phantom V Flip 5G Special Edition Variant #2398,Ocean Cyan,"The Tecno Phantom V Flip 5G Special Edition is an advanced foldable mid-range smartphone offering optimized hardware and clean performance. Driven by the MediaTek Dimensity 8050 5G chipset with 16GB heavy-multitasking LPDDR5X RAM and 512GB UFS 4.0 storage. It features a 6.74-inch 1.5K 120Hz Ultra Clear AMOLED with Aqua Touch wet-finger technology and 2150 nits brightness, a versatile camera array with a Dual 50MP rear camera sensors (Primary OIS + 114-degree Ultrawide) powered by Ultra XDR photography engine, and a 5000mAh battery with 90W Turbo Charge support included in the box.",53397,4.4,"Solid battery endurance paired with rapid charging. Handles demanding mobile titles without thermal throttling. However, the camera bump on the back is quite prominent."
,Electronics,ASUS,ROG Phone 8 Pro 5G Special Edition Variant #2399,Peach Fuzz,"The Asus ROG Phone 8 Pro 5G Special Edition is an advanced gaming flagship smartphone offering optimized hardware and clean performance. Driven by the Qualcomm Snapdragon 8 Gen 3 with dedicated GameCool vapour cooling chipset with 16GB flagship LPDDR5X RAM paired with massive 1TB UFS 4.0 storage. It features a 6.67-inch 1.5K 3D Curved AMOLED with 120Hz refresh rate, 1800 nits peak brightness and IP68 protection, a versatile camera array with a 200MP Samsung ISOCELL HP3 camera with OIS, 4x in-sensor lossless zoom, 8MP ultrawide, and 2MP macro lens, and a 5000mAh battery supporting 33W fast charging and 5W reverse wired charging.",100398,4.4,"Sleek aesthetic design that turns heads. System software is intuitive, responsive, and packed with practical AI features. Though curved display edges occasionally trigger accidental palm touches."
,Electronics,ASUS,ROG Phone 8 5G Special Edition Variant #2400,Phantom Black,"The Asus ROG Phone 8 5G Special Edition is an advanced gaming flagship smartphone offering optimized hardware and clean performance. Driven by the Qualcomm Snapdragon 8 Gen 3 with dedicated GameCool vapour cooling chipset with LPDDR5 RAM and UFS 3.1 high-speed storage. It features a 6.8-inch QHD+ 120Hz Dynamic AMOLED 2X display with 2600 nits peak brightness and Gorilla Armor, a versatile camera array with a 200MP OIS primary sensor, 50MP periscope telephoto with 5x optical zoom, 10MP 3x telephoto, and 12MP ultrawide, and a 5000mAh battery with 45W wired fast charging, 15W wireless charging, and reverse wireless support.",85399,4.4,"Extremely satisfied with the purchase! The camera quality is outstanding, especially in low light, and the battery comfortably lasts over a day. However, the phone is slightly heavy for single-handed use."
,Electronics,Samsung,Galaxy S24 Ultra Special Edition Variant #2401,Titanium Gray,"The Samsung Galaxy S24 Ultra Special Edition is an advanced flagship smartphone offering optimized hardware and clean performance. Driven by the Apple A17 Pro (3nm) chipset with LPDDR5X RAM paired with 256GB UFS 4.0 internal storage. It features a 6.7-inch Super Retina XDR OLED display with ProMotion 120Hz adaptive refresh rate and outdoor peak 2000 nits, a versatile camera array with a 48MP main sensor with sensor-shift OIS, 12MP 5x tetraprism optical zoom telephoto, and 12MP ultrawide, and a 4422mAh battery with MagSafe 15W wireless charging and high efficiency battery optimization.",140400,4.4,Blazing fast performance for daily multitasking and heavy gaming. The display is vibrant and easily readable under bright sunlight. Though the secondary ultrawide camera could be slightly better in low light.
,Electronics,Samsung,Galaxy S24 Plus Special Edition Variant #2402,Natural Titanium,"The Samsung Galaxy S24 Plus Special Edition is an advanced flagship smartphone offering optimized hardware and clean performance. Driven by the Google Tensor G3 chipset with 12GB LPDDR5X ultra-fast RAM and 256GB UFS 4.0 storage. It features a 6.7-inch Super Actua LTPO OLED display with 1-120Hz variable refresh rate and 2400 nits peak brightness, a versatile camera array with a 50MP primary camera with OIS, 48MP ultrawide with macro focus, and 48MP telephoto with 5x optical zoom, and a 5050mAh battery with 30W wired charging and 23W wireless charging capability.",110401,4.4,"Great value for money smartphone in this price point. Clean UI experience and fast charging makes daily usage hassle-free. On the downside, charging speed could be slightly faster compared to rivals."
,Electronics,Samsung,Galaxy S24 Special Edition Variant #2403,Oasis Green,"The Samsung Galaxy S24 Special Edition is an advanced flagship smartphone offering optimized hardware and clean performance. Driven by the MediaTek Dimensity 9300 chipset with 12GB LPDDR5X RAM with generous 512GB UFS 4.0 storage. It features a 6.82-inch 2K 120Hz Curved LTPO AMOLED display with 4500 nits peak brightness and Dolby Vision, a versatile camera array with a 50MP Sony LYT-808 primary sensor, 64MP periscope telephoto (3x optical, 120x digital), and 48MP ultrawide with Hasselblad color tuning, and a 5400mAh dual-cell battery supported by 100W SUPERVOOC fast charging (0-100% in 26 mins) and 50W AIRVOOC wireless.",80402,4.4,"The build quality feels high-end and comfortable to hold. Photos taken with the main lens are sharp with natural color tones. However, a fast wall adapter is not included inside the box."
,Electronics,Apple,iPhone 15 Pro Max Special Edition Variant #2404,Midnight Blue,"The Apple iPhone 15 Pro Max Special Edition is an advanced flagship smartphone offering optimized hardware and clean performance. Driven by the Qualcomm Snapdragon 8 Gen 3 chipset with 16GB heavy-multitasking LPDDR5X RAM and 512GB UFS 4.0 storage. It features a 6.78-inch 1.5K 144Hz 8T LTPO AMOLED display with 3000 nits brightness and 2160Hz PWM dimming, a versatile camera array with a 1-inch 50MP Sony LYT-900 primary camera with stepless variable aperture (f/1.63-f/4.0) co-engineered with Leica, and a 5000mAh graphite battery with 120W FlashCharge (0-100% in ~27 mins).",180304,4.4,Incredible display clarity and high refresh rate make scrolling and gaming super smooth. Charging speed is amazingly fast. Though system software comes with a few preinstalled apps that require manual uninstalling.
,Electronics,Apple,iPhone 15 Pro Special Edition Variant #2405,Sunset Orange,"The Apple iPhone 15 Pro Special Edition is an advanced flagship smartphone offering optimized hardware and clean performance. Driven by the Apple A17 Pro (3nm) chipset with 16GB flagship LPDDR5X RAM paired with massive 1TB UFS 4.0 storage. It features a 6.67-inch 1.5K 120Hz CrystalRes AMOLED display with Dolby Vision and Gorilla Glass Victus, a versatile camera array with a 50MP 1-inch Sony IMX989 sensor with OIS, 50MP ZEISS APO Floating Telephoto with 4.3x optical zoom and ZEISS T* anti-reflective coating, and a 5500mAh dual-cell battery with 120W SUPERVOOC superfast charging.",145305,4.4,Top-notch camera setup with exceptional portrait modes and zoom capability. Software runs smooth without any stutters. Keep in mind that there is no expandable microSD card slot or 3.5mm headphone jack.
,Electronics,Apple,iPhone 15 Plus Special Edition Variant #2406,Emerald Green,"The Apple iPhone 15 Plus Special Edition is an advanced flagship smartphone offering optimized hardware and clean performance. Driven by the Google Tensor G3 chipset with LPDDR5 RAM and UFS 3.1 high-speed storage. It features a 6.7-inch 120Hz Flexible AMOLED screen with 1300 nits brightness and iconic transparent Glyph LED interface, a versatile camera array with a 50MP Sony LYT-808 main camera with OIS, 50MP telephoto portrait lens (2x optical zoom), and Next AI image processing, and a 5200mAh silicon-carbon high density battery with 100W wired and 66W wireless charging.",100306,4.4,"Solid battery endurance paired with rapid charging. Handles demanding mobile titles without thermal throttling. However, the camera bump on the back is quite prominent."
,Electronics,Apple,iPhone 15 Special Edition Variant #2407,Starlight Silver,"The Apple iPhone 15 Special Edition is an advanced flagship smartphone offering optimized hardware and clean performance. Driven by the MediaTek Dimensity 9300 chipset with LPDDR5X RAM paired with 256GB UFS 4.0 internal storage. It features a 6.6-inch FHD+ 120Hz Super AMOLED display with Knox Vault security and Vision Booster, a versatile camera array with a 50MP primary sensor with OIS, 50MP ultrawide with macro mode, and 64MP periscope telephoto with 3x optical zoom, and a 5500mAh heavy-duty battery with 100W SUPERVOOC charging maintaining health over 4 years.",90307,4.4,"Sleek aesthetic design that turns heads. System software is intuitive, responsive, and packed with practical AI features. Though curved display edges occasionally trigger accidental palm touches."
,Electronics,Google,Pixel 8 Pro Special Edition Variant #2408,Glacier White,"The Google Pixel 8 Pro Special Edition is an advanced flagship smartphone offering optimized hardware and clean performance. Driven by the Qualcomm Snapdragon 8 Gen 3 chipset with 12GB LPDDR5X ultra-fast RAM and 256GB UFS 4.0 storage. It features a 6.74-inch 1.5K 120Hz Ultra Clear AMOLED with Aqua Touch wet-finger technology and 2150 nits brightness, a versatile camera array with a Dual 50MP rear camera sensors (Primary OIS + 114-degree Ultrawide) powered by Ultra XDR photography engine, and a 5000mAh battery with 90W Turbo Charge support included in the box.",114407,4.4,"Extremely satisfied with the purchase! The camera quality is outstanding, especially in low light, and the battery comfortably lasts over a day. However, the phone is slightly heavy for single-handed use."
,Electronics,Google,Pixel 8a Special Edition Variant #2409,Asteroid Black,"The Google Pixel 8a Special Edition is an advanced mid-range smartphone offering optimized hardware and clean performance. Driven by the Qualcomm Snapdragon 7 Gen 3 chipset with 12GB LPDDR5X RAM with generous 512GB UFS 4.0 storage. It features a 6.67-inch 1.5K 3D Curved AMOLED with 120Hz refresh rate, 1800 nits peak brightness and IP68 protection, a versatile camera array with a 200MP Samsung ISOCELL HP3 camera with OIS, 4x in-sensor lossless zoom, 8MP ultrawide, and 2MP macro lens, and a 5000mAh battery supporting 33W fast charging and 5W reverse wired charging.",60408,4.4,Blazing fast performance for daily multitasking and heavy gaming. The display is vibrant and easily readable under bright sunlight. Though the secondary ultrawide camera could be slightly better in low light.
,Electronics,OnePlus,12 5G Special Edition Variant #2410,Ocean Cyan,"The OnePlus 12 5G Special Edition is an advanced flagship smartphone offering optimized hardware and clean performance. Driven by the Google Tensor G3 chipset with 16GB heavy-multitasking LPDDR5X RAM and 512GB UFS 4.0 storage. It features a 6.8-inch QHD+ 120Hz Dynamic AMOLED 2X display with 2600 nits peak brightness and Gorilla Armor, a versatile camera array with a 200MP OIS primary sensor, 50MP periscope telephoto with 5x optical zoom, 10MP 3x telephoto, and 12MP ultrawide, and a 5000mAh battery with 45W wired fast charging, 15W wireless charging, and reverse wireless support.",70409,4.4,"Great value for money smartphone in this price point. Clean UI experience and fast charging makes daily usage hassle-free. On the downside, charging speed could be slightly faster compared to rivals."
,Electronics,OnePlus,12R 5G Special Edition Variant #2411,Peach Fuzz,"The OnePlus 12R 5G Special Edition is an advanced upper mid-range smartphone offering optimized hardware and clean performance. Driven by the MediaTek Dimensity 8300 Ultra chipset with 16GB flagship LPDDR5X RAM paired with massive 1TB UFS 4.0 storage. It features a 6.7-inch Super Retina XDR OLED display with ProMotion 120Hz adaptive refresh rate and outdoor peak 2000 nits, a versatile camera array with a 48MP main sensor with sensor-shift OIS, 12MP 5x tetraprism optical zoom telephoto, and 12MP ultrawide, and a 4422mAh battery with MagSafe 15W wireless charging and high efficiency battery optimization.",43410,4.4,"The build quality feels high-end and comfortable to hold. Photos taken with the main lens are sharp with natural color tones. However, a fast wall adapter is not included inside the box."
